kalea,id,izena
https://izendegi.wikibase.cloud/entity/Q4,10,ASKA KALEA
https://izendegi.wikibase.cloud/entity/Q5,20,ADRIANO VI.AREN KALEA
https://izendegi.wikibase.cloud/entity/Q6,30,ADURTZA KALEA
https://izendegi.wikibase.cloud/entity/Q7,40,AGIRRE MIRAMON KALEA
https://izendegi.wikibase.cloud/entity/Q8,50,AGIRRELANDA KALEA
https://izendegi.wikibase.cloud/entity/Q9,55,AIZKORRI KALEA
https://izendegi.wikibase.cloud/entity/Q10,60,ARABA KALEA
https://izendegi.wikibase.cloud/entity/Q11,70,UHASKA ZAHARREKO KALEA
https://izendegi.wikibase.cloud/entity/Q12,85,ALBERTIA KALEA
https://izendegi.wikibase.cloud/entity/Q13,90,ALBOKA KALEA
https://izendegi.wikibase.cloud/entity/Q14,100,ALDABE KALEA
https://izendegi.wikibase.cloud/entity/Q15,101,ALDABE PLAZATXOA
https://izendegi.wikibase.cloud/entity/Q16,116,ALFONTSO XI.AREN KALEA
https://izendegi.wikibase.cloud/entity/Q17,117,ALFREDO DONNAY KALEA
https://izendegi.wikibase.cloud/entity/Q18,120,ALIBARRA KALEA
https://izendegi.wikibase.cloud/entity/Q19,125,ALONSO SARRIA ZIDORRA
https://izendegi.wikibase.cloud/entity/Q20,130,AMADEO GARCIA DE SALAZAR PLAZA
https://izendegi.wikibase.cloud/entity/Q21,135,AMARIKA PLAZA
https://izendegi.wikibase.cloud/entity/Q22,150,AMIZKARRA KALEA
https://izendegi.wikibase.cloud/entity/Q23,160,AMURRIO KALEA
https://izendegi.wikibase.cloud/entity/Q24,165,ANBOTO KALEA
https://izendegi.wikibase.cloud/entity/Q25,170,EL ANCORA PASABIDEA
https://izendegi.wikibase.cloud/entity/Q26,180,PASCUAL ANDAGOIA PLAZA
https://izendegi.wikibase.cloud/entity/Q27,190,ANDALUZIA KALEA
https://izendegi.wikibase.cloud/entity/Q28,191,IBERNALOKO ANDRE MARIAREN KALEA
https://izendegi.wikibase.cloud/entity/Q29,192,ANGOSTOKO ANDRE MARIAREN KALEA
https://izendegi.wikibase.cloud/entity/Q30,193,ARTEKO ANDRE MARIAREN KALEA
https://izendegi.wikibase.cloud/entity/Q31,194,ESKOLUNBEKO ANDRE MARIAREN KALEA
https://izendegi.wikibase.cloud/entity/Q32,195,ANGLO-VASCOAREN KALEA
https://izendegi.wikibase.cloud/entity/Q33,200,ANORBIN KANTOIA
https://izendegi.wikibase.cloud/entity/Q34,210,ANTONIA MARIA DE OVIEDO KALEA
https://izendegi.wikibase.cloud/entity/Q35,215,ANTONIO DE SUCRE KALEA
https://izendegi.wikibase.cloud/entity/Q36,220,AÑANAKO TALDEAREN KALEA
https://izendegi.wikibase.cloud/entity/Q37,230,ARAKA KALEA
https://izendegi.wikibase.cloud/entity/Q38,240,ARAGOI KALEA
https://izendegi.wikibase.cloud/entity/Q39,245,ARAMANGELU KALEA
https://izendegi.wikibase.cloud/entity/Q40,250,ARANBIZKARRA KALEA
https://izendegi.wikibase.cloud/entity/Q41,251,ARANBIZKARREKO PARKEA
https://izendegi.wikibase.cloud/entity/Q42,260,ARANA KALEA
https://izendegi.wikibase.cloud/entity/Q43,280,ARANEKO  PARKEA
https://izendegi.wikibase.cloud/entity/Q44,283,ARANGUTXI KALEA
https://izendegi.wikibase.cloud/entity/Q45,285,ARANZABAL KALEA
https://izendegi.wikibase.cloud/entity/Q46,290,ARANTZABELA KALEA
https://izendegi.wikibase.cloud/entity/Q47,291,ARANTZABELAKO PARKEA
https://izendegi.wikibase.cloud/entity/Q48,292,ARANTZABELA PLAZA
https://izendegi.wikibase.cloud/entity/Q49,295,ARATZ KALEA
https://izendegi.wikibase.cloud/entity/Q50,300,ARKA KALEA
https://izendegi.wikibase.cloud/entity/Q51,301,ARKA PLAZA
https://izendegi.wikibase.cloud/entity/Q52,310,ARKATXA KALEA
https://izendegi.wikibase.cloud/entity/Q53,320,AREITIO KALEA
https://izendegi.wikibase.cloud/entity/Q54,330,ARGENTINA KALEA
https://izendegi.wikibase.cloud/entity/Q55,340,ARIZNABARRA KALEA
https://izendegi.wikibase.cloud/entity/Q56,349,ARIZNABARRETA KALEA
https://izendegi.wikibase.cloud/entity/Q57,350,ARMENTIAGANA
https://izendegi.wikibase.cloud/entity/Q58,367,ARMENTIABIDEA
https://izendegi.wikibase.cloud/entity/Q59,370,ARKUPEKO ESKAILERAK
https://izendegi.wikibase.cloud/entity/Q60,380,ARKUPEKO IBILBIDEA
https://izendegi.wikibase.cloud/entity/Q61,390,ARRIAGAKO ATEA
https://izendegi.wikibase.cloud/entity/Q62,400,ARRIAGANA KALEA
https://izendegi.wikibase.cloud/entity/Q63,411,ARRIETA PASABIDEA
https://izendegi.wikibase.cloud/entity/Q64,420,ARTAPADURA KALEA
https://izendegi.wikibase.cloud/entity/Q65,430,ARTZARANA KALEA
https://izendegi.wikibase.cloud/entity/Q66,435,ASTRONOMO KALEA
https://izendegi.wikibase.cloud/entity/Q67,440,ASTURIAS KALEA
https://izendegi.wikibase.cloud/entity/Q68,445,ABENDAÑO KALEA
https://izendegi.wikibase.cloud/entity/Q69,450,AIARAKO TALDEAREN KALEA
https://izendegi.wikibase.cloud/entity/Q70,460,AZEDUIA KALEA
https://izendegi.wikibase.cloud/entity/Q71,475,BATXIKABO KALEA
https://izendegi.wikibase.cloud/entity/Q72,480,BADAIA KALEA
https://izendegi.wikibase.cloud/entity/Q73,485,AGIRRE LEHENDAKARIAREN KALEA
https://izendegi.wikibase.cloud/entity/Q74,490,BARRATXI KALEA
https://izendegi.wikibase.cloud/entity/Q75,500,BARRENKALEA
https://izendegi.wikibase.cloud/entity/Q76,505,BASALDEA KALEA
https://izendegi.wikibase.cloud/entity/Q77,510,BASOA KALEA
https://izendegi.wikibase.cloud/entity/Q78,520,BASTITURRI KALEA
https://izendegi.wikibase.cloud/entity/Q79,530,BATAN IBILBIDEA
https://izendegi.wikibase.cloud/entity/Q80,540,TOMAS ZUMARRAGA DOHATSUAREN KALEA
https://izendegi.wikibase.cloud/entity/Q81,550,BECERRO DE BENGOA KALEA
https://izendegi.wikibase.cloud/entity/Q82,560,BEKOLARRA KALEA
https://izendegi.wikibase.cloud/entity/Q83,570,BEETHOVEN KALEA
https://izendegi.wikibase.cloud/entity/Q84,580,BENITO GINEA KALEA
https://izendegi.wikibase.cloud/entity/Q85,600,BERNAL DIAZ DE LUKO KALEA
https://izendegi.wikibase.cloud/entity/Q86,610,BETOÑUKO ATEA
https://izendegi.wikibase.cloud/entity/Q87,615,BIAK BAT KALEA
https://izendegi.wikibase.cloud/entity/Q88,620,BILBO PLAZA
https://izendegi.wikibase.cloud/entity/Q89,623,BIZENTA MOGEL KALEA
https://izendegi.wikibase.cloud/entity/Q90,630,BOLIVIA KALEA
https://izendegi.wikibase.cloud/entity/Q91,640,BRUNO VILLARREAL KALEA
https://izendegi.wikibase.cloud/entity/Q92,650,BUENO MONREAL KALEA
https://izendegi.wikibase.cloud/entity/Q93,660,BURGOS KALEA
https://izendegi.wikibase.cloud/entity/Q94,670,BURUBIZKARRA KALEA
https://izendegi.wikibase.cloud/entity/Q95,675,BURUILERIA PLAZA
https://izendegi.wikibase.cloud/entity/Q96,680,BUSTALDEA KALEA
https://izendegi.wikibase.cloud/entity/Q97,685,BUZTINZURI KALEA
https://izendegi.wikibase.cloud/entity/Q98,700,CADENA Y ELETA APEZPIKUAREN KALEA
https://izendegi.wikibase.cloud/entity/Q99,710,FRANTZIA KALEA
https://izendegi.wikibase.cloud/entity/Q100,715,GALTZADA KALEA
https://izendegi.wikibase.cloud/entity/Q101,740,JAUREGILANDA KALEA
https://izendegi.wikibase.cloud/entity/Q102,750,SANTO TOMASEN UBIDEKO KALEA
https://izendegi.wikibase.cloud/entity/Q103,760,AIALA KANTZILERRAREN KALEA
https://izendegi.wikibase.cloud/entity/Q104,770,KAPELAMENDI KALEA
https://izendegi.wikibase.cloud/entity/Q105,780,CARACAS KALEA
https://izendegi.wikibase.cloud/entity/Q106,790,KARLOS I. ENPERADOREAREN PLAZA
https://izendegi.wikibase.cloud/entity/Q107,810,FLORIDA KALEA
https://izendegi.wikibase.cloud/entity/Q108,811,FLORIDA PARKEA
https://izendegi.wikibase.cloud/entity/Q109,820,HARATEGI KANTOIA
https://izendegi.wikibase.cloud/entity/Q110,830,ABETXUKOBIDEA
https://izendegi.wikibase.cloud/entity/Q111,850,GAZTELAKO ATEA
https://izendegi.wikibase.cloud/entity/Q112,851,ARLUZEKO GAZTELUAREN KALEA
https://izendegi.wikibase.cloud/entity/Q113,852,ASSAKO GAZTELUAREN KALEA
https://izendegi.wikibase.cloud/entity/Q114,853,ASTULEZKO GAZTELUAREN KALEA
https://izendegi.wikibase.cloud/entity/Q115,854,ARETXAGAKO GAZTELUAREN KALEA
https://izendegi.wikibase.cloud/entity/Q116,856,BERNEDOKO GAZTELUAREN KALEA
https://izendegi.wikibase.cloud/entity/Q117,857,BURADONGO GAZTELUAREN KALEA
https://izendegi.wikibase.cloud/entity/Q118,859,TOROKO GAZTELUAREN KALEA
https://izendegi.wikibase.cloud/entity/Q119,860,ESKIBELGO GAZTELUAREN KALEA
https://izendegi.wikibase.cloud/entity/Q120,870,FONTETXAKO GAZTELUAREN KALEA
https://izendegi.wikibase.cloud/entity/Q121,880,GEBARAKO GAZTELUAREN KALEA
https://izendegi.wikibase.cloud/entity/Q122,885,LANTARONGO GAZTELUAREN KALEA
https://izendegi.wikibase.cloud/entity/Q123,887,MENDILUZEKO GAZTELUAREN KALEA
https://izendegi.wikibase.cloud/entity/Q124,890,OZIOKO GAZTELUAREN KALEA
https://izendegi.wikibase.cloud/entity/Q125,895,ZABALATEKO GAZTELUAREN KALEA
https://izendegi.wikibase.cloud/entity/Q126,900,KEXAAKO GAZTELUAREN KALEA
https://izendegi.wikibase.cloud/entity/Q127,901,SAN ADRIANGO GAZTELUAREN KALEA
https://izendegi.wikibase.cloud/entity/Q128,902,VILLAMONTEKO GAZTELUAREN KALEA
https://izendegi.wikibase.cloud/entity/Q129,905,ZAITEGIKO GAZTELUAREN KALEA
https://izendegi.wikibase.cloud/entity/Q130,910,CASTRO URDIALES KALEA
https://izendegi.wikibase.cloud/entity/Q131,920,CEFERINO URIEN KALEA
https://izendegi.wikibase.cloud/entity/Q132,930,ZENDAGUREN KALEA
https://izendegi.wikibase.cloud/entity/Q133,940,ZERKABARREN KALEA
https://izendegi.wikibase.cloud/entity/Q134,950,CERVANTES IBILBIDEA
https://izendegi.wikibase.cloud/entity/Q135,970,ZIUDADELA PLAZA
https://izendegi.wikibase.cloud/entity/Q136,980,ARRIAGAKO KOFRADIAREN KALEA
https://izendegi.wikibase.cloud/entity/Q137,990,COLA Y GOITI KALEA
https://izendegi.wikibase.cloud/entity/Q138,1000,KOLONBIA KALEA
https://izendegi.wikibase.cloud/entity/Q139,1010,IZARDUI KOMANDANTEAREN KALEA
https://izendegi.wikibase.cloud/entity/Q140,1020,KONTZEJU KALEA
https://izendegi.wikibase.cloud/entity/Q141,1030,TREBIÑOKO KONDERRIAREN KALEA
https://izendegi.wikibase.cloud/entity/Q142,1040,DON BELA KONDEAREN KALEA
https://izendegi.wikibase.cloud/entity/Q143,1050,PEÑAFLORIDAKO KONDEAREN PLAZA
https://izendegi.wikibase.cloud/entity/Q144,1070,KOOPERATIBA PLAZA
https://izendegi.wikibase.cloud/entity/Q145,1080,KORAZONISTEN KALEA
https://izendegi.wikibase.cloud/entity/Q146,1100,ANDRE MARIA ZURIAREN KOROATZEAREN KALEA
https://izendegi.wikibase.cloud/entity/Q147,1105,IBAIBARRIAGA KORONELTSAREN KALEA
https://izendegi.wikibase.cloud/entity/Q148,1110,HEDEGILE KALEA
https://izendegi.wikibase.cloud/entity/Q149,1120,COSTA RICA KALEA
https://izendegi.wikibase.cloud/entity/Q150,1130,KRISTO KALEA
https://izendegi.wikibase.cloud/entity/Q151,1140,GURUTZE ZURIKO KALEA
https://izendegi.wikibase.cloud/entity/Q152,1150,GURUTZE BERDEKO KALEA
https://izendegi.wikibase.cloud/entity/Q153,1160,LAUBIDETA KALEA
https://izendegi.wikibase.cloud/entity/Q154,1170,KUBA KALEA
https://izendegi.wikibase.cloud/entity/Q155,1180,ANTEPARA KALEA
https://izendegi.wikibase.cloud/entity/Q156,1190,AIZTOGILE KALEA
https://izendegi.wikibase.cloud/entity/Q157,1195,DEBA ARROAREN KALEA
https://izendegi.wikibase.cloud/entity/Q158,1220,TXARRAKEA KALEA
https://izendegi.wikibase.cloud/entity/Q159,1230,TXILE KALEA
https://izendegi.wikibase.cloud/entity/Q160,1240,TXIKITA KALEA
https://izendegi.wikibase.cloud/entity/Q161,1250,TXIRIBIA KALEA
https://izendegi.wikibase.cloud/entity/Q162,1260,DANTZARI PLAZA
https://izendegi.wikibase.cloud/entity/Q163,1270,BABESGABETUEN ANDRE MARIAREN PLAZA
https://izendegi.wikibase.cloud/entity/Q164,1275,DIEGO BORIKA RETEGI KALEA
https://izendegi.wikibase.cloud/entity/Q165,1280,DIEGO DE ROJAS KALEA
https://izendegi.wikibase.cloud/entity/Q166,1290,DIEGO MARTINEZ DE ALABA KALEA
https://izendegi.wikibase.cloud/entity/Q167,1300,DIPUTAZIO KALEA
https://izendegi.wikibase.cloud/entity/Q168,1310,ANGULEMA KALEA
https://izendegi.wikibase.cloud/entity/Q169,1320,URRIAREN HAMABIAREN KALEA
https://izendegi.wikibase.cloud/entity/Q170,1330,DOMINGO BELTRAN DE OTAZU KALEA
https://izendegi.wikibase.cloud/entity/Q171,1340,DOMINGO MARTINEZ DE ARAGON KALEA
https://izendegi.wikibase.cloud/entity/Q172,1345,WELLINGTONGO DUKEAREN KALEA
https://izendegi.wikibase.cloud/entity/Q173,1350,DULTZAINA KALEA
https://izendegi.wikibase.cloud/entity/Q174,1351,DUENDE PASABIDEA
https://izendegi.wikibase.cloud/entity/Q175,1360,EKUADOR KALEA
https://izendegi.wikibase.cloud/entity/Q176,1370,EDUARDO DATO KALEA
https://izendegi.wikibase.cloud/entity/Q177,1380,EDUARDO BELASKO KALEA
https://izendegi.wikibase.cloud/entity/Q178,1390,EIBAR KALEA
https://izendegi.wikibase.cloud/entity/Q179,1395,ETXALDE KALEA
https://izendegi.wikibase.cloud/entity/Q180,1400,SALVADOR KALEA
https://izendegi.wikibase.cloud/entity/Q181,1403,ELGOIBAR KALEA
https://izendegi.wikibase.cloud/entity/Q182,1405,ELORRIAGAKO ATEA
https://izendegi.wikibase.cloud/entity/Q183,1410,ELVIRA ZULUETA KALEA
https://izendegi.wikibase.cloud/entity/Q184,1420,EMILIA PARDO BAZAN KALEA
https://izendegi.wikibase.cloud/entity/Q185,1425,ENRIQUE EGUREN KALEA
https://izendegi.wikibase.cloud/entity/Q186,1430,ERREKATXIKI KALEA
https://izendegi.wikibase.cloud/entity/Q187,1440,ERREKALEOR KALEA
https://izendegi.wikibase.cloud/entity/Q188,1445,ERROTAMENDIA KALEA
https://izendegi.wikibase.cloud/entity/Q189,1450,ESKALMENDI KALEA
https://izendegi.wikibase.cloud/entity/Q190,1460,ESKORIATZA KALEA
https://izendegi.wikibase.cloud/entity/Q191,1470,ESKOLA KALEA
https://izendegi.wikibase.cloud/entity/Q192,1472,LORENZO FERNANDEZ DE VIANA ESKULTOREAREN KALEA
https://izendegi.wikibase.cloud/entity/Q193,1474,ISAAC DIEZ ESKULTOREAREN KALEA
https://izendegi.wikibase.cloud/entity/Q194,1476,JOAQUIN LUCARINI ESKULTOREAREN KALEA
https://izendegi.wikibase.cloud/entity/Q195,1478,CARLOS YMBERT ESKULTOREAREN KALEA
https://izendegi.wikibase.cloud/entity/Q196,1480,ESPAINIA PLAZA (PLAZA BERRIA)
https://izendegi.wikibase.cloud/entity/Q197,1490,ESPERANTZA KALEA
https://izendegi.wikibase.cloud/entity/Q198,1495,ESPOZ Y MINA KALEA
https://izendegi.wikibase.cloud/entity/Q199,1510,GELTOKI PLAZATXOA
https://izendegi.wikibase.cloud/entity/Q200,1512,ETXEZARRA KALEA
https://izendegi.wikibase.cloud/entity/Q201,1515,EULOGIO SERDAN KALEA
https://izendegi.wikibase.cloud/entity/Q202,1520,EULOGIO SERDAN PASABIDEA
https://izendegi.wikibase.cloud/entity/Q203,1530,EXTREMADURA KALEA
https://izendegi.wikibase.cloud/entity/Q204,1535,FAUSTO IÑIGUEZ DE BETOLATZA KALEA
https://izendegi.wikibase.cloud/entity/Q205,1540,FEDERICO BARAIBAR KALEA
https://izendegi.wikibase.cloud/entity/Q206,1542,FEDERICO GARCIA LORCA KALEA
https://izendegi.wikibase.cloud/entity/Q207,1550,FELICIA OLABE KALEA
https://izendegi.wikibase.cloud/entity/Q208,1560,FERMIN LASUEN KALEA
https://izendegi.wikibase.cloud/entity/Q209,1570,FERNAN GONZALEZ KALEA
https://izendegi.wikibase.cloud/entity/Q210,1580,TRENBIDE KALEA
https://izendegi.wikibase.cloud/entity/Q211,1590,FLANDRIA KALEA
https://izendegi.wikibase.cloud/entity/Q212,1600,FLORIDAKO IBILBIDEA
https://izendegi.wikibase.cloud/entity/Q213,1601,FORONDAKO ATEA
https://izendegi.wikibase.cloud/entity/Q214,1603,F. XABIER LANDABURU KALEA
https://izendegi.wikibase.cloud/entity/Q215,1604,FRANCISCO LEANDRO VIANA KALEA
https://izendegi.wikibase.cloud/entity/Q216,1606,FRANCISCO LONGA KALEA
https://izendegi.wikibase.cloud/entity/Q217,1610,FRAI FRANCISCO VITORIA IBILBIDEA
https://izendegi.wikibase.cloud/entity/Q218,1620,FRAI ZACARIAS MARTINEZ KALEA
https://izendegi.wikibase.cloud/entity/Q219,1635,OSASUN ITURRI KALEA
https://izendegi.wikibase.cloud/entity/Q220,1640,AHATE ITURRI PLAZATXOA
https://izendegi.wikibase.cloud/entity/Q221,1650,FORU KALEA
https://izendegi.wikibase.cloud/entity/Q222,1651,FORU PLAZA
https://izendegi.wikibase.cloud/entity/Q223,1660,GALIZIA KALEA
https://izendegi.wikibase.cloud/entity/Q224,1670,GAMARRA PLAZA
https://izendegi.wikibase.cloud/entity/Q225,1680,GAMARRAKO ATEA
https://izendegi.wikibase.cloud/entity/Q226,1690,GARALBIDE KALEA
https://izendegi.wikibase.cloud/entity/Q227,1691,GAZALBIDEKO PARKEA
https://izendegi.wikibase.cloud/entity/Q228,1695,SALVADOR GARCIA DEL DIESTRO KALEA
https://izendegi.wikibase.cloud/entity/Q229,1700,GASTEIZ KALEA
https://izendegi.wikibase.cloud/entity/Q230,1730,ALABA JENERALAREN KALEA
https://izendegi.wikibase.cloud/entity/Q231,1731,ALABA JENERALEKO PASABIDEA
https://izendegi.wikibase.cloud/entity/Q232,1750,LOMA JENERALAREN PLAZA
https://izendegi.wikibase.cloud/entity/Q233,1760,ALBERTO SCHOMMER KALEA
https://izendegi.wikibase.cloud/entity/Q234,1763,GERARDO ARMESTO PLAZA
https://izendegi.wikibase.cloud/entity/Q235,1764,GEREZPEA KALEA
https://izendegi.wikibase.cloud/entity/Q236,1765,GERNIKAKO ARBOLAREN KALEA
https://izendegi.wikibase.cloud/entity/Q237,1770,GASTEIZ HIRIBIDEA
https://izendegi.wikibase.cloud/entity/Q238,1775,GOIKOBERAZA KALEA
https://izendegi.wikibase.cloud/entity/Q239,1780,GORBEIA KALEA
https://izendegi.wikibase.cloud/entity/Q240,1790,GREGORIO ALTUBE PLAZA
https://izendegi.wikibase.cloud/entity/Q241,1810,GUAYAQUIL KALEA
https://izendegi.wikibase.cloud/entity/Q242,1820,GUATEMALA KALEA
https://izendegi.wikibase.cloud/entity/Q243,1830,GIPUZKOA KALEA
https://izendegi.wikibase.cloud/entity/Q244,1835,GURUTZELARRE KALEA
https://izendegi.wikibase.cloud/entity/Q245,1837,HARROBI KALEA
https://izendegi.wikibase.cloud/entity/Q246,1838,HERACLIO ALFARO KALEA
https://izendegi.wikibase.cloud/entity/Q247,1840,HERACLIO FOURNIER KALEA
https://izendegi.wikibase.cloud/entity/Q248,1850,HERACLIO FOURNIER PLAZA
https://izendegi.wikibase.cloud/entity/Q249,1860,HERMINIO MADINABEITIA KALEA
https://izendegi.wikibase.cloud/entity/Q250,1870,ERREMENTARI KALEA
https://izendegi.wikibase.cloud/entity/Q251,1880,KONSTITUZIO PLAZA
https://izendegi.wikibase.cloud/entity/Q252,1890,HONDURAS KALEA
https://izendegi.wikibase.cloud/entity/Q253,1900,HORTALEZA KALEA
https://izendegi.wikibase.cloud/entity/Q254,1910,OSPITALE PLAZA
https://izendegi.wikibase.cloud/entity/Q255,1915,IBARREDI KALEA
https://izendegi.wikibase.cloud/entity/Q256,1920,ELIZA KALEA
https://izendegi.wikibase.cloud/entity/Q257,1930,INDEPENDENTZIA KALEA
https://izendegi.wikibase.cloud/entity/Q258,1940,JOSE MARIA IPARRAGIRRE KALEA
https://izendegi.wikibase.cloud/entity/Q259,1950,ISAAC ALBENIZ KALEA
https://izendegi.wikibase.cloud/entity/Q260,1955,ITURRITXU KALEA
https://izendegi.wikibase.cloud/entity/Q261,1960,ITURRIZABALA KALEA
https://izendegi.wikibase.cloud/entity/Q262,1963,JACINTO ARREGI KALEA
https://izendegi.wikibase.cloud/entity/Q263,1965,JACINTO BENAVENTE KALEA
https://izendegi.wikibase.cloud/entity/Q264,1970,JESUS GURIDI KALEA
https://izendegi.wikibase.cloud/entity/Q265,1971,JESUS MARIA LEIZAOLA PLAZA
https://izendegi.wikibase.cloud/entity/Q266,1973,JOAQUIN COLLAR KALEA
https://izendegi.wikibase.cloud/entity/Q267,1975,JOSE MARIA DIAZ DE MENDIBIL KALEA
https://izendegi.wikibase.cloud/entity/Q268,1980,JOSE ATXOTEGI KALEA
https://izendegi.wikibase.cloud/entity/Q269,1990,PRADO KALEA
https://izendegi.wikibase.cloud/entity/Q270,1991,PRADO PARKEA
https://izendegi.wikibase.cloud/entity/Q271,1993,JOSE ANTXIETA KALEA
https://izendegi.wikibase.cloud/entity/Q272,1995,JOSE DOMINGO OLARTE KALEA
https://izendegi.wikibase.cloud/entity/Q273,2000,JOSE LEJARRETA KALEA
https://izendegi.wikibase.cloud/entity/Q274,2005,JOSE LUIS GONZALO-BILBAO ZIDORRA
https://izendegi.wikibase.cloud/entity/Q275,2010,JOSE MARDONES KALEA
https://izendegi.wikibase.cloud/entity/Q276,2012,JOSE MIGUEL BARANDIARAN KALEA
https://izendegi.wikibase.cloud/entity/Q277,2015,JOSE PABLO ULIBARRI ZIDORRA
https://izendegi.wikibase.cloud/entity/Q278,2017,JOSE SAN MARTIN KALEA
https://izendegi.wikibase.cloud/entity/Q279,2020,JOSE URUÑUELA KALEA
https://izendegi.wikibase.cloud/entity/Q280,2023,JUAN BAUTISTA GAMIZ KALEA
https://izendegi.wikibase.cloud/entity/Q281,2030,FRANCISCO JUAN AIALA PLAZA
https://izendegi.wikibase.cloud/entity/Q282,2035,JUAN BELASKO KALEA
https://izendegi.wikibase.cloud/entity/Q283,2040,JUAN JOSE DIAZ DE ESPADA KALEA
https://izendegi.wikibase.cloud/entity/Q284,2050,JOAN II.AREN KALEA
https://izendegi.wikibase.cloud/entity/Q285,2060,JUAN XXIII.AREN KALEA
https://izendegi.wikibase.cloud/entity/Q286,2065,JEANNE JUGAN KALEA
https://izendegi.wikibase.cloud/entity/Q287,2070,JUDIMENDI HIRIBIDEA
https://izendegi.wikibase.cloud/entity/Q288,2071,JUDIMENDIKO PARKEA
https://izendegi.wikibase.cloud/entity/Q289,2080,JULIAN APRAIZ KALEA
https://izendegi.wikibase.cloud/entity/Q290,2085,JULIAN ARRESE KALEA
https://izendegi.wikibase.cloud/entity/Q291,2088,JUNDIZ KALEA
https://izendegi.wikibase.cloud/entity/Q292,2095,BILTZAR NAGUSIEN KALEA
https://izendegi.wikibase.cloud/entity/Q293,2098,KAPILDUI KALEA
https://izendegi.wikibase.cloud/entity/Q294,2100,KUTXA KALEA
https://izendegi.wikibase.cloud/entity/Q295,2105,KOLDO MITXELENA KALEA
https://izendegi.wikibase.cloud/entity/Q296,2107,KUTAISI KALEA
https://izendegi.wikibase.cloud/entity/Q297,2110,BRASIL KALEA
https://izendegi.wikibase.cloud/entity/Q298,2127,LAKUABURUA KALEA
https://izendegi.wikibase.cloud/entity/Q299,2130,BIASTERI-ARABAR ERRIOXAKO TALDEAREN KALEA
https://izendegi.wikibase.cloud/entity/Q300,2135,ANTONIARENEKO IBILBIDEA
https://izendegi.wikibase.cloud/entity/Q301,2137,BARANDA KALEA
https://izendegi.wikibase.cloud/entity/Q302,2140,HABANA KALEA
https://izendegi.wikibase.cloud/entity/Q303,2150,ASKATASUN KALEA
https://izendegi.wikibase.cloud/entity/Q304,2152,LANDALUZEA KALEA
https://izendegi.wikibase.cloud/entity/Q305,2155,JOAQUIN JOSE LANDAZURI KALEA
https://izendegi.wikibase.cloud/entity/Q306,2156,JOAQUIN JOSE LANDAZURI PASABIDEA
https://izendegi.wikibase.cloud/entity/Q307,2160,LA PALOMA KALEA
https://izendegi.wikibase.cloud/entity/Q308,2170,HAITZ KALEA
https://izendegi.wikibase.cloud/entity/Q309,2180,PRESA KALEA
https://izendegi.wikibase.cloud/entity/Q310,2190,IBAIALDE KALEA
https://izendegi.wikibase.cloud/entity/Q311,2192,LANDABERDE KALEA
https://izendegi.wikibase.cloud/entity/Q312,2194,LARRABAZTERRA KALEA
https://izendegi.wikibase.cloud/entity/Q313,2200,LARRAGANA KALEA
https://izendegi.wikibase.cloud/entity/Q314,2210,AKAZIA KALEA
https://izendegi.wikibase.cloud/entity/Q315,2212,ANTILLETAKO PASABIDEA
https://izendegi.wikibase.cloud/entity/Q316,2220,LASARTEKO ATEA
https://izendegi.wikibase.cloud/entity/Q317,2229,LASKARAI KALEA
https://izendegi.wikibase.cloud/entity/Q318,2230,TRIANA KALEA
https://izendegi.wikibase.cloud/entity/Q319,2235,LEGUNBE KALEA
https://izendegi.wikibase.cloud/entity/Q320,2240,LEON KALEA
https://izendegi.wikibase.cloud/entity/Q321,2250,LEONCE GARNIER KALEA
https://izendegi.wikibase.cloud/entity/Q322,2255,LERMANDABIDEA
https://izendegi.wikibase.cloud/entity/Q323,2260,LIMA KALEA
https://izendegi.wikibase.cloud/entity/Q324,2270,LAUDIO PLAZA
https://izendegi.wikibase.cloud/entity/Q325,2280,LOGROÑO KALEA
https://izendegi.wikibase.cloud/entity/Q326,2290,LOPE DE LARREA KALEA
https://izendegi.wikibase.cloud/entity/Q327,2300,LORENZO PRESTAMERO KALEA
https://izendegi.wikibase.cloud/entity/Q328,2305,LORETO ARRIOLA KALEA
https://izendegi.wikibase.cloud/entity/Q329,2306,ETXANOBETARREN ZIDORRA
https://izendegi.wikibase.cloud/entity/Q330,2308,GORO PLAZATXOA
https://izendegi.wikibase.cloud/entity/Q331,2310,HERRANDARREN KALEA
https://izendegi.wikibase.cloud/entity/Q332,2320,OTO HIRIBIDEA
https://izendegi.wikibase.cloud/entity/Q333,2330,ISUNTZATARREN KALEA
https://izendegi.wikibase.cloud/entity/Q334,2335,MANTELITARREN KALEA
https://izendegi.wikibase.cloud/entity/Q335,2340,ERROTA KALEA
https://izendegi.wikibase.cloud/entity/Q336,2350,INTXAURRONDO KALEA
https://izendegi.wikibase.cloud/entity/Q337,2360,ZUMARREN HIRIBIDEA
https://izendegi.wikibase.cloud/entity/Q338,2370,SAEZ DE QUEJANATARREN KALEA
https://izendegi.wikibase.cloud/entity/Q339,2380,EZKI KALEA
https://izendegi.wikibase.cloud/entity/Q340,2390,LOVAINA PLAZA
https://izendegi.wikibase.cloud/entity/Q341,2400,LOUIS HEINTZ KALEA
https://izendegi.wikibase.cloud/entity/Q342,2410,LUIS MARIA URIARTE KALEA
https://izendegi.wikibase.cloud/entity/Q343,2420,AIHOTZ PLAZA
https://izendegi.wikibase.cloud/entity/Q344,2421,AIHOTZ PLAZAKO ESKAILERAK
https://izendegi.wikibase.cloud/entity/Q345,2430,AMA VEDRUNA KALEA
https://izendegi.wikibase.cloud/entity/Q346,2440,MADRIL KALEA
https://izendegi.wikibase.cloud/entity/Q347,2450,MAGDALENA KALEA
https://izendegi.wikibase.cloud/entity/Q348,2455,MALIZHAEZA KALEA
https://izendegi.wikibase.cloud/entity/Q349,2460,MANUEL DIAZ DE ARKAIA KALEA
https://izendegi.wikibase.cloud/entity/Q350,2470,MANUEL IRADIER KALEA
https://izendegi.wikibase.cloud/entity/Q351,2480,GERNIKAKO ESTATUTUAREN KALEA
https://izendegi.wikibase.cloud/entity/Q352,2490,UNIBERTSITATEKO IBILBIDEA
https://izendegi.wikibase.cloud/entity/Q353,2500,ALAMEDAKO MARKESAREN PLAZA
https://izendegi.wikibase.cloud/entity/Q354,2520,MARTIN OLABE KALEA
https://izendegi.wikibase.cloud/entity/Q355,2530,MARTIN SALINAS PLAZA
https://izendegi.wikibase.cloud/entity/Q356,2533,MARTIN SARAZIBAR KALEA
https://izendegi.wikibase.cloud/entity/Q357,2535,MARTIN SUSAETA KALEA
https://izendegi.wikibase.cloud/entity/Q358,2540,MATEO BENIGNO MORAZA KALEA
https://izendegi.wikibase.cloud/entity/Q359,2550,MAURICIO VALDIVIELSO PLAZATXOA
https://izendegi.wikibase.cloud/entity/Q360,2560,MAXIMO GISASOLA KALEA
https://izendegi.wikibase.cloud/entity/Q361,2570,TORNAY MEDIKUAREN KALEA
https://izendegi.wikibase.cloud/entity/Q362,2580,MEXIKO KALEA
https://izendegi.wikibase.cloud/entity/Q363,2583,MENDARO KALEA
https://izendegi.wikibase.cloud/entity/Q364,2585,MENDIGORRITXU KALEA
https://izendegi.wikibase.cloud/entity/Q365,2590,MENDIOLABIDEA
https://izendegi.wikibase.cloud/entity/Q366,2597,MENDIZABALA KALEA
https://izendegi.wikibase.cloud/entity/Q367,2600,MENDOZA KALEA
https://izendegi.wikibase.cloud/entity/Q368,2685,MICAELA PORTILLA KALEA
https://izendegi.wikibase.cloud/entity/Q369,2690,MIGUEL MIEG KALEA
https://izendegi.wikibase.cloud/entity/Q370,2695,MIGUEL UNAMUNO HIRIBIDEA
https://izendegi.wikibase.cloud/entity/Q371,2700,BEGIRATOKIKO IBILBIDEA
https://izendegi.wikibase.cloud/entity/Q372,2710,MIRANDA DE EBRO KALEA
https://izendegi.wikibase.cloud/entity/Q373,2720,MIRAVALLES KALEA
https://izendegi.wikibase.cloud/entity/Q374,2730,ARRASATE KALEA
https://izendegi.wikibase.cloud/entity/Q375,2740,ESTENAGA APEZPIKUAREN KALEA
https://izendegi.wikibase.cloud/entity/Q376,2750,MATEO MUXIKA APEZPIKUAREN KALEA
https://izendegi.wikibase.cloud/entity/Q377,2751,MOLINUEVO PARKEA
https://izendegi.wikibase.cloud/entity/Q378,2755,MENDIKO BIDEA
https://izendegi.wikibase.cloud/entity/Q379,2760,MARIANO SAN MIGUEL MUSIKARIAREN KALEA
https://izendegi.wikibase.cloud/entity/Q380,2770,KARTA PLAZA
https://izendegi.wikibase.cloud/entity/Q381,2780,NAFARROA KALEA
https://izendegi.wikibase.cloud/entity/Q382,2790,NAVARRO VILLOSLADA KALEA
https://izendegi.wikibase.cloud/entity/Q383,2810,NIKARAGUA KALEA
https://izendegi.wikibase.cloud/entity/Q384,2820,NIEVES CANO KALEA
https://izendegi.wikibase.cloud/entity/Q385,2830,ADATSEKO ANDRE MARIAREN KALEA
https://izendegi.wikibase.cloud/entity/Q386,2840,ESTIBALIZKO ANDRE MARIAREN HIRIBIDEA
https://izendegi.wikibase.cloud/entity/Q387,2850,BARNEKALE BERRIA
https://izendegi.wikibase.cloud/entity/Q388,2860,KANPOKALE BERRIA
https://izendegi.wikibase.cloud/entity/Q389,2865,OBDULIO LOPEZ DE URALDE MARGOLARIAREN KALEA
https://izendegi.wikibase.cloud/entity/Q390,2870,BALLESTER APEZPIKUAREN KALEA
https://izendegi.wikibase.cloud/entity/Q391,2880,BIVERE APEZPIKUAREN KALEA
https://izendegi.wikibase.cloud/entity/Q392,2890,OLAGIBEL KALEA
https://izendegi.wikibase.cloud/entity/Q393,2900,OLARIZU HIRIBIDEA
https://izendegi.wikibase.cloud/entity/Q394,2905,OLARIZUKO PARKEA
https://izendegi.wikibase.cloud/entity/Q395,2910,OÑATI KALEA
https://izendegi.wikibase.cloud/entity/Q396,2920,RAMON ORTIZ DE ZARATE KALEA
https://izendegi.wikibase.cloud/entity/Q397,2930,OSINAGEA KALEA
https://izendegi.wikibase.cloud/entity/Q398,2940,PABLO XERICA KALEA
https://izendegi.wikibase.cloud/entity/Q399,2945,PABLO MORILLO KALEA
https://izendegi.wikibase.cloud/entity/Q400,2948,PADULETA KALEA
https://izendegi.wikibase.cloud/entity/Q401,2950,JAUREGI KALEA
https://izendegi.wikibase.cloud/entity/Q402,2951,ARRIETA KALEA
https://izendegi.wikibase.cloud/entity/Q403,2960,PALENTZIA KALEA
https://izendegi.wikibase.cloud/entity/Q404,2965,PAGOGAN KALEA
https://izendegi.wikibase.cloud/entity/Q405,2970,PANAMA KALEA
https://izendegi.wikibase.cloud/entity/Q406,2980,PARAGUAI KALEA
https://izendegi.wikibase.cloud/entity/Q407,2995,PAULA MONTAL KALEA
https://izendegi.wikibase.cloud/entity/Q408,3000,BAKE KALEA
https://izendegi.wikibase.cloud/entity/Q409,3010,PEDRO ASUA KALEA
https://izendegi.wikibase.cloud/entity/Q410,3020,PEDRO EGAÑA KALEA
https://izendegi.wikibase.cloud/entity/Q411,3025,PEDRO ORBEA KALEA
https://izendegi.wikibase.cloud/entity/Q412,3028,PEDRO IGNACIO BARRUTIA ZIDORRA
https://izendegi.wikibase.cloud/entity/Q413,3029,PEPE UBIS PLAZA
https://izendegi.wikibase.cloud/entity/Q414,3030,BENITO PEREZ GALDOS PLAZA
https://izendegi.wikibase.cloud/entity/Q415,3040,PERU KALEA
https://izendegi.wikibase.cloud/entity/Q416,3050,ADRIAN ALDEKOA MARGOLARIAREN KALEA
https://izendegi.wikibase.cloud/entity/Q417,3063,ANGEL SAENZ DE UGARTE MARGOLARIAREN KALEA
https://izendegi.wikibase.cloud/entity/Q418,3065,CLEMENTE ARRAIZ MARGOLARIAREN KALEA
https://izendegi.wikibase.cloud/entity/Q419,3067,CARLOS SAEZ DE TEJADA MARGOLARIAREN KALEA
https://izendegi.wikibase.cloud/entity/Q420,3070,IGNACIO DIAZ RUIZ DE OLANO MARGOLARIAREN K.
https://izendegi.wikibase.cloud/entity/Q421,3080,TEODORO DUBLANG MARGOLARIAREN KALEA
https://izendegi.wikibase.cloud/entity/Q422,3081,JESUS APELLANIZ MARGOLARIAREN KALEA
https://izendegi.wikibase.cloud/entity/Q423,3082,MIGUEL JIMENO DE LAHIDALGA MARGOLARIAREN KALEA
https://izendegi.wikibase.cloud/entity/Q424,3083,JUAN ANGEL SAEZ MARGOLARIAREN KALEA
https://izendegi.wikibase.cloud/entity/Q425,3084,GUSTAVO MAEZTU MARGOLARIAREN KALEA
https://izendegi.wikibase.cloud/entity/Q426,3085,MAURO ORTIZ DE URBINA MARGOLARIAREN KALEA
https://izendegi.wikibase.cloud/entity/Q427,3086,TOMAS ALFARO KALEA
https://izendegi.wikibase.cloud/entity/Q428,3087,PABLO URANGA MARGOLARIAREN KALEA
https://izendegi.wikibase.cloud/entity/Q429,3088,VICENTE ABREU MARGOLARIAREN KALEA
https://izendegi.wikibase.cloud/entity/Q430,3089,AURELIO VERA-FAJARDO MARGOLARIAREN KALEA
https://izendegi.wikibase.cloud/entity/Q431,3090,PINTORE KALEA
https://izendegi.wikibase.cloud/entity/Q432,3100,PIO XII.AREN KALEA
https://izendegi.wikibase.cloud/entity/Q433,3110,PLAZA NAGUSIA
https://izendegi.wikibase.cloud/entity/Q434,3115,LAUBIDEA PLAZATXOA
https://izendegi.wikibase.cloud/entity/Q435,3120,SUTAUSTEGI ZAHARREKO KALEA
https://izendegi.wikibase.cloud/entity/Q436,3130,ERREGE ATEA
https://izendegi.wikibase.cloud/entity/Q437,3140,POSTA KALEA
https://izendegi.wikibase.cloud/entity/Q438,3145,POSTA PASABIDEA
https://izendegi.wikibase.cloud/entity/Q439,3150,POZOA KALEA
https://izendegi.wikibase.cloud/entity/Q440,3160,POZOALDEA KALEA
https://izendegi.wikibase.cloud/entity/Q441,3180,LARRAGANBIDEA
https://izendegi.wikibase.cloud/entity/Q442,3200,PROBINTZIA PLAZA
https://izendegi.wikibase.cloud/entity/Q443,3210,HIRU PROBINTZIEN PLAZA
https://izendegi.wikibase.cloud/entity/Q444,3220,PRUDENCIO MARIA BERASTEGI KALEA
https://izendegi.wikibase.cloud/entity/Q445,3230,ZUBIGARAI KALEA
https://izendegi.wikibase.cloud/entity/Q446,3240,ALTUBE MENDATEAREN KALEA
https://izendegi.wikibase.cloud/entity/Q447,3250,ARLABAN MENDATEAREN KALEA
https://izendegi.wikibase.cloud/entity/Q448,3260,AZAZETA MENDATEAREN KALEA
https://izendegi.wikibase.cloud/entity/Q449,3270,BARAZAR MENDATEAREN KALEA
https://izendegi.wikibase.cloud/entity/Q450,3280,ETXEGARATE MENDATEAREN KALEA
https://izendegi.wikibase.cloud/entity/Q451,3290,HERRERA MENDATEAREN KALEA
https://izendegi.wikibase.cloud/entity/Q452,3300,PUERTO RICO KALEA
https://izendegi.wikibase.cloud/entity/Q453,3310,URKIOLA MENDATEAREN KALEA
https://izendegi.wikibase.cloud/entity/Q454,3320,ERRAIMUN OLABIDE KALEA
https://izendegi.wikibase.cloud/entity/Q455,3330,RAMIRO MAEZTU KALEA
https://izendegi.wikibase.cloud/entity/Q456,3340,RAMIRO MAEZTU PASABIDEA
https://izendegi.wikibase.cloud/entity/Q457,3350,SANTIAGO RAMON Y CAJAL KALEA
https://izendegi.wikibase.cloud/entity/Q458,3360,ERREGE-ERREGINA KATOLIKOEN KALEA
https://izendegi.wikibase.cloud/entity/Q459,3370,NAFARROAKO ERREGE-ERREGINEN KALEA
https://izendegi.wikibase.cloud/entity/Q460,3380,RICARDO BUESA KALEA
https://izendegi.wikibase.cloud/entity/Q461,3385,RICARDO PUGA KALEA
https://izendegi.wikibase.cloud/entity/Q462,3386,RICARDO SACRISTAN KALEA
https://izendegi.wikibase.cloud/entity/Q463,3387,SANTO TOMAS IBAIKO PLAZA
https://izendegi.wikibase.cloud/entity/Q464,3390,ERRIOXA KALEA
https://izendegi.wikibase.cloud/entity/Q465,3393,SALVADOR ALLENDE ZIDORRA
https://izendegi.wikibase.cloud/entity/Q466,3395,SALVADOR AZPIAZU IBILBIDEA
https://izendegi.wikibase.cloud/entity/Q467,3400,AGURAINGO TALDEAREN KALEA
https://izendegi.wikibase.cloud/entity/Q468,3410,SALBATERRABIDE
https://izendegi.wikibase.cloud/entity/Q469,3411,SALBURUKO PARKEA
https://izendegi.wikibase.cloud/entity/Q470,3420,FELIX MARIA SAMANIEGO KALEA
https://izendegi.wikibase.cloud/entity/Q471,3430,SAN ANTON PLAZA
https://izendegi.wikibase.cloud/entity/Q472,3440,SAN ANTONIO KALEA
https://izendegi.wikibase.cloud/entity/Q473,3450,SAN BARTOLOMEKO ESKAILERAK
https://izendegi.wikibase.cloud/entity/Q474,3460,ANTSO JAKITUNAREN KALEA
https://izendegi.wikibase.cloud/entity/Q475,3470,SAN KRISTOBAL PLAZA
https://izendegi.wikibase.cloud/entity/Q476,3490,SAN FRANTZISKO KALEA
https://izendegi.wikibase.cloud/entity/Q477,3500,SAN FRANTZISKO XABIERKOAREN KANTOIA
https://izendegi.wikibase.cloud/entity/Q478,3510,SAN FRANTZISKO ALDAPA
https://izendegi.wikibase.cloud/entity/Q479,3520,SAN IGNACIO LOIOLAKOAREN KALEA
https://izendegi.wikibase.cloud/entity/Q480,3530,SAN ILDEFONTSO KALEA
https://izendegi.wikibase.cloud/entity/Q481,3540,SAN JOSE PLAZA
https://izendegi.wikibase.cloud/entity/Q482,3550,ARRIAGAKO PARKEA
https://izendegi.wikibase.cloud/entity/Q483,3560,SAN MARKOS KANTOIA
https://izendegi.wikibase.cloud/entity/Q484,3580,SAN MARTIN ABENDAÑOKOAREN PLAZA
https://izendegi.wikibase.cloud/entity/Q485,3581,SAN MARTIN PARKEA
https://izendegi.wikibase.cloud/entity/Q486,3590,SAN MIGEL ATXAKOAREN KALEA
https://izendegi.wikibase.cloud/entity/Q487,3591,SAN MIGELEKO ESKAILERAK
https://izendegi.wikibase.cloud/entity/Q488,3592,DONE MIKELEN ZOKOA
https://izendegi.wikibase.cloud/entity/Q489,3595,SAN PEDROKO PASABIDEA
https://izendegi.wikibase.cloud/entity/Q490,3600,SAN PRUDENTZIO KALEA
https://izendegi.wikibase.cloud/entity/Q491,3610,SAN PRUDENTZIO HIRIBIDEA
https://izendegi.wikibase.cloud/entity/Q492,3620,SAN PRUDENTZIO IKASTETXEKO KALEA
https://izendegi.wikibase.cloud/entity/Q493,3630,SAN ROKE KANTOIA
https://izendegi.wikibase.cloud/entity/Q494,3640,SAN SATURIO KALEA
https://izendegi.wikibase.cloud/entity/Q495,3645,SANSOMENDI KALEA
https://izendegi.wikibase.cloud/entity/Q496,3650,SANTA ANA KANTOIA
https://izendegi.wikibase.cloud/entity/Q497,3660,SANTA BARBARA PLAZA
https://izendegi.wikibase.cloud/entity/Q498,3670,SANTA ISABEL KALEA
https://izendegi.wikibase.cloud/entity/Q499,3680,SANTA LUZIA KALEA
https://izendegi.wikibase.cloud/entity/Q500,3710,SANTA MARIA KALEA
https://izendegi.wikibase.cloud/entity/Q501,3720,SANTA MARIA KANTOIA
https://izendegi.wikibase.cloud/entity/Q502,3730,SANTA MARIA PLAZA
https://izendegi.wikibase.cloud/entity/Q503,3735,SANTA TERESA BIDEA
https://izendegi.wikibase.cloud/entity/Q504,3740,DONE JAKUE HIRIBIDEA
https://izendegi.wikibase.cloud/entity/Q505,3760,SANTO DOMINGO KALEA
https://izendegi.wikibase.cloud/entity/Q506,3770,SANTO DOMINGO PLAZA
https://izendegi.wikibase.cloud/entity/Q507,3780,SAN VIATOR KALEA
https://izendegi.wikibase.cloud/entity/Q508,3790,SAN BIZENTE ALDAPA
https://izendegi.wikibase.cloud/entity/Q509,3800,SAN BIZENTE PAULEKOAREN KALEA
https://izendegi.wikibase.cloud/entity/Q510,3810,SARBURUA KALEA
https://izendegi.wikibase.cloud/entity/Q511,3820,SEBASTIAN FERNANDEZ DE LEZETA KALEA
https://izendegi.wikibase.cloud/entity/Q512,3825,SEBASTIAN HURTADO DE CORCUERA KALEA
https://izendegi.wikibase.cloud/entity/Q513,3827,SEFARAD PLAZA
https://izendegi.wikibase.cloud/entity/Q514,3830,APAIZGAITEGIKO KANTOIA
https://izendegi.wikibase.cloud/entity/Q515,3840,SENDA IBILBIDEA
https://izendegi.wikibase.cloud/entity/Q516,3850,KALONJEEN ZIDORRA
https://izendegi.wikibase.cloud/entity/Q517,3855,ODOL EMAILEEN ZIDORRA
https://izendegi.wikibase.cloud/entity/Q518,3860,MENDATEEN ZIDORRA
https://izendegi.wikibase.cloud/entity/Q519,3870,SERAFIN AJURIA KALEA
https://izendegi.wikibase.cloud/entity/Q520,3880,SIERRAS ALAVESAS KALEA
https://izendegi.wikibase.cloud/entity/Q521,3890,JESUSEN ZERBITZARIEN FUNDATZAILEAN KALEA
https://izendegi.wikibase.cloud/entity/Q522,3898,SIMON BOLIBAR PLAZA
https://izendegi.wikibase.cloud/entity/Q523,3900,SIMON DE ANDA KALEA
https://izendegi.wikibase.cloud/entity/Q524,3910,EUSKAL HERRIAREN ADISKIDEEN ELKARTEAREN KALEA
https://izendegi.wikibase.cloud/entity/Q525,3920,BAKARDADE KANTOIA
https://izendegi.wikibase.cloud/entity/Q526,3925,SORALUZE KALEA
https://izendegi.wikibase.cloud/entity/Q527,3930,TARAZONA KALEA
https://izendegi.wikibase.cloud/entity/Q528,3935,TELESFORO  ARANZADI KALEA
https://izendegi.wikibase.cloud/entity/Q529,3940,LARRUGILE KALEA
https://izendegi.wikibase.cloud/entity/Q530,3945,TEODORO GONZALEZ DE ZARATE KALEA
https://izendegi.wikibase.cloud/entity/Q531,3950,TORNU KALEA
https://izendegi.wikibase.cloud/entity/Q532,3960,KANTABRIKOAREN HIRIBIDEA
https://izendegi.wikibase.cloud/entity/Q533,3965,MARTXOAREN HIRUAREN PLAZA
https://izendegi.wikibase.cloud/entity/Q534,3970,JUAN GARAI KALEA
https://izendegi.wikibase.cloud/entity/Q535,3972,TXALAPARTA KALEA
https://izendegi.wikibase.cloud/entity/Q536,3975,KALE TXIKIA
https://izendegi.wikibase.cloud/entity/Q537,3977,TXIRULA KALEA
https://izendegi.wikibase.cloud/entity/Q538,3980,TXISTULARI KALEA
https://izendegi.wikibase.cloud/entity/Q539,3995,TRIKITI KALEA
https://izendegi.wikibase.cloud/entity/Q540,4000,ULETA KALEA
https://izendegi.wikibase.cloud/entity/Q541,4005,MAIATZAREN LEHENAREN PLAZA
https://izendegi.wikibase.cloud/entity/Q542,4010,URAL-MENDI KALEA
https://izendegi.wikibase.cloud/entity/Q543,4020,URARTEA KALEA
https://izendegi.wikibase.cloud/entity/Q544,4030,URBINA KALEA
https://izendegi.wikibase.cloud/entity/Q545,4040,URIBEGUELA KALEA
https://izendegi.wikibase.cloud/entity/Q546,4050,OREITIASOLO KALEA
https://izendegi.wikibase.cloud/entity/Q547,4055,OREITIASOLOKO PASABIDEA
https://izendegi.wikibase.cloud/entity/Q548,4060,URRUNDI KALEA
https://izendegi.wikibase.cloud/entity/Q549,4070,URUGUAI KALEA
https://izendegi.wikibase.cloud/entity/Q550,4075,VALENTIN FORONDA ZIDORRA
https://izendegi.wikibase.cloud/entity/Q551,4080,VALLADOLID KALEA
https://izendegi.wikibase.cloud/entity/Q552,4085,VENANCIO DEL VAL PLAZA
https://izendegi.wikibase.cloud/entity/Q553,4090,VENEZUELA KALEA
https://izendegi.wikibase.cloud/entity/Q554,4100,KAINABENTA PLAZA
https://izendegi.wikibase.cloud/entity/Q555,4110,IZARBENTA KALEA
https://izendegi.wikibase.cloud/entity/Q556,4120,BERGARAKO ATEA
https://izendegi.wikibase.cloud/entity/Q557,4125,VICENTE ALEIXANDRE KALEA
https://izendegi.wikibase.cloud/entity/Q558,4130,VICENTE GOIKOETXEA KALEA
https://izendegi.wikibase.cloud/entity/Q559,4140,VICENTE GONZALEZ DE ETXABARRI KALEA
https://izendegi.wikibase.cloud/entity/Q560,4150,VICENTE MANTEROLA KALEA
https://izendegi.wikibase.cloud/entity/Q561,4160,LEGUTIANOKO ATEA
https://izendegi.wikibase.cloud/entity/Q562,4170,GOIURIKO PLAZA
https://izendegi.wikibase.cloud/entity/Q563,4180,ANDRE MARIA ZURIAREN PLAZA
https://izendegi.wikibase.cloud/entity/Q564,4185,TOLOÑOKO ANDRE MARIAREN KALEA
https://izendegi.wikibase.cloud/entity/Q565,4190,GASTEIZKO TALDEAREN KALEA
https://izendegi.wikibase.cloud/entity/Q566,4200,BITORIABIDEA
https://izendegi.wikibase.cloud/entity/Q567,4210,BITORIALANDA KALEA
https://izendegi.wikibase.cloud/entity/Q568,4220,BIZKAI KALEA
https://izendegi.wikibase.cloud/entity/Q569,4225,VOLUNTARIA ENTREGA KALEA
https://izendegi.wikibase.cloud/entity/Q570,4227,IHURRALDEA KALEA
https://izendegi.wikibase.cloud/entity/Q571,4230,ZADORRA HIRIBIDEA
https://izendegi.wikibase.cloud/entity/Q572,4231,ZADORRAKO PARKEA
https://izendegi.wikibase.cloud/entity/Q573,4232,ZABALGANEKO PARKEA
https://izendegi.wikibase.cloud/entity/Q574,4240,ZALBURU KALEA
https://izendegi.wikibase.cloud/entity/Q575,4250,ZALDIARAN PLAZA
https://izendegi.wikibase.cloud/entity/Q576,4260,ZAPATARI KALEA
https://izendegi.wikibase.cloud/entity/Q577,4270,ZARAMAGA KALEA
https://izendegi.wikibase.cloud/entity/Q578,4280,ZARAMAGA PLAZA
https://izendegi.wikibase.cloud/entity/Q579,4290,ZORROSTEA KALEA
https://izendegi.wikibase.cloud/entity/Q580,4292,ZORROLLETA KALEA
https://izendegi.wikibase.cloud/entity/Q581,4295,ZUAZOBIDEA
https://izendegi.wikibase.cloud/entity/Q582,4300,ZUBIBARRI KALEA
https://izendegi.wikibase.cloud/entity/Q583,4310,ZUMABIDE
https://izendegi.wikibase.cloud/entity/Q584,4320,ZUMAKADI IBILBIDEA
https://izendegi.wikibase.cloud/entity/Q585,4330,ZUMAKADI PLAZATXOA
https://izendegi.wikibase.cloud/entity/Q586,4340,ZURBANOKO ATEA
https://izendegi.wikibase.cloud/entity/Q587,4345,ZURRUPITIETA KALEA
https://izendegi.wikibase.cloud/entity/Q588,4350,ZUIAKO TALDEAREN KALEA
https://izendegi.wikibase.cloud/entity/Q589,4501,OLARANBE HIRIBIDEA
https://izendegi.wikibase.cloud/entity/Q590,4502,SAN JUAN HANDIAREN KALEA
https://izendegi.wikibase.cloud/entity/Q591,4503,LARRINBE KALEA
https://izendegi.wikibase.cloud/entity/Q592,4504,SAN JUAN TXIKIAREN KALEA
https://izendegi.wikibase.cloud/entity/Q593,4505,GURUTZE SANTUAREN HIRIBIDEA
https://izendegi.wikibase.cloud/entity/Q594,4506,MENDI KALEA
https://izendegi.wikibase.cloud/entity/Q595,4507,LUKURUMENDI KALEA
https://izendegi.wikibase.cloud/entity/Q596,4508,SALCEDA KALEA
https://izendegi.wikibase.cloud/entity/Q597,4509,ALMENA KALEA
https://izendegi.wikibase.cloud/entity/Q598,4521,LUMIERE ANAIEN KALEA
https://izendegi.wikibase.cloud/entity/Q599,4522,ALBERT EINSTEIN KALEA
https://izendegi.wikibase.cloud/entity/Q600,4523,ELHUYAR ANAIEN KALEA
https://izendegi.wikibase.cloud/entity/Q601,4524,MARIE CURIE KALEA
https://izendegi.wikibase.cloud/entity/Q602,4525,JUAN DE LA CIERVA KALEA
https://izendegi.wikibase.cloud/entity/Q603,4526,LEONARDO DA VINCI KALEA
https://izendegi.wikibase.cloud/entity/Q604,4527,FERDINAND ZEPPELIN KALEA
https://izendegi.wikibase.cloud/entity/Q605,4530,LIZARRA KALEA
https://izendegi.wikibase.cloud/entity/Q606,4533,IRUÑEA KALEA
https://izendegi.wikibase.cloud/entity/Q607,4534,ORREAGA KALEA
https://izendegi.wikibase.cloud/entity/Q608,4535,JACINTO QUINCOCES KALEA
https://izendegi.wikibase.cloud/entity/Q609,4536,IRATXEKO MONASTERIOAREN KALEA
https://izendegi.wikibase.cloud/entity/Q610,4537,ARALAR MENDIAREN KALEA
https://izendegi.wikibase.cloud/entity/Q611,4538,URBASA MENDIAREN KALEA
https://izendegi.wikibase.cloud/entity/Q612,4539,JOSE MARIA CAGIGAL KALEA
https://izendegi.wikibase.cloud/entity/Q613,4540,ATXO APELLANIZ KALEA
https://izendegi.wikibase.cloud/entity/Q614,4541,ANTONIO MIRANDA KALEA
https://izendegi.wikibase.cloud/entity/Q615,4542,MARTIN FIZ KALEA
https://izendegi.wikibase.cloud/entity/Q616,4543,TANIS AGIRREBENGOA KALEA
https://izendegi.wikibase.cloud/entity/Q617,4544,IGNACIO ALDEKOA PLAZA
https://izendegi.wikibase.cloud/entity/Q618,4545,LATINOAMERIKA PLAZA
https://izendegi.wikibase.cloud/entity/Q619,4546,ANTONIO MACHADO KALEA
https://izendegi.wikibase.cloud/entity/Q620,4547,BLAS DE OTERO KALEA
https://izendegi.wikibase.cloud/entity/Q621,4548,BAIONA KALEA
https://izendegi.wikibase.cloud/entity/Q622,4549,ANDIA MENDIAREN KALEA
https://izendegi.wikibase.cloud/entity/Q623,4550,EUSKAL HERRIA BULEBARRA
https://izendegi.wikibase.cloud/entity/Q624,4551,MEDITERRANEOAREN HIRIBIDEA
https://izendegi.wikibase.cloud/entity/Q625,4553,DONOSTIA KALEA
https://izendegi.wikibase.cloud/entity/Q626,4554,ORI KALEA
https://izendegi.wikibase.cloud/entity/Q627,4555,IRATI KALEA
https://izendegi.wikibase.cloud/entity/Q628,4556,GABRIEL ZELAIA KALEA
https://izendegi.wikibase.cloud/entity/Q629,4557,RAFAEL ALBERTI KALEA
https://izendegi.wikibase.cloud/entity/Q630,4558,PEDRO SALINAS KALEA
https://izendegi.wikibase.cloud/entity/Q631,4559,MIGUEL HERNANDEZ KALEA
https://izendegi.wikibase.cloud/entity/Q632,4560,GABRIEL ARESTI KALEA
https://izendegi.wikibase.cloud/entity/Q633,4561,ANGELA FIGUERA AYMERICH KALEA
https://izendegi.wikibase.cloud/entity/Q634,4562,AMADIS KALEA
https://izendegi.wikibase.cloud/entity/Q635,4563,SANTA OLAJA DE ACERO KALEA
https://izendegi.wikibase.cloud/entity/Q636,4564,GRAN SOL KALEA
https://izendegi.wikibase.cloud/entity/Q637,4565,CABALLO DE PICA KALEA
https://izendegi.wikibase.cloud/entity/Q638,4566,XABIER KALEA
https://izendegi.wikibase.cloud/entity/Q639,4567,LEIREKO MONASTERIOAREN KALEA
https://izendegi.wikibase.cloud/entity/Q640,4568,BELATE KALEA
https://izendegi.wikibase.cloud/entity/Q641,4569,RIGOBERTA MENCHU PLAZA
https://izendegi.wikibase.cloud/entity/Q642,4570,BUESATARREN KALEA
https://izendegi.wikibase.cloud/entity/Q643,4571,ZAPARDIEL KALEA
https://izendegi.wikibase.cloud/entity/Q644,4572,RENE CASSIN KALEA
https://izendegi.wikibase.cloud/entity/Q645,4573,JULIO CARO BAROJA KALEA
https://izendegi.wikibase.cloud/entity/Q646,4574,APRAIZTARREN KALEA
https://izendegi.wikibase.cloud/entity/Q647,4575,MARIA MAEZTU PARKEA
https://izendegi.wikibase.cloud/entity/Q648,4576,FRANCISCO TOMAS Y VALIENTE KALEA
https://izendegi.wikibase.cloud/entity/Q649,4577,JOSE ANTONIO ANDONEGI KALEA
https://izendegi.wikibase.cloud/entity/Q650,4578,JUAN IBAÑEZ DE SANTO DOMINGO KALEA
https://izendegi.wikibase.cloud/entity/Q651,4579,JUSTO VELEZ DE ELORRIAGA KALEA
https://izendegi.wikibase.cloud/entity/Q652,4580,ZUBEROA PLAZA
https://izendegi.wikibase.cloud/entity/Q653,4581,LAPURDI KALEA
https://izendegi.wikibase.cloud/entity/Q654,4582,BEHENAFARROA KALEA
https://izendegi.wikibase.cloud/entity/Q655,4583,PABLO NERUDA KALEA
https://izendegi.wikibase.cloud/entity/Q656,4584,JOSE ERBINA KALEA
https://izendegi.wikibase.cloud/entity/Q657,4585,GETARIA KALEA
https://izendegi.wikibase.cloud/entity/Q658,4586,ISABEL ORBE KALEA
https://izendegi.wikibase.cloud/entity/Q659,4587,MALTZAGA KALEA
https://izendegi.wikibase.cloud/entity/Q660,4588,EUSKALTZAINDIA PLAZA
https://izendegi.wikibase.cloud/entity/Q661,4593,GERARDO DIEGO KALEA
https://izendegi.wikibase.cloud/entity/Q662,4594,ERNESTINA CHAMPOURCIN KALEA
https://izendegi.wikibase.cloud/entity/Q663,4595,DAMASO ALONSO KALEA
https://izendegi.wikibase.cloud/entity/Q664,4596,JORGE GUILLEN KALEA
https://izendegi.wikibase.cloud/entity/Q665,4597,KATALUNIA PLAZA
https://izendegi.wikibase.cloud/entity/Q666,4598,BARTZELONA KALEA
https://izendegi.wikibase.cloud/entity/Q667,4599,TARRAGONA KALEA
https://izendegi.wikibase.cloud/entity/Q668,4600,LLEIDA KALEA
https://izendegi.wikibase.cloud/entity/Q669,4602,ZARAUTZ KALEA
https://izendegi.wikibase.cloud/entity/Q670,4604,ORIO KALEA
https://izendegi.wikibase.cloud/entity/Q671,4605,HONDARRIBI KALEA
https://izendegi.wikibase.cloud/entity/Q672,4606,ARANETA KALEA
https://izendegi.wikibase.cloud/entity/Q673,4607,LUZURIO KALEA
https://izendegi.wikibase.cloud/entity/Q674,4608,OILAMENDI KALEA
https://izendegi.wikibase.cloud/entity/Q675,4609,HARRIA KALEA
https://izendegi.wikibase.cloud/entity/Q676,4610,SANTA KATALINA KALEA
https://izendegi.wikibase.cloud/entity/Q677,4611,LANDABIÑA KALEA
https://izendegi.wikibase.cloud/entity/Q678,4612,AREATA KALEA
https://izendegi.wikibase.cloud/entity/Q679,4613,ZAROA KALEA
https://izendegi.wikibase.cloud/entity/Q680,4614,ARROXETA KALEA
https://izendegi.wikibase.cloud/entity/Q681,4615,AJANALDE KALEA
https://izendegi.wikibase.cloud/entity/Q682,4616,PADURAGOIA KALEA
https://izendegi.wikibase.cloud/entity/Q683,4617,TXIRPIA KALEA
https://izendegi.wikibase.cloud/entity/Q684,4618,AZUKREOLA KALEA
https://izendegi.wikibase.cloud/entity/Q685,4619,MAITE ZUÑIGA KALEA
https://izendegi.wikibase.cloud/entity/Q686,4620,MAURICE RAVEL LORATEGIA
https://izendegi.wikibase.cloud/entity/Q687,4621,GIRONA KALEA
https://izendegi.wikibase.cloud/entity/Q688,4622,ACCESO MIÑANO BIDEA
https://izendegi.wikibase.cloud/entity/Q689,4623,ARRIURDINA KALEA
https://izendegi.wikibase.cloud/entity/Q690,4624,AREATZA KALEA
https://izendegi.wikibase.cloud/entity/Q691,4625,UREDERRA IBAIAREN KALEA
https://izendegi.wikibase.cloud/entity/Q692,4626,ZAIA IBAIAREN KALEA
https://izendegi.wikibase.cloud/entity/Q693,4627,ZUBIALDE IBAIAREN KALEA
https://izendegi.wikibase.cloud/entity/Q694,4628,URAGANA IBAIAREN KALEA
https://izendegi.wikibase.cloud/entity/Q695,4629,BARRUNDIA IBAIAREN KALEA
https://izendegi.wikibase.cloud/entity/Q696,4630,BAIA IBAIAREN KALEA
https://izendegi.wikibase.cloud/entity/Q697,4631,UDA IBAIAREN KALEA
https://izendegi.wikibase.cloud/entity/Q698,4632,EGA IBAIAREN KALEA
https://izendegi.wikibase.cloud/entity/Q699,4633,OMECILLO IBAIAREN KALEA
https://izendegi.wikibase.cloud/entity/Q700,4634,BERRON IBAIAREN KALEA
https://izendegi.wikibase.cloud/entity/Q701,4635,INGLARES IBAIAREN KALEA
https://izendegi.wikibase.cloud/entity/Q702,4636,SANTA ENGRAZIA IBAIAREN KALEA
https://izendegi.wikibase.cloud/entity/Q703,4637,ROSALIA DE CASTRO KALEA
https://izendegi.wikibase.cloud/entity/Q704,4639,CONCHA ESPINA KALEA
https://izendegi.wikibase.cloud/entity/Q705,4640,GERTRUDIS GOMEZ DE AVELLANEDA KALEA
https://izendegi.wikibase.cloud/entity/Q706,4641,RAMON RUBIAL KALEA
https://izendegi.wikibase.cloud/entity/Q707,4642,JORGE DIEZ ELORZA LORATEGIA
https://izendegi.wikibase.cloud/entity/Q708,4643,NERBIOI IBAIAREN KALEA
https://izendegi.wikibase.cloud/entity/Q709,4644,OSEGARPE IBAIAREN KALEA
https://izendegi.wikibase.cloud/entity/Q710,4645,MAXIMO CASADO LORATEGIA
https://izendegi.wikibase.cloud/entity/Q711,4646,PURON IBAIAREN KALEA
https://izendegi.wikibase.cloud/entity/Q712,4647,ITURRIZABALETA IBAIAREN KALEA
https://izendegi.wikibase.cloud/entity/Q713,4648,UGALDE IBAIAREN KALEA
https://izendegi.wikibase.cloud/entity/Q714,4649,BAROA KALEA
https://izendegi.wikibase.cloud/entity/Q715,4650,BREMEN KALEA
https://izendegi.wikibase.cloud/entity/Q716,4651,DÜSSELDORF KALEA
https://izendegi.wikibase.cloud/entity/Q717,4652,STUTTGART KALEA
https://izendegi.wikibase.cloud/entity/Q718,4653,KALKUTAKO TERESA KALEA
https://izendegi.wikibase.cloud/entity/Q719,4654,JESUSEN BIHOTZEKO SANTA MARIA JOSEFA KALEA
https://izendegi.wikibase.cloud/entity/Q720,4655,MIREN MARTINEZ SAEZ DEL BURGO KALEA
https://izendegi.wikibase.cloud/entity/Q721,4656,BALENTIN BERRIOTXOA KALEA
https://izendegi.wikibase.cloud/entity/Q722,4657,ERREKABERRI IBAIAREN KALEA
https://izendegi.wikibase.cloud/entity/Q723,4658,SABANDO IBAIAREN KALEA
https://izendegi.wikibase.cloud/entity/Q724,4659,ISTORA IBAIAREN KALEA
https://izendegi.wikibase.cloud/entity/Q725,4660,EGILETA IBAIAREN KALEA
https://izendegi.wikibase.cloud/entity/Q726,4661,ELGETA KALEA
https://izendegi.wikibase.cloud/entity/Q727,4662,ASKATASUNAREN LORATEGIA
https://izendegi.wikibase.cloud/entity/Q728,4663,IZKIZ IBAIAREN KALEA
https://izendegi.wikibase.cloud/entity/Q729,4664,OKA IBAIAREN KALEA
https://izendegi.wikibase.cloud/entity/Q730,4665,LUIS  OLARIAGA KALEA
https://izendegi.wikibase.cloud/entity/Q731,4666,JUAN CRISOSTOMO ARRIAGA KALEA
https://izendegi.wikibase.cloud/entity/Q732,4667,LANBARRI KALEA
https://izendegi.wikibase.cloud/entity/Q733,4668,FELIX ALFARO FOURNIER KALEA
https://izendegi.wikibase.cloud/entity/Q734,4669,AZPEITIA KALEA
https://izendegi.wikibase.cloud/entity/Q735,4670,PERRETXIN KALEA
https://izendegi.wikibase.cloud/entity/Q736,4671,BORINBIZKARRA KALEA
https://izendegi.wikibase.cloud/entity/Q737,4672,ELEXALDE KALEA
https://izendegi.wikibase.cloud/entity/Q738,4673,MENDIGALAI KALEA
https://izendegi.wikibase.cloud/entity/Q739,4675,LAS ROTURAS KALEA
https://izendegi.wikibase.cloud/entity/Q740,4676,ASESTADERO KALEA
https://izendegi.wikibase.cloud/entity/Q1096,4677,JOSE LUIS COMPAÑON COMPA KALEA
https://izendegi.wikibase.cloud/entity/Q742,4679,MARTXOAK 8 ETORBIDEA
https://izendegi.wikibase.cloud/entity/Q743,4680,SALBURUA BULEBARRA
https://izendegi.wikibase.cloud/entity/Q744,4681,BRUSELA HIRIBIDEA
https://izendegi.wikibase.cloud/entity/Q745,4682,EUROPAR BATASUNAREN PLAZA
https://izendegi.wikibase.cloud/entity/Q746,4683,VIENA KALEA
https://izendegi.wikibase.cloud/entity/Q747,4684,PARIS HIRIBIDEA
https://izendegi.wikibase.cloud/entity/Q748,4685,ERROMA HIRIBIDEA
https://izendegi.wikibase.cloud/entity/Q749,4686,HELSINKI KALEA
https://izendegi.wikibase.cloud/entity/Q750,4687,DUBLIN KALEA
https://izendegi.wikibase.cloud/entity/Q751,4688,LISBOA KALEA
https://izendegi.wikibase.cloud/entity/Q752,4689,LONDRES HIRIBIDEA
https://izendegi.wikibase.cloud/entity/Q753,4690,LUXENBURGO KALEA
https://izendegi.wikibase.cloud/entity/Q754,4691,STOCKHOLM KALEA
https://izendegi.wikibase.cloud/entity/Q755,4692,KOPENHAGE KALEA
https://izendegi.wikibase.cloud/entity/Q756,4693,AMSTERDAM KALEA
https://izendegi.wikibase.cloud/entity/Q757,4694,ESTRASBURGO IBILBIDEA
https://izendegi.wikibase.cloud/entity/Q758,4695,BERLIN IBILBIDEA
https://izendegi.wikibase.cloud/entity/Q759,4696,EUROPA IBILBIDEA
https://izendegi.wikibase.cloud/entity/Q760,4697,AERODROMOKO IBILBIDEA
https://izendegi.wikibase.cloud/entity/Q761,4698,HAGA KALEA
https://izendegi.wikibase.cloud/entity/Q762,4699,ATENAS IBILBIDEA
https://izendegi.wikibase.cloud/entity/Q763,4700,MUSIKAREN IBILBIDEA
https://izendegi.wikibase.cloud/entity/Q764,4701,ANTZUOLA KALEA
https://izendegi.wikibase.cloud/entity/Q765,4702,AZKOITIA KALEA
https://izendegi.wikibase.cloud/entity/Q766,4703,ELORRIO KALEA
https://izendegi.wikibase.cloud/entity/Q767,4704,LEGAZPI KALEA
https://izendegi.wikibase.cloud/entity/Q768,4705,BARTOLOME DE LAS CASAS KALEA
https://izendegi.wikibase.cloud/entity/Q769,4706,ABRAHAM LINCOLN KALEA
https://izendegi.wikibase.cloud/entity/Q770,4707,ZABALGANA HIRIBIDEA
https://izendegi.wikibase.cloud/entity/Q771,4708,AALBORGEKO KARTAREN KALEA
https://izendegi.wikibase.cloud/entity/Q772,4709,MARTIN LUTHER KING KALEA
https://izendegi.wikibase.cloud/entity/Q773,4710,ILUSTRAZIOAREN HIRIBIDEA
https://izendegi.wikibase.cloud/entity/Q774,4711,SOFIA ERREGINAREN HIRIBIDEA
https://izendegi.wikibase.cloud/entity/Q775,4712,ESKIBEL IBILBIDEA
https://izendegi.wikibase.cloud/entity/Q776,4713,ZUHATZUKO ATEA
https://izendegi.wikibase.cloud/entity/Q777,4714,OION KALEA
https://izendegi.wikibase.cloud/entity/Q778,4715,NAZIO BATUEN HIRIBIDEA
https://izendegi.wikibase.cloud/entity/Q779,4716,UNICEFEN IBILBIDEA
https://izendegi.wikibase.cloud/entity/Q780,4717,GIZA ESKUBIDEEN HIRIBIDEA
https://izendegi.wikibase.cloud/entity/Q781,4718,EHARI IBAIAREN ZIDORRA
https://izendegi.wikibase.cloud/entity/Q782,4719,JOAN PAULO II.AREN IBILBIDEA
https://izendegi.wikibase.cloud/entity/Q783,4720,UZBINA KALEA
https://izendegi.wikibase.cloud/entity/Q784,4721,CARMELO BERNAOLA IBILBIDEA
https://izendegi.wikibase.cloud/entity/Q785,4722,ALEGRIA IBAIAREN IBILBIDEA
https://izendegi.wikibase.cloud/entity/Q786,4723,ZUMAIA PLAZA
https://izendegi.wikibase.cloud/entity/Q787,4724,MAHATMA GANDHI KALEA
https://izendegi.wikibase.cloud/entity/Q788,4725,NELSON MANDELA KALEA
https://izendegi.wikibase.cloud/entity/Q789,4726,EL CALCE KALEA
https://izendegi.wikibase.cloud/entity/Q790,4727,RIOKO DEKLARAZIOAREN KALEA
https://izendegi.wikibase.cloud/entity/Q791,4728,ATENASKO KARTAREN KALEA
https://izendegi.wikibase.cloud/entity/Q792,4729,ERMUA KALEA
https://izendegi.wikibase.cloud/entity/Q793,4730,RAMON FERNANDEZ DE PIEROLA APEZPIKUAREN LORATEGIA
https://izendegi.wikibase.cloud/entity/Q794,4732,CURITIBA KALEA
https://izendegi.wikibase.cloud/entity/Q795,4733,VARSOVIA HIRIBIDEA
https://izendegi.wikibase.cloud/entity/Q796,4734,BUDAPEST HIRIBIDEA
https://izendegi.wikibase.cloud/entity/Q797,4735,PRAGA HIRIBIDEA
https://izendegi.wikibase.cloud/entity/Q798,4736,BRATISLAVA HIRIBIDEA
https://izendegi.wikibase.cloud/entity/Q799,4737,ANKARA IBILBIDEA
https://izendegi.wikibase.cloud/entity/Q800,4738,TALLINN KALEA
https://izendegi.wikibase.cloud/entity/Q801,4739,RIGA KALEA
https://izendegi.wikibase.cloud/entity/Q802,4740,VILNIUS KALEA
https://izendegi.wikibase.cloud/entity/Q803,4741,BUKAREST KALEA
https://izendegi.wikibase.cloud/entity/Q804,4742,SOFIA KALEA
https://izendegi.wikibase.cloud/entity/Q805,4743,LJUBLJANA KALEA
https://izendegi.wikibase.cloud/entity/Q806,4744,NIKOSIA KALEA
https://izendegi.wikibase.cloud/entity/Q807,4745,VALLETTA KALEA
https://izendegi.wikibase.cloud/entity/Q808,4746,EKIALDEKO PARKEA
https://izendegi.wikibase.cloud/entity/Q809,4747,IRUÑA-VELEIA HIRIBIDEA
https://izendegi.wikibase.cloud/entity/Q810,4748,ARANBURUTARREN KALEA
https://izendegi.wikibase.cloud/entity/Q811,4749,GURUTZE GORRIAREN IBILBIDEA
https://izendegi.wikibase.cloud/entity/Q812,4750,UNESCOREN IBILBIDEA
https://izendegi.wikibase.cloud/entity/Q813,4751,PERRETAGANA KALEA
https://izendegi.wikibase.cloud/entity/Q814,4752,ERROTAURRA KALEA
https://izendegi.wikibase.cloud/entity/Q815,4753,ORTUOSTE KALEA
https://izendegi.wikibase.cloud/entity/Q816,4754,ERREKARTEA KALEA
https://izendegi.wikibase.cloud/entity/Q817,4755,MENDIGULARRA KALEA
https://izendegi.wikibase.cloud/entity/Q818,4756,JUANITO OIARZABAL KALEA
https://izendegi.wikibase.cloud/entity/Q819,4757,LECH WALESA KALEA
https://izendegi.wikibase.cloud/entity/Q820,4758,DALAI LAMAREN KALEA
https://izendegi.wikibase.cloud/entity/Q821,4760,BASTIDA KALEA
https://izendegi.wikibase.cloud/entity/Q822,4761,ALEJANDRO MENDIZABAL INGENIARIAREN KALEA
https://izendegi.wikibase.cloud/entity/Q823,4762,NEBERA KALEA
https://izendegi.wikibase.cloud/entity/Q824,4763,EUSKADIKO HIRIBURUAREN ETORBIDEA
https://izendegi.wikibase.cloud/entity/Q825,4764,MARITURRI BULEBARRA
https://izendegi.wikibase.cloud/entity/Q826,4765,ARKUPEDUNA PLAZA
https://izendegi.wikibase.cloud/entity/Q827,4766,BIOSFERAREN IBILBIDEA
https://izendegi.wikibase.cloud/entity/Q828,4767,LA ENEIDA KALEA
https://izendegi.wikibase.cloud/entity/Q829,4768,ILIADA  IBILBIDEA
https://izendegi.wikibase.cloud/entity/Q830,4769,ZUBITAGA KALEA
https://izendegi.wikibase.cloud/entity/Q831,4770,NORTEKO TRENBIDEAREN KALEA
https://izendegi.wikibase.cloud/entity/Q832,4771,ANTONINO IBILBIDEAREN KALEA
https://izendegi.wikibase.cloud/entity/Q833,4772,PARISKO ITUNAREN KALEA
https://izendegi.wikibase.cloud/entity/Q834,4773,ARANBALTZA KALEA
https://izendegi.wikibase.cloud/entity/Q835,4774,ASKARRA KALEA
https://izendegi.wikibase.cloud/entity/Q836,4775,BIDEGANA KALEA
https://izendegi.wikibase.cloud/entity/Q837,4776,BILODABIDEA KALEA
https://izendegi.wikibase.cloud/entity/Q838,4777,FUENTECILLAS KALEA
https://izendegi.wikibase.cloud/entity/Q839,4778,MASPARRA KALEA
https://izendegi.wikibase.cloud/entity/Q840,4779,ELORRIBARRA KALEA
https://izendegi.wikibase.cloud/entity/Q841,4780,ZEARSOLOETA KALEA
https://izendegi.wikibase.cloud/entity/Q842,4781,ITURRIZULO KALEA
https://izendegi.wikibase.cloud/entity/Q843,4782,LANTZIEGO KALEA
https://izendegi.wikibase.cloud/entity/Q844,4783,ALBA KALEA
https://izendegi.wikibase.cloud/entity/Q845,4784,ERROMESEN IBILBIDEA
https://izendegi.wikibase.cloud/entity/Q846,4785,SAN ADRIANGO TUNELAREN KALEA
https://izendegi.wikibase.cloud/entity/Q847,4786,ULTREYA KALEA
https://izendegi.wikibase.cloud/entity/Q848,4787,KONPOSTELA KALEA
https://izendegi.wikibase.cloud/entity/Q849,4788,JUBILEU KALEA
https://izendegi.wikibase.cloud/entity/Q850,4789,OSTATU EMAILEEN KALEA
https://izendegi.wikibase.cloud/entity/Q851,4790,BERPIZKUNDEAREN PLAZA
https://izendegi.wikibase.cloud/entity/Q852,4791,ARABAKO MIÑOIEN KALEA
https://izendegi.wikibase.cloud/entity/Q853,4792,JESUS MARIA VELASCO KALEA
https://izendegi.wikibase.cloud/entity/Q854,4793,EUGENIO LAZARO KALEA
https://izendegi.wikibase.cloud/entity/Q855,4794,BEISTEGI HERMANOS KALEA
https://izendegi.wikibase.cloud/entity/Q856,4795,JOSE IGNACIO USTARAN KALEA
https://izendegi.wikibase.cloud/entity/Q857,4796,EUROPAKO KONSTITUZIOAREN KALEA
https://izendegi.wikibase.cloud/entity/Q858,4798,LABRAZA IBILBIDEA
https://izendegi.wikibase.cloud/entity/Q859,4799,GALILEO KALEA
https://izendegi.wikibase.cloud/entity/Q860,4800,NADINE GORDIMER KALEA
https://izendegi.wikibase.cloud/entity/Q861,4801,MARIA TERESA LEON KALEA
https://izendegi.wikibase.cloud/entity/Q862,4802,SALVADOR DALI KALEA
https://izendegi.wikibase.cloud/entity/Q863,4803,JUAN GRIS KALEA
https://izendegi.wikibase.cloud/entity/Q864,4804,ARTZUA KALEA
https://izendegi.wikibase.cloud/entity/Q865,4805,ZARAUNAREN ZIDORRA
https://izendegi.wikibase.cloud/entity/Q866,4806,BURADON GATZAGA PARKEA
https://izendegi.wikibase.cloud/entity/Q867,4807,BINASPERI PARKEA
https://izendegi.wikibase.cloud/entity/Q868,4808,SERNA KALEA
https://izendegi.wikibase.cloud/entity/Q869,4809,ELTZIEGO KALEA
https://izendegi.wikibase.cloud/entity/Q870,4810,LEZA KALEA
https://izendegi.wikibase.cloud/entity/Q871,4811,BILLAR KALEA
https://izendegi.wikibase.cloud/entity/Q872,4812,KRIPAN KALEA
https://izendegi.wikibase.cloud/entity/Q873,4813,GORREBUSTO KALEA
https://izendegi.wikibase.cloud/entity/Q874,4814,EKORA KALEA
https://izendegi.wikibase.cloud/entity/Q875,4815,MOREDA IBILBIDEA
https://izendegi.wikibase.cloud/entity/Q876,4816,LAPUEBLA DE LABARCA KALEA
https://izendegi.wikibase.cloud/entity/Q877,4817,PAGANOS IBILBIDEA
https://izendegi.wikibase.cloud/entity/Q878,4818,VILLABUENA DE ALAVA KALEA
https://izendegi.wikibase.cloud/entity/Q879,4819,MAÑUETA KALEA
https://izendegi.wikibase.cloud/entity/Q880,4820,NAVARIDAS KALEA
https://izendegi.wikibase.cloud/entity/Q881,4821,TULLICA PLAZA
https://izendegi.wikibase.cloud/entity/Q882,4822,GABRIELA MISTRAL KALEA
https://izendegi.wikibase.cloud/entity/Q883,4823,DORIS LESSING KALEA
https://izendegi.wikibase.cloud/entity/Q884,4824,CLARA CAMPOAMOR KALEA
https://izendegi.wikibase.cloud/entity/Q885,4828,PABLO PICASSO KALEA
https://izendegi.wikibase.cloud/entity/Q886,4829,ALFONSO PARADA PLAZA
https://izendegi.wikibase.cloud/entity/Q887,4830,"VICENTE BELTRAN DE HEREDIA, PLAZA"
https://izendegi.wikibase.cloud/entity/Q888,4831,SOR SOFIA PLAZA
https://izendegi.wikibase.cloud/entity/Q889,4832,ALEXANDRE DUMAS PLAZA
https://izendegi.wikibase.cloud/entity/Q890,4833,TIRRENIAR ITSASOAREN KALEA
https://izendegi.wikibase.cloud/entity/Q891,4834,ITSASO BALTIKOAREN KALEA
https://izendegi.wikibase.cloud/entity/Q892,4835,OZEANO ATLANTIKOAREN KALEA
https://izendegi.wikibase.cloud/entity/Q893,4837,OZEANO BAREAREN KALEA
https://izendegi.wikibase.cloud/entity/Q894,4838,IPAR ITSASOAREN KALEA
https://izendegi.wikibase.cloud/entity/Q895,4839,HANS CHRISTIAN ANDERSEN KALEA
https://izendegi.wikibase.cloud/entity/Q896,4840,GUSTAVE DORE PLAZA
https://izendegi.wikibase.cloud/entity/Q897,4841,HENRY MORTON STANLEY KALEA
https://izendegi.wikibase.cloud/entity/Q898,4842,IGNACIO RUIZ DE LUZURIAGA KALEA
https://izendegi.wikibase.cloud/entity/Q899,4843,JERONIMO ROURE KALEA
https://izendegi.wikibase.cloud/entity/Q900,4844,ANTONIARENEKO PLAZA
https://izendegi.wikibase.cloud/entity/Q901,4845,MENDIA KALEA
https://izendegi.wikibase.cloud/entity/Q902,4846,TONI MORRISON KALEA
https://izendegi.wikibase.cloud/entity/Q903,4847,HEZEGUNEEN IBILBIDEA
https://izendegi.wikibase.cloud/entity/Q904,4848,MENDITXO KALEA
https://izendegi.wikibase.cloud/entity/Q905,4849,PAUSETAKO BIDEA
https://izendegi.wikibase.cloud/entity/Q906,4850,ANTONI TAPIES KALEA
https://izendegi.wikibase.cloud/entity/Q907,4851,MARGARITA NELKEN KALEA
https://izendegi.wikibase.cloud/entity/Q908,4852,VICTORIA KENT KALEA
https://izendegi.wikibase.cloud/entity/Q909,4853,TULLONIO KALEA
https://izendegi.wikibase.cloud/entity/Q910,4854,PROSPER MERIMEE KALEA
https://izendegi.wikibase.cloud/entity/Q911,4857,ARKAIABIDEA
https://izendegi.wikibase.cloud/entity/Q912,4859,GABRIEL MARTINEZ DE ARAGON URBIZTONDO KALEA
https://izendegi.wikibase.cloud/entity/Q913,4860,TEODORO OLARTE AIZPURU KALEA
https://izendegi.wikibase.cloud/entity/Q914,4861,CONCEPCION ARENAL PONTE KALEA
https://izendegi.wikibase.cloud/entity/Q915,4862,JORGE FERNANDEZ IBARRA KALEA
https://izendegi.wikibase.cloud/entity/Q916,4866,PRIMITIBO HERRERO RUBIO KALEA
https://izendegi.wikibase.cloud/entity/Q917,4867,MARIA LEJARRAGA GARCIA KALEA
https://izendegi.wikibase.cloud/entity/Q918,4868,MARTA MATA I GARRIGA KALEA
https://izendegi.wikibase.cloud/entity/Q919,4869,DOLORES IBARRURI GOMEZ KALEA
https://izendegi.wikibase.cloud/entity/Q920,4870,LUIS ALABA SAUTU KALEA
https://izendegi.wikibase.cloud/entity/Q921,4871,ANTONIO AMAT MAIZ KALEA
https://izendegi.wikibase.cloud/entity/Q922,4872,MARIANA PINEDA MUÑOZ KALEA
https://izendegi.wikibase.cloud/entity/Q923,4873,GUILLERMO ELIO MOLINUEVO PLAZA
https://izendegi.wikibase.cloud/entity/Q924,4874,BASABURUA KALEA
https://izendegi.wikibase.cloud/entity/Q925,4875,POZOANDI KALEA
https://izendegi.wikibase.cloud/entity/Q926,4876,ARANBEA KALEA
https://izendegi.wikibase.cloud/entity/Q927,4877,ALKAZARRA KALEA
https://izendegi.wikibase.cloud/entity/Q928,4878,MEKATEGI KALEA
https://izendegi.wikibase.cloud/entity/Q929,4879,BASATXOA KALEA
https://izendegi.wikibase.cloud/entity/Q930,4880,ALDOÑA KALEA
https://izendegi.wikibase.cloud/entity/Q931,4881,PELINGANA KALEA
https://izendegi.wikibase.cloud/entity/Q932,4882,KURUTZEKOLARRA KALEA
https://izendegi.wikibase.cloud/entity/Q933,4883,ISAAC PUENTE AMESTOY KALEA
https://izendegi.wikibase.cloud/entity/Q934,4885,BARRUNDIA KALEA
https://izendegi.wikibase.cloud/entity/Q935,4886,DONEMILIAGA KALEA
https://izendegi.wikibase.cloud/entity/Q936,4887,IRURAITZ-GAUNA KALEA
https://izendegi.wikibase.cloud/entity/Q937,4888,ASPARRENA KALEA
https://izendegi.wikibase.cloud/entity/Q938,4889,ZALDUONDO KALEA
https://izendegi.wikibase.cloud/entity/Q939,4890,ERENTXUN KALEA
https://izendegi.wikibase.cloud/entity/Q940,4891,FELIX GONZALEZ PETITE KALEA
https://izendegi.wikibase.cloud/entity/Q941,4892,ETURA KALEA
https://izendegi.wikibase.cloud/entity/Q942,4893,GORDOA KALEA
https://izendegi.wikibase.cloud/entity/Q943,4894,LARREA KALEA
https://izendegi.wikibase.cloud/entity/Q944,4895,MATURA KALEA
https://izendegi.wikibase.cloud/entity/Q945,4896,OKARIZ KALEA
https://izendegi.wikibase.cloud/entity/Q946,4897,ANDOIN KALEA
https://izendegi.wikibase.cloud/entity/Q947,4898,ARAIA KALEA
https://izendegi.wikibase.cloud/entity/Q948,4899,MARIETA PLAZA
https://izendegi.wikibase.cloud/entity/Q949,4900,ADANA PLAZA
https://izendegi.wikibase.cloud/entity/Q950,4901,GALARRETA KALEA
https://izendegi.wikibase.cloud/entity/Q951,4902,ESTIBALIZ
https://izendegi.wikibase.cloud/entity/Q952,4905,USAKERRA KALEA
https://izendegi.wikibase.cloud/entity/Q953,4907,JOSE LUIS ISASI KALEA
https://izendegi.wikibase.cloud/entity/Q954,4908,BLANCA DE SILOS KALEA
https://izendegi.wikibase.cloud/entity/Q955,4909,ISABEL URKIOLA KALEA
https://izendegi.wikibase.cloud/entity/Q956,4910,ARCENA KALEA
https://izendegi.wikibase.cloud/entity/Q957,4911,GASTEIZKO MENDIEN KALEA
https://izendegi.wikibase.cloud/entity/Q958,4912,EREA KALEA
https://izendegi.wikibase.cloud/entity/Q959,4913,ARKAMU KALEA
https://izendegi.wikibase.cloud/entity/Q960,4914,IZKI KALEA
https://izendegi.wikibase.cloud/entity/Q961,4915,BELABIA KALEA
https://izendegi.wikibase.cloud/entity/Q962,4916,ENTZIA KALEA
https://izendegi.wikibase.cloud/entity/Q963,4917,URKILLA KALEA
https://izendegi.wikibase.cloud/entity/Q964,4918,LARRANGOITI KALEA
https://izendegi.wikibase.cloud/entity/Q965,4919,URKITZA KALEA
https://izendegi.wikibase.cloud/entity/Q966,4920,GAMARRARTEA KALEA
https://izendegi.wikibase.cloud/entity/Q967,4921,BUSTURBI KALEA
https://izendegi.wikibase.cloud/entity/Q968,4922,ITURGANA KALEA
https://izendegi.wikibase.cloud/entity/Q969,4923,BASTOBI KALEA
https://izendegi.wikibase.cloud/entity/Q970,4924,DONEASPIDEA KALEA
https://izendegi.wikibase.cloud/entity/Q971,4925,ARTANDI KALEA
https://izendegi.wikibase.cloud/entity/Q972,4926,SAN ANDRES KALEA
https://izendegi.wikibase.cloud/entity/Q973,4927,URRUTXAGA KALEA
https://izendegi.wikibase.cloud/entity/Q974,4928,HERRIKO PLAZA
https://izendegi.wikibase.cloud/entity/Q975,4929,PRESAGANA KALEA
https://izendegi.wikibase.cloud/entity/Q976,4930,MIGUEL LATOURNEUR KALEA
https://izendegi.wikibase.cloud/entity/Q977,4931,TREBIÑUBIDE HIRIBIDEA
https://izendegi.wikibase.cloud/entity/Q978,4932,ARANTZA SANTUA KALEA
https://izendegi.wikibase.cloud/entity/Q979,4933,JUAN PABLO BENGOETXEA KALEA
https://izendegi.wikibase.cloud/entity/Q980,4934,ARTETXO KALEA
https://izendegi.wikibase.cloud/entity/Q981,4935,LARRINPEA KALEA
https://izendegi.wikibase.cloud/entity/Q982,4936,ITURRIAGA KALEA
https://izendegi.wikibase.cloud/entity/Q983,4937,SANTA EULALIA KALEA
https://izendegi.wikibase.cloud/entity/Q984,4938,ERROTALDE KALEA
https://izendegi.wikibase.cloud/entity/Q985,4939,SARLUZE KALEA
https://izendegi.wikibase.cloud/entity/Q986,4940,ETXALDEBIDEA
https://izendegi.wikibase.cloud/entity/Q987,4941,LARRA IBILBIDEA
https://izendegi.wikibase.cloud/entity/Q988,4942,DEHESA KALEA
https://izendegi.wikibase.cloud/entity/Q989,4943,MALIZ KALEA
https://izendegi.wikibase.cloud/entity/Q990,4944,ALDAPA KALEA
https://izendegi.wikibase.cloud/entity/Q991,4945,LANDA KALEA
https://izendegi.wikibase.cloud/entity/Q992,4946,ITURBIDEA
https://izendegi.wikibase.cloud/entity/Q993,4947,LARRINTZAR KALEA
https://izendegi.wikibase.cloud/entity/Q994,4948,SAN JULIAN KALEA
https://izendegi.wikibase.cloud/entity/Q995,4949,MENDIBE KALEA
https://izendegi.wikibase.cloud/entity/Q996,4950,ZIKIRIMENDI PLAZA
https://izendegi.wikibase.cloud/entity/Q997,4951,KALE NAGUSIA
https://izendegi.wikibase.cloud/entity/Q998,4952,BEKOLASA KALEA
https://izendegi.wikibase.cloud/entity/Q999,4953,GOIENA KALEA
https://izendegi.wikibase.cloud/entity/Q1000,4954,ITURBIDE KALEA
https://izendegi.wikibase.cloud/entity/Q1001,4955,BIDEZARRA KALEA
https://izendegi.wikibase.cloud/entity/Q1002,4956,ITXINAGA KALEA
https://izendegi.wikibase.cloud/entity/Q1003,4957,LAS CALLEJAS KALEA
https://izendegi.wikibase.cloud/entity/Q1004,4958,AMATIERRA KALEA
https://izendegi.wikibase.cloud/entity/Q1005,4965,MENDIBE PLAZA
https://izendegi.wikibase.cloud/entity/Q1006,4966,VICENTE NUÑEZ RABAZ PARKEA
https://izendegi.wikibase.cloud/entity/Q1007,4967,ANAHEIM PLAZA
https://izendegi.wikibase.cloud/entity/Q1008,4968,CARLOS ABAITUA LAZPITA PASABIDEA
https://izendegi.wikibase.cloud/entity/Q1009,4969,URREZKO ZELEDONEN PLAZA
https://izendegi.wikibase.cloud/entity/Q1010,4970,JOSE MARIA EGUILUZ RUIZ DE OLANO PARKEA
https://izendegi.wikibase.cloud/entity/Q1011,4971,SAN ANTONIO MARIA CLARET PLAZA
https://izendegi.wikibase.cloud/entity/Q1012,4973,GREEN CAPITAL PLAZA
https://izendegi.wikibase.cloud/entity/Q1013,4974,RESURRECCION MARIA DE AZKUE KALEA
https://izendegi.wikibase.cloud/entity/Q1014,4975,MARTIN TTIPIA LEKUA
https://izendegi.wikibase.cloud/entity/Q1015,4976,EUSKALDUNBERRI PLAZA
https://izendegi.wikibase.cloud/entity/Q1016,4977,PRESENTACION DE MARIA LORATEGIA
https://izendegi.wikibase.cloud/entity/Q1017,4978,UDALAREN PLAZA
https://izendegi.wikibase.cloud/entity/Q1018,4979,JOSÉ MIGUEL FERNÁNDEZ DE PINEDO PARKEA
https://izendegi.wikibase.cloud/entity/Q1019,4980,ITURGUTXI KALEA
https://izendegi.wikibase.cloud/entity/Q1020,4981,SEBASTIÁN IRADIER PLAZA
https://izendegi.wikibase.cloud/entity/Q1021,4982,KIOTOKO ITUNA KAELA
https://izendegi.wikibase.cloud/entity/Q1022,4983,MONTREALEKO ITUNA KALEA
https://izendegi.wikibase.cloud/entity/Q1023,4984,MEMORIAREN PLAZA
https://izendegi.wikibase.cloud/entity/Q1024,4985,DARÍA IMBERT ARANGUREN
https://izendegi.wikibase.cloud/entity/Q1025,4986,MARIA SARMIENTO PLAZA
https://izendegi.wikibase.cloud/entity/Q1026,4987,JUNCAL BALLESTÍN PLAZA
https://izendegi.wikibase.cloud/entity/Q1027,4988,MARÍA PILAR DE ACEDO Y SARRIA LORATEGIA
https://izendegi.wikibase.cloud/entity/Q1028,4989,"MARÍA CONCEPCIÓN LÓPEZ DE ARROIABE, PLAZA"
https://izendegi.wikibase.cloud/entity/Q1029,4990,"BASILISA TARRIOS URIONDO, ZIDORRA"
https://izendegi.wikibase.cloud/entity/Q1030,4991,TERESA SÁNCHEZ DE BILBAO PARKEA
https://izendegi.wikibase.cloud/entity/Q1031,4992,EMAKUME KARTAGILEEN PLAZA
https://izendegi.wikibase.cloud/entity/Q1032,6000,ABETXUKU
https://izendegi.wikibase.cloud/entity/Q1033,6020,ABERASTURI
https://izendegi.wikibase.cloud/entity/Q1034,6030,EHARI
https://izendegi.wikibase.cloud/entity/Q1035,6050,AMARITA
https://izendegi.wikibase.cloud/entity/Q1036,6060,ANDOLLU
https://izendegi.wikibase.cloud/entity/Q1037,6070,ANDETXA
https://izendegi.wikibase.cloud/entity/Q1038,6090,ARANGIZ
https://izendegi.wikibase.cloud/entity/Q1039,6100,ARKAUTI
https://izendegi.wikibase.cloud/entity/Q1040,6110,ARKAIA
https://izendegi.wikibase.cloud/entity/Q1041,6120,ARETXABALETA
https://izendegi.wikibase.cloud/entity/Q1042,6130,ARGANDOÑA
https://izendegi.wikibase.cloud/entity/Q1043,6140,ARINIZ
https://izendegi.wikibase.cloud/entity/Q1044,6150,ARMENTIA
https://izendegi.wikibase.cloud/entity/Q1045,6160,ARRIAGA
https://izendegi.wikibase.cloud/entity/Q1046,6170,ARTATZA FORONDA
https://izendegi.wikibase.cloud/entity/Q1047,6180,ASKARTZA
https://izendegi.wikibase.cloud/entity/Q1048,6190,AZTEGIETA
https://izendegi.wikibase.cloud/entity/Q1049,6200,BERROZTEGIETA
https://izendegi.wikibase.cloud/entity/Q1050,6210,BETOÑU
https://izendegi.wikibase.cloud/entity/Q1051,6220,BOLIBAR
https://izendegi.wikibase.cloud/entity/Q1052,6230,GAZTELU
https://izendegi.wikibase.cloud/entity/Q1053,6240,ZERIO
https://izendegi.wikibase.cloud/entity/Q1054,6250,KRISPIÑA
https://izendegi.wikibase.cloud/entity/Q1055,6280,ELORRIAGA
https://izendegi.wikibase.cloud/entity/Q1056,6290,ESKIBEL
https://izendegi.wikibase.cloud/entity/Q1057,6300,ESTARROA
https://izendegi.wikibase.cloud/entity/Q1058,6320,FORONDA
https://izendegi.wikibase.cloud/entity/Q1059,6330,GAMARRA
https://izendegi.wikibase.cloud/entity/Q1060,6340,GAMARRAGUTXIA
https://izendegi.wikibase.cloud/entity/Q1061,6350,GAMIZ
https://izendegi.wikibase.cloud/entity/Q1062,6360,GARDELEGI
https://izendegi.wikibase.cloud/entity/Q1063,6370,GOBEU
https://izendegi.wikibase.cloud/entity/Q1064,6390,GOMETXA
https://izendegi.wikibase.cloud/entity/Q1065,6410,GEREÑA
https://izendegi.wikibase.cloud/entity/Q1066,6420,OTOBARREN
https://izendegi.wikibase.cloud/entity/Q1067,6430,OTOGOIEN
https://izendegi.wikibase.cloud/entity/Q1068,6440,ILARRATZA
https://izendegi.wikibase.cloud/entity/Q1069,6450,JUNGITU
https://izendegi.wikibase.cloud/entity/Q1070,6470,LASARTE
https://izendegi.wikibase.cloud/entity/Q1071,6480,LEGARDA
https://izendegi.wikibase.cloud/entity/Q1072,6490,LERMANDA
https://izendegi.wikibase.cloud/entity/Q1073,6500,LOPIDA
https://izendegi.wikibase.cloud/entity/Q1074,6510,LUBINAO
https://izendegi.wikibase.cloud/entity/Q1075,6530,MANDOIA
https://izendegi.wikibase.cloud/entity/Q1076,6540,MARGARITA
https://izendegi.wikibase.cloud/entity/Q1077,6550,MARTIODA
https://izendegi.wikibase.cloud/entity/Q1078,6560,MATAUKU
https://izendegi.wikibase.cloud/entity/Q1079,6570,MENDIGUREN
https://izendegi.wikibase.cloud/entity/Q1080,6580,MENDIOLA
https://izendegi.wikibase.cloud/entity/Q1081,6585,MENDOZA
https://izendegi.wikibase.cloud/entity/Q1082,6600,MIÑAO
https://izendegi.wikibase.cloud/entity/Q1083,6610,MIÑAOGUTXIA
https://izendegi.wikibase.cloud/entity/Q1084,6620,MONASTERIOGUREN
https://izendegi.wikibase.cloud/entity/Q1085,6650,OREITIA
https://izendegi.wikibase.cloud/entity/Q1086,6670,OTAZU
https://izendegi.wikibase.cloud/entity/Q1087,6680,ERRETANA
https://izendegi.wikibase.cloud/entity/Q1088,6690,SUBILLA GASTEIZ
https://izendegi.wikibase.cloud/entity/Q1089,6700,URRIBARRI ARRATZUA
https://izendegi.wikibase.cloud/entity/Q1090,6710,URIBARRI NAGUSIA
https://izendegi.wikibase.cloud/entity/Q1091,6720,URIBARRI DIBIÑA
https://izendegi.wikibase.cloud/entity/Q1092,6750,VILLAFRANCA
https://izendegi.wikibase.cloud/entity/Q1093,6770,IHURRE
https://izendegi.wikibase.cloud/entity/Q1094,6780,ZUHATZU
https://izendegi.wikibase.cloud/entity/Q1095,6790,ZUMELTZU
