DOI	URL
10.26876/ikergazte.i.01	https://www.inguma.eus/produkzioa/ikusi/ar-euskararen-sorkuntza-automatikoa-lehen-urratsak
10.26876/ikergazte.i.02	https://www.inguma.eus/produkzioa/ikusi/ar-euskararako-hpsg-gramatikaren-lehen-proposamena
10.26876/ikergazte.i.03	https://www.inguma.eus/produkzioa/ikusi/ar-konbitzul-euskarazko-eta-gaztelaniazko-izen-aditz-konbinazioen-datu-basea
10.26876/ikergazte.i.04	https://www.inguma.eus/produkzioa/ikusi/ar-o-sudurkarituaren-igoera-ekialdeko-euskalkietan
10.26876/ikergazte.i.05	https://www.inguma.eus/produkzioa/ikusi/ar-euskarazko-denbora-egituren-tratamendu-automatikorako-azterketa
10.26876/ikergazte.i.06	https://www.inguma.eus/produkzioa/ikusi/ar-ama-hizkuntza-gaztelania-duten-euskara-ikastun-helduen-euskal-txistukarien-oharmena-eta-ekoizpena
10.26876/ikergazte.i.07	https://www.inguma.eus/produkzioa/ikusi/ar-hizkuntzaren-prozesamendua-garun-eremu-motorrean
10.26876/ikergazte.i.08	https://www.inguma.eus/produkzioa/ikusi/ar-guak-trantsizioan-euskal-herriko-lau-kultura-politiko-nagusien-memoria-eta-nortasuna-1975-1980
10.26876/ikergazte.i.09	https://www.inguma.eus/produkzioa/ikusi/ar-markatzaile-diskurtsiboak-ikasle-entzuleek-espainiar-zeinu-hizkuntzan-ekoiztutako-testuetan
10.26876/ikergazte.i.10	https://www.inguma.eus/produkzioa/ikusi/ar-unitate-fraseologikoen-itzulpena-alemana-euskara-corpusean-oinarritutako-analisia
10.26876/ikergazte.i.100	https://www.inguma.eus/produkzioa/ikusi/ar-erresilientzia-zailtasunei-aurre-egiteko-prozesu-bezala-desoreka-bipolarretan-emandako-zuzeneko-esperientzia
10.26876/ikergazte.i.101	https://www.inguma.eus/produkzioa/ikusi/ar-osasun-txosten-elebidunak-posible-ote
10.26876/ikergazte.i.102	https://www.inguma.eus/produkzioa/ikusi/ar-eskemek-nerabeen-depresio-sintomen-agerpena-iragartzen-dute-inferentzien-bidez
10.26876/ikergazte.i.103	https://www.inguma.eus/produkzioa/ikusi/ar-lotura-hertsien-gene-adierazpenaren-alterazioa-eritasun-zeliakoan
10.26876/ikergazte.i.104	https://www.inguma.eus/produkzioa/ikusi/ar-hiperkolesterolemia-familiarra-ldlr-apob-eta-pcsk9-en-mutazioen-balioztapen-funtzionala-diagnostiko-zehatz-baterako
10.26876/ikergazte.i.105	https://www.inguma.eus/produkzioa/ikusi/ar-egoera-funtzionala-eta-dependentzia-adineko-pertsona-instituzionalizatuetan-zeharkako-ikerketa
10.26876/ikergazte.i.106	https://www.inguma.eus/produkzioa/ikusi/ar-gaixotasun-zeliakoarekin-lotutako-eskualde-genomiko-berrien-bilaketa-jatorri-genetikoan-oinarritua
10.26876/ikergazte.i.107	https://www.inguma.eus/produkzioa/ikusi/ar-hipoxia-iskemiaren-kalteak-arratoien-entzumen-sisteman-eta-behe-kolikuluko-neuronetan-eta-antioxidatzaileen-eragin-onuragarriak
10.26876/ikergazte.i.108	https://www.inguma.eus/produkzioa/ikusi/ar-gaixotasun-neurodegeneratiboetarako-terapia-geniko-ez-birala-eman-bide-ez-inbaditzaileak-erabiliz
10.26876/ikergazte.i.109	https://www.inguma.eus/produkzioa/ikusi/ar-masa-espektrometriaren-bidezko-giza-malkotako-peptidoen-analisia-eta-peptido-antimikrobiarren-identifikazioa
10.26876/ikergazte.i.11	https://www.inguma.eus/produkzioa/ikusi/ar-komunitatea-eta-periferia-euskal-arte-politikoa-xxi-mendean
10.26876/ikergazte.i.110	https://www.inguma.eus/produkzioa/ikusi/ar-terapia-genikoaren-erabilera-lehen-motako-hiperoxaluria-primarioa-ph1-tratatzeko
10.26876/ikergazte.i.111	https://www.inguma.eus/produkzioa/ikusi/ar-toll-like-hartzaileen-bidezidorraren-adierazpen-analisia-eritasun-zeliakoan
10.26876/ikergazte.i.112	https://www.inguma.eus/produkzioa/ikusi/ar-euskal-autonomia-erkidegoko-zeliakoen-elikadura-azturak
10.26876/ikergazte.i.113	https://www.inguma.eus/produkzioa/ikusi/ar-mirnaen-prozesamendu-geneen-aldakortasuna-genetikoa-osn
10.26876/ikergazte.i.114	https://www.inguma.eus/produkzioa/ikusi/ar-hortz-mamiko-ama-zelulen-ezaugarri-neuralen-azterketa
10.26876/ikergazte.i.115	https://www.inguma.eus/produkzioa/ikusi/ar-sistema-endokannabinoidearen-eragina-estres-kronikodun-sagu-eredu-batean
10.26876/ikergazte.i.116	https://www.inguma.eus/produkzioa/ikusi/ar-kannabidiolaren-eragina-hipoxia-iskemia-eragin-zaien-arratoi-jaioberrien-ereduan
10.26876/ikergazte.i.12	https://www.inguma.eus/produkzioa/ikusi/corpusetan-oinarritutako-hiztegi-elebidun-berria-sortzen
10.26876/ikergazte.i.13	https://www.inguma.eus/produkzioa/ikusi/ar-lapurdi-itsas-hegiko-euskara-hiru-ezaugarri-fonologikoren-azterketa
10.26876/ikergazte.i.14	https://www.inguma.eus/produkzioa/ikusi/ar-elgoibarko-leku-izenen-argia
10.26876/ikergazte.i.15	https://www.inguma.eus/produkzioa/ikusi/ar-izen-eta-aditzen-frekuentziak-svo-eta-sov-hizkuntzetan
10.26876/ikergazte.i.16	https://www.inguma.eus/produkzioa/ikusi/iraupen-luzeko-irakasleriaren-garapenaren-eraginkortasuna-irakasleriaren-kontzepzioetan-hurbilketan-eta-kultura-instituzionalean-upv-ehuko-eragin-kasuaren-azterketa
10.26876/ikergazte.i.17	https://www.inguma.eus/produkzioa/ikusi/ar-generoa-diskriminazioa-eta-erresistentzia-espetxeratutako-emakumeen-agentzian-sakonduz-kasu-baten-azterketa-abiapuntu
10.26876/ikergazte.i.18	https://www.inguma.eus/produkzioa/ikusi/ar-eaeko-alderdi-politikoen-hizkuntza-politikak-eta-hizkuntza-ideologiak-1980-2012
10.26876/ikergazte.i.19	https://www.inguma.eus/produkzioa/ikusi/ar-adin-erlatiboaren-eragina-saskibaloiko-jokalarietan
10.26876/ikergazte.i.20	https://www.inguma.eus/produkzioa/ikusi/ar-futbol-ekitaldiaren-eta-nazio-nortasunen-arteko-lotura-euskal-herrian
10.26876/ikergazte.i.21	https://www.inguma.eus/produkzioa/ikusi/ar-babes-soziala-epe-luzeko-langabezia-egoeran-dauden-eta-seme-alabak-kargura-dituzten-familien-erresilientzia-prozesuan
10.26876/ikergazte.i.22	https://www.inguma.eus/produkzioa/ikusi/ar-ziurgabetasunean-erabakitzen-nanomaterial-manufakturatuen-tratamendu-juridikoa
10.26876/ikergazte.i.23	https://www.inguma.eus/produkzioa/ikusi/ar-nazioarteko-krimenengatik-sortutako-erantzukizun-penala-joint-criminal-enterprise-delakoaren-azterketa
10.26876/ikergazte.i.24	https://www.inguma.eus/produkzioa/ikusi/ar-oinarrizko-eskubideen-maila-anitzeko-babesa-atxilotze-eta-entregatze-agindu-europarra
10.26876/ikergazte.i.25	https://www.inguma.eus/produkzioa/ikusi/ar-euskal-audientzia-eta-ikus-entzuleriaren-neurketak-hurbilketa-euskaldun-baterako-oinarriak
10.26876/ikergazte.i.26	https://www.inguma.eus/produkzioa/ikusi/ar-euskaldunok-eta-telebista-xxi-mende-hasieran-ikus-entzuleen-hitzetan-oinarritutako-hurbilketa-kualitatiboa
10.26876/ikergazte.i.27	https://www.inguma.eus/produkzioa/ikusi/ar-eaeko-gizarte-zerbitzu-sistemaren-konplexutasunaren-faktore-erabakigarriak-eta-zerbitzuen-lurralde-esleipenean-honek-dituen-ondorioak
10.26876/ikergazte.i.28	https://www.inguma.eus/produkzioa/ikusi/ar-hurbilketa-euskarazko-lehen-telebista-saioen-historiara
10.26876/ikergazte.i.29	https://www.inguma.eus/produkzioa/ikusi/ar-langileen-pertzepzioak-eta-nahiak-barne-komunikazioari-buruz-kooperatibetan
10.26876/ikergazte.i.30	https://www.inguma.eus/produkzioa/ikusi/ar-gazteen-ikus-entzunezkoen-kontsumoa-interakzioa-eta-partekatzea-mondragon-unibertsitateko-ikasleen-kasu-azterketa
10.26876/ikergazte.i.31	https://www.inguma.eus/produkzioa/ikusi/ar-ebolaren-gizarte-irudikapena-euskal-herrian-nola-ulertu-hauteman-eta-sentitu-dugu
10.26876/ikergazte.i.32	https://www.inguma.eus/produkzioa/ikusi/ar-ingurune-euskalduneko-gazteak-eta-hizkuntza-idatzia
10.26876/ikergazte.i.33	https://www.inguma.eus/produkzioa/ikusi/ar-aisialdiko-esperientzien-diseinua-musika-jaialdietan-europako-profesionalen-profil-berria
10.26876/ikergazte.i.34	https://www.inguma.eus/produkzioa/ikusi/ar-nerabearen-eta-lagun-taldearen-ikus-entzunezko-kontsumoa-2011n-gipuzkoako-kasu-azterketa
10.26876/ikergazte.i.35	https://www.inguma.eus/produkzioa/ikusi/ar-ikd-gazte-ikaslea-bere-ikaskuntzaren-giradari-bilakatzen-denean
10.26876/ikergazte.i.36	https://www.inguma.eus/produkzioa/ikusi/ar-euskarazko-eta-frantsesezko-hizkuntza-gaitasunen-bilakaera-ipar-euskal-herriko-lehen-mailako-eskolatze-elebidunean
10.26876/ikergazte.i.37	https://www.inguma.eus/produkzioa/ikusi/ar-substantzia-alergenoak-kontserbagarriak-eta-ultramore-iragazkiak-kuantifikatzeko-metodoen-garapena-eta-aplikazioa
10.26876/ikergazte.i.38	https://www.inguma.eus/produkzioa/ikusi/ar-polimero-akriliko-ceo2-estaldura-hibridoen-sintesia-egurraren-iraunkortasuna-luzatzeko
10.26876/ikergazte.i.39	https://www.inguma.eus/produkzioa/ikusi/ar-lipido-solidozko-nanopartikulak-substantzia-liposolugarrien-garraio-eta-egonkortasuna-hobetzeko
10.26876/ikergazte.i.40	https://www.inguma.eus/produkzioa/ikusi/ar-larratze-motaren-eragina-latxa-ardien-sistema-batean-lehen-emaitzak
10.26876/ikergazte.i.41	https://www.inguma.eus/produkzioa/ikusi/ar-mendi-hegaletako-ezegonkortasunak-aztertzeko-metodologiak-gipuzkoarako-aukerak
10.26876/ikergazte.i.42	https://www.inguma.eus/produkzioa/ikusi/ar-pirinioetako-altuera-handiko-lakuetako-sedimentuak-inguruko-kutsadura-metalikoaren-adierazle
10.26876/ikergazte.i.43	https://www.inguma.eus/produkzioa/ikusi/ar-errendimendu-handiko-konputazioa-fotosintesia-simulatzeko
10.26876/ikergazte.i.44	https://www.inguma.eus/produkzioa/ikusi/ar-opioide-hartzaileen-deskribapena-eta-kokapena-saguen-hozi-zelula-maskulinoetan
10.26876/ikergazte.i.45	https://www.inguma.eus/produkzioa/ikusi/ar-ugalketako-disrupzio-endokrinoa-gernika-eta-galindoko-araztegien-inguruko-korrokoietan-chelon-labrosus
10.26876/ikergazte.i.46	https://www.inguma.eus/produkzioa/ikusi/ar-transkripzio-faktoreen-bidezko-punta-nukleo-komunikazioa-zelula-polarretan-garapenaren-kontrola-harizpi-formako-onddoetan
10.26876/ikergazte.i.47	https://www.inguma.eus/produkzioa/ikusi/ar-bak-proteinaren-mekanismo-proapoptotikoa-aztertzen
10.26876/ikergazte.i.48	https://www.inguma.eus/produkzioa/ikusi/ar-angelman-sindromearen-ikerkuntza-drosophila-euliak-erabiliz
10.26876/ikergazte.i.49	https://www.inguma.eus/produkzioa/ikusi/ar-kontrol-optimo-problema-bat-lotka-volterra-ereduarekin-turnpike-propietatea-eta-zenbait-ebazpen-numeriko
10.26876/ikergazte.i.50	https://www.inguma.eus/produkzioa/ikusi/ar-positroi-deuseztapen-erdibizitzaren-espektroskopia-bidezko-ezaugarritze-mikroestrukturala-memoria-formadun-aleazio-eta-isolatzaile-topologikoetan
10.26876/ikergazte.i.51	https://www.inguma.eus/produkzioa/ikusi/ar-ordena-partzialak-eta-talde-simetrikoa
10.26876/ikergazte.i.52	https://www.inguma.eus/produkzioa/ikusi/ar-defektu-kosmikoen-zenbakizko-simulazioak
10.26876/ikergazte.i.53	https://www.inguma.eus/produkzioa/ikusi/ar-biomonitorizazio-teknika-berrien-garapena-ingurugiroko-kutsatzaile-organikoen-biokontzentrazioa-determinatzeko
10.26876/ikergazte.i.54	https://www.inguma.eus/produkzioa/ikusi/ar-triazol-pestiziden-determinaziorako-mikroerauzketa-teknika-eta-banaketa-kromatografikoan-oinarritutako-metodoen-garapena
10.26876/ikergazte.i.55	https://www.inguma.eus/produkzioa/ikusi/ar-2dko-koordinazio-sare-organometalikoen-propietate-elektroniko-eta-magnetikoak
10.26876/ikergazte.i.56	https://www.inguma.eus/produkzioa/ikusi/ar-inprimatze-digitalak-arte-garaikidean-kontzeptuen-argibidea-eta-teknologien-ikerketa-zaharberritzearen-ikuspuntutik
10.26876/ikergazte.i.57	https://www.inguma.eus/produkzioa/ikusi/ar-sekuentziazio-masiboaren-erabilera-izaki-eukarioten-garapena-erregulatzen-duten-geneak-identifikatu-eta-karakterizatzeko
10.26876/ikergazte.i.58	https://www.inguma.eus/produkzioa/ikusi/ar-nanogarraiatzaileen-garapena-molekula-terapeutiko-txikiak-modu-eraginkor-batean-ehun-linfatikoetan-askatzeko
10.26876/ikergazte.i.59	https://www.inguma.eus/produkzioa/ikusi/ar-dopcesfingomielinakolesterol-lipido-nahasketa-hirutarraren-laurdan-bifotoi-azterketek-fase-bakarra-erakusten-dute-1-baino-txikiago-diren-esfingomielinakolesterol-erlazioetan
10.26876/ikergazte.i.60	https://www.inguma.eus/produkzioa/ikusi/ar-bcl2-related-ovarian-killer-bok-proteinak-heriotza-zelular-programatuan-eta-mitokondrioen-morfologiaren-eraldaketan-parte-hartzen-du
10.26876/ikergazte.i.61	https://www.inguma.eus/produkzioa/ikusi/ar-adenilato-ziklasa-toxinak-bakterioen-barneratzea-eragiten-du-zelula-ez-fagozitikoetan
10.26876/ikergazte.i.62	https://www.inguma.eus/produkzioa/ikusi/ar-fasearen-erabilera-ahots-sintetikoaren-detekzioan
10.26876/ikergazte.i.63	https://www.inguma.eus/produkzioa/ikusi/ar-haririk-gabeko-komunikazio-sistemen-azterketa-ingurune-konplexuetan-3d-ray-launching-metodo-deterministaren-bidez
10.26876/ikergazte.i.64	https://www.inguma.eus/produkzioa/ikusi/ar-maiztasunarekiko-independentea-den-i-q-desorekaren-azterketa-banda-zabaleko-mikrouhin-loturetan
10.26876/ikergazte.i.65	https://www.inguma.eus/produkzioa/ikusi/ar-egituren-egoeraren-monitorizaziorako-zuntz-optikoan-oinarritutako-sentsore-sinplifikatua
10.26876/ikergazte.i.66	https://www.inguma.eus/produkzioa/ikusi/ar-ingurune-konplexuen-azterketa-dosimetrikoa-3d-ray-launching-simulazio-metodoaren-bidez-eta-giza-gorputzaren-eredua-erabiliz
10.26876/ikergazte.i.67	https://www.inguma.eus/produkzioa/ikusi/ar-hiri-bazterreko-paisaietara-hurbilketa-teorikoa
10.26876/ikergazte.i.68	https://www.inguma.eus/produkzioa/ikusi/ar-hole-drilling-teknika-zurezko-egituren-karakterizazioan
10.26876/ikergazte.i.69	https://www.inguma.eus/produkzioa/ikusi/ar-echezarreta-paper-fabrika-gipuzkoako-industria-ondarearen-eredu
10.26876/ikergazte.i.70	https://www.inguma.eus/produkzioa/ikusi/ar-hiri-hondakinak-biltzeko-sistemen-efizientzia-teknikoa-eta-bizizikloaren-analisia
10.26876/ikergazte.i.71	https://www.inguma.eus/produkzioa/ikusi/ar-etxean-jakiak-hobeto-aprobetxatzeko-produktu-berri-baten-diseinua-esperientzien-diseinua-ardatz-hartuta
10.26876/ikergazte.i.72	https://www.inguma.eus/produkzioa/ikusi/ar-makina-elektrikoen-portaera-bibroakustikoaren-neurketa-eta-simulazioa
10.26876/ikergazte.i.73	https://www.inguma.eus/produkzioa/ikusi/ar-can-busa-erabiltzen-duten-sistemetan-gailu-berriak-integratzeko-metodologia-ibilgailuen-interfazeetan-oinarritua
10.26876/ikergazte.i.74	https://www.inguma.eus/produkzioa/ikusi/ar-geruzatzerik-gabeko-berun-azido-bateriak
10.26876/ikergazte.i.75	https://www.inguma.eus/produkzioa/ikusi/ar-difusioa-termodifusioa-eta-soret-koefizienteak-kalkulatzeko-erabiltzen-diren-teknika-desberdinak
10.26876/ikergazte.i.76	https://www.inguma.eus/produkzioa/ikusi/ar-garraio-propietateak-nahasketa-hirutarretan
10.26876/ikergazte.i.77	https://www.inguma.eus/produkzioa/ikusi/ar-partikula-azeleragailuei-zuzendutako-diagnostiko-eta-kontrol-teknika-aurreratuak
10.26876/ikergazte.i.78	https://www.inguma.eus/produkzioa/ikusi/ar-konbinatu-eta-irabazi-hitzen-semantikaren-errepresentazio-osoagoaren-bila
10.26876/ikergazte.i.79	https://www.inguma.eus/produkzioa/ikusi/ar-euskarazko-corpus-orokorrak-osatzeko-weba-ustiatzen
10.26876/ikergazte.i.80	https://www.inguma.eus/produkzioa/ikusi/ar-lurrikarei-buruzko-informazioa-eskuratzen-twitter-bidez
10.26876/ikergazte.i.81	https://www.inguma.eus/produkzioa/ikusi/ar-testu-kopuru-handiak-prozesatzeko-big-data-teknikak
10.26876/ikergazte.i.82	https://www.inguma.eus/produkzioa/ikusi/ar-euskarazko-izena-aditza-konbinazioak-corpusetik-automatikoki-erauztea-eta-idiomatikotasunaren-arabera-karakterizatzea
10.26876/ikergazte.i.83	https://www.inguma.eus/produkzioa/ikusi/ar-ezagutzan-oinarritutako-giza-jardueren-eredu-dinamiko-eta-pertsonalizatuak-ikasten
10.26876/ikergazte.i.84	https://www.inguma.eus/produkzioa/ikusi/ar-laktosaren-eragina-arrain-gelatinazko-filmetan
10.26876/ikergazte.i.85	https://www.inguma.eus/produkzioa/ikusi/ar-hidrogenoaren-ekoizpena-plastikoetatik-abiatuz
10.26876/ikergazte.i.86	https://www.inguma.eus/produkzioa/ikusi/ar-hidrogenoaren-ekoizpena-biomasatik-abiatuz
10.26876/ikergazte.i.87	https://www.inguma.eus/produkzioa/ikusi/ar-audio-albistegietatik-informazioa-erauzten-duen-sistema-eleaniztuna-komunikazio-zubiak-sortzen
10.26876/ikergazte.i.88	https://www.inguma.eus/produkzioa/ikusi/ar-sentimenduen-analisirako-lexikoen-sorkuntza
10.26876/ikergazte.i.89	https://www.inguma.eus/produkzioa/ikusi/ar-sistema-ziber-fisiko-aldakorrak-analisia-kudeaketa-eta-simulazioa
10.26876/ikergazte.i.90	https://www.inguma.eus/produkzioa/ikusi/ar-raman-espektroskopian-oinarrituriko-biosentsorea-zuntz-optikoa-erabiliz
10.26876/ikergazte.i.91	https://www.inguma.eus/produkzioa/ikusi/ar-hasi-bertsobot
10.26876/ikergazte.i.92	https://www.inguma.eus/produkzioa/ikusi/ar-izen-aipamenak-desanbiguatu-eta-wikipediara-lotzen
10.26876/ikergazte.i.93	https://www.inguma.eus/produkzioa/ikusi/ar-korreferentzia-ebazpena-euskaraz-idatzitako-testuetan
10.26876/ikergazte.i.94	https://www.inguma.eus/produkzioa/ikusi/ar-epai-prozesuetan-peritatze-arkitektonikoen-kasuistika
10.26876/ikergazte.i.95	https://www.inguma.eus/produkzioa/ikusi/ar-kernel-hautapen-dinamikoa-optimizazio-bayesiarrean
10.26876/ikergazte.i.96	https://www.inguma.eus/produkzioa/ikusi/ar-polimerozko-zuntz-optiko-mikroegituratuen-diseinua-eta-fabrikazioa-sentsore-optikoen-garapenerako
10.26876/ikergazte.i.97	https://www.inguma.eus/produkzioa/ikusi/ar-beta-endorfinaren-eragina-giza-espermatozoideen-erreakzio-akrosomikoan
10.26876/ikergazte.i.98	https://www.inguma.eus/produkzioa/ikusi/ar-interleukin-2-il-2-eta-il-15ak-t-linfozitoen-piztutako-seinalizazio-bidezidorren-sakoneko-azterketa-proteomikoa
10.26876/ikergazte.i.99	https://www.inguma.eus/produkzioa/ikusi/ar-antioxidatzaileek-hipoxia-iskemiak-eragindako-burmuin-kaltea-murrizten-dute-epe-luzeko-ikasketa-eta-memoria-hobetuz
10.26876/ikergazte.ii.01.01	https://www.inguma.eus/produkzioa/ikusi/ar-aitzingermanikoaren-hitz-ordena-berreraikuntzaz-adarkatze-norabide-teorian-ant-oinarritutako-hurbilpen-tipologikoa
10.26876/ikergazte.ii.01.02	https://www.inguma.eus/produkzioa/ikusi/ar-arrangoitze-eskualdeko-euskararen-ahoskera
10.26876/ikergazte.ii.01.03	https://www.inguma.eus/produkzioa/ikusi/ar-euskarazko-gertaeren-etiketatze-automatikoa
10.26876/ikergazte.ii.01.04	https://www.inguma.eus/produkzioa/ikusi/ar-erdaraz-mesedez-autoitzulpen-literarioa-euskal-herrian-ikuspegi-orokor-bat
10.26876/ikergazte.ii.01.05	https://www.inguma.eus/produkzioa/ikusi/ar-keinuen-eta-bokalizazioaren-arteko-harremanak-bizitzaren-lehen-urtean-ebidentziak-euskara-hizkuntzatik
10.26876/ikergazte.ii.01.06	https://www.inguma.eus/produkzioa/ikusi/ar-poesiaren-eskantsio-automatikoa-bi-hizkuntzen-azterketa
10.26876/ikergazte.ii.01.07	https://www.inguma.eus/produkzioa/ikusi/ar-zuberotar-dardarkarien-bariazio-sozio-fonetikoaren-azterketa-akustikoa
10.26876/ikergazte.ii.01.08	https://www.inguma.eus/produkzioa/ikusi/ar-hizkuntzen-arteko-elkarreragina-zer-nolako-hizkuntza-baliabide-transferitzen-dituzte-lehen-hezkuntzako-ikasleek-euskara-ikasteko-garaian
10.26876/ikergazte.ii.01.09	https://www.inguma.eus/produkzioa/ikusi/ar-hizkuntza-aldakortasun-geo-soziolinguistikoa-arratian
10.26876/ikergazte.ii.01.10	https://www.inguma.eus/produkzioa/ikusi/ar-interpretegaien-eta-gorren-testuak-nola-eragiten-du-hizkuntza-modalitateak-testuen-azpiegituran-eta-edukien-ekoizpenean
10.26876/ikergazte.ii.01.11	https://www.inguma.eus/produkzioa/ikusi/ar-cat-afasia-aztertzeko-tresnaren-euskal-egokitzapena
10.26876/ikergazte.ii.01.12	https://www.inguma.eus/produkzioa/ikusi/ar-zer-ote-da-ote-partikularen-analisi-baten-hastapenak
10.26876/ikergazte.ii.01.13	https://www.inguma.eus/produkzioa/ikusi/ar-emakumearen-mututasun-soziala-feminitatearen-eta-maskulinitatearen-estereotipoak-antzinako-grezian
10.26876/ikergazte.ii.01.14	https://www.inguma.eus/produkzioa/ikusi/ar-bokal-triangeluaren-erpinak-bi-bertsolari-aztergai-hitz-lauz-eta-bertsotan
10.26876/ikergazte.ii.01.15	https://www.inguma.eus/produkzioa/ikusi/ar-juanelo-turriano-eta-berpizkundeko-ingeniarien-eragina-eta-norainokoa
10.26876/ikergazte.ii.01.16	https://www.inguma.eus/produkzioa/ikusi/ar-marrazkia-espazioaren-partitura-mugapeko-marrazketa-esperimentazioan-oinarritutako-ikerketa
10.26876/ikergazte.ii.01.17	https://www.inguma.eus/produkzioa/ikusi/ar-euskarazko-ezeztapenaren-tratamendu-automatikorako-azterketa
10.26876/ikergazte.ii.01.18	https://www.inguma.eus/produkzioa/ikusi/ar-paradisu-galduan-barrena-euskal-paisaiaren-deseraiketa-eta-eraiketa-arte-garaikidean
10.26876/ikergazte.ii.01.19	https://www.inguma.eus/produkzioa/ikusi/ar-lehen-hezkuntzako-ikasle-eleaniztunen-euskarari-buruzko-pertzepzioak-translanguaging-testuinguruan-ikerketa-etnografiko-bat
10.26876/ikergazte.ii.01.20	https://www.inguma.eus/produkzioa/ikusi/ar-auto-errealizazioak-auto-esplotazioa-esan-nahi-duenean
10.26876/ikergazte.ii.01.21	https://www.inguma.eus/produkzioa/ikusi/ar-aditza-izena-konbinazioen-itzulpen-automatikoa-arau-linguistikoen-bidez
10.26876/ikergazte.ii.01.22	https://www.inguma.eus/produkzioa/ikusi/ar-irudiaren-konposizio-digitala-sorkuntza-artistiko-bezala
10.26876/ikergazte.ii.02.01	https://www.inguma.eus/produkzioa/ikusi/ar-urkixote-eta-euskararen-aurkako-gurutzada-buru-bakarreko-etsaia
10.26876/ikergazte.ii.02.02	https://www.inguma.eus/produkzioa/ikusi/ar-ebola-twiterren-osasun-izurriteei-buruzko-gizarte-irudikapenak-eraikiaz
10.26876/ikergazte.ii.02.03	https://www.inguma.eus/produkzioa/ikusi/ar-nanoteknologien-eta-rfid-dispositiboen-arteko-konbergentzia-teknologikoa-pribatutasunarentzako-mehatxu-berri-baten-atarian
10.26876/ikergazte.ii.02.04	https://www.inguma.eus/produkzioa/ikusi/ar-kartzelan-idazten-emakume-presoak-espetxeko-izkribuak-eta-agentzia-kasu-baten-azterketa
10.26876/ikergazte.ii.02.05	https://www.inguma.eus/produkzioa/ikusi/ar-sare-sozialen-erabilera-moduak-eta-maiztasunak-gasteizko-nerabeen-kolektiboaren-baitan
10.26876/ikergazte.ii.02.06	https://www.inguma.eus/produkzioa/ikusi/ar-bizitza-denborak-artikulatzen-hainbat-genero-adierazle-denbora-aurrekontuen-inkesten-bitartez
10.26876/ikergazte.ii.02.07	https://www.inguma.eus/produkzioa/ikusi/ar-emakumearen-irudia-euskal-haur-literatura-modernoan-1980ko-hamarkada-eta-gaur-egun
10.26876/ikergazte.ii.02.08	https://www.inguma.eus/produkzioa/ikusi/ar-konpetentzia-digitalaren-planteamenduaren-azterketa-eki-proiektuan
10.26876/ikergazte.ii.02.09	https://www.inguma.eus/produkzioa/ikusi/ar-eraldaketarantz-hezkuntza-emantzipatzailearen-eta-pedagogia-libertarioaren-arteko-elkarlanean
10.26876/ikergazte.ii.02.10	https://www.inguma.eus/produkzioa/ikusi/ar-landa-eremuetako-plangintza-iraunkorra-parte-hartze-prozesuen-bidez-mutrikuko-landa-eremuan-egindako-analisi-integratua
10.26876/ikergazte.ii.02.11	https://www.inguma.eus/produkzioa/ikusi/ar-gazteen-jarrera-ikus-entzunezko-edukiekin-nola-telebistan-hala-interneten
10.26876/ikergazte.ii.02.12	https://www.inguma.eus/produkzioa/ikusi/ar-euskara-eta-boto-abertzalearen-inguruko-azterketa-ekologikoa-2016ko-eusko-legebiltzarreko-hauteskundeak
10.26876/ikergazte.ii.02.13	https://www.inguma.eus/produkzioa/ikusi/ar-hiri-erresilientziaren-eraikitze-prozesua-hobetzeko-erakunde-publiko-konpainia-pribatu-eta-pertsonen-arteko-elkarlan-markoa
10.26876/ikergazte.ii.02.14	https://www.inguma.eus/produkzioa/ikusi/ar-tortura-euskal-herrian-1960tik-2013a-arte
10.26876/ikergazte.ii.02.16	https://www.inguma.eus/produkzioa/ikusi/ar-smart-mature-resilience-hirien-erresilientzia-garatuz
10.26876/ikergazte.ii.02.19	https://www.inguma.eus/produkzioa/ikusi/ar-hego-euskal-herriko-prozesu-konstituziogile-baterako-ideiak-begirada-bat-latinoamerikari-eta-baita-kataluniari-ere
10.26876/ikergazte.ii.02.20	https://www.inguma.eus/produkzioa/ikusi/ar-langile-publikoen-lan-bizitzaren-kalitatea-lbk
10.26876/ikergazte.ii.02.21	https://www.inguma.eus/produkzioa/ikusi/ar-erakunde-kulturen-eta-ibilbide-profesional-generizatuen-arteko-lotura-ingeniaritzaren-kasua
10.26876/ikergazte.ii.02.22	https://www.inguma.eus/produkzioa/ikusi/ar-irakasleen-prestakuntzako-practicumean-hausnarketa-partekatuaren-bidez-egoera-errealean-azterketa-egiteko-tutoreek-eskainitako-laguntzen-azterketa
10.26876/ikergazte.ii.02.23	https://www.inguma.eus/produkzioa/ikusi/ar-egungo-beharrei-erantzuten-eskolan-interneteko-erabilera-kritikoa-indartzeko-formazio-ekintza
10.26876/ikergazte.ii.02.24	https://www.inguma.eus/produkzioa/ikusi/ar-hilekoaren-antropologiara-hurbilketa-gorputzaren-eta-odolaren-arau-eta-politikak
10.26876/ikergazte.ii.02.25	https://www.inguma.eus/produkzioa/ikusi/ar-oroitzapen-kolektiboak-eta-ongizatea-cevi-proiektua-euskal-herrian
10.26876/ikergazte.ii.02.26	https://www.inguma.eus/produkzioa/ikusi/ar-lurralde-garapena-eta-gobernantza-harreman-eredu-berriak-aztertzen-gipuzkoako-eskualdeei-begiratu-bat
10.26876/ikergazte.ii.02.27	https://www.inguma.eus/produkzioa/ikusi/ar-generoa-mingain-puntan-lezo-eta-pasai-donibaneko-nerabeen-hizkuntz-pratiketara-egindako-hurbiltze-etnografikoa
10.26876/ikergazte.ii.03.01	https://www.inguma.eus/produkzioa/ikusi/ar-konpositeen-laminarteko-hausturaren-i-ii-modu-mistoa-aztertzen
10.26876/ikergazte.ii.03.02	https://www.inguma.eus/produkzioa/ikusi/ar-kurkuma-deribatudun-gelatinazko-filmen-aktibitate-antioxidatzailea
10.26876/ikergazte.ii.03.03	https://www.inguma.eus/produkzioa/ikusi/ar-web-elkarrekintzan-erabilitako-gailuen-detekzio-automatikoa
10.26876/ikergazte.ii.03.04	https://www.inguma.eus/produkzioa/ikusi/ar-eieh-industriako-interakzio-digitalak-diseinatzeko-erraminta-berria
10.26876/ikergazte.ii.03.05	https://www.inguma.eus/produkzioa/ikusi/ar-nekazaritza-industriatik-lortutako-azpiproduktuen-erabilera-proteinan-oinarritutako-filmak-garatzeko
10.26876/ikergazte.ii.03.06	https://www.inguma.eus/produkzioa/ikusi/ar-gailu-elektrikoek-sortutako-erradiazioaren-estimazio-determinista-metodo-hibrido-berri-baten-bidez
10.26876/ikergazte.ii.03.07	https://www.inguma.eus/produkzioa/ikusi/ar-konputagailuen-sarrera-irteeraren-hezkuntza-prozesurako-hurbilpen-berritzaile-bat
10.26876/ikergazte.ii.03.08	https://www.inguma.eus/produkzioa/ikusi/ar-azido-zitrikoz-eraldatutako-arrain-gelatinazko-filmak
10.26876/ikergazte.ii.03.09	https://www.inguma.eus/produkzioa/ikusi/ar-neutroi-tekniketarako-egokia-den-lehenengo-berun-azido-bateriaren-diseinua-eta-optimizazioa
10.26876/ikergazte.ii.03.10	https://www.inguma.eus/produkzioa/ikusi/ar-gailu-mikro-fluidiko-analitikoetarako-osagaien-garapen-eta-azterketa
10.26876/ikergazte.ii.03.11	https://www.inguma.eus/produkzioa/ikusi/ar-testu-loturen-labirinto-semantikoan-barna-esanahi-bektoreak-lagun
10.26876/ikergazte.ii.03.12	https://www.inguma.eus/produkzioa/ikusi/ar-arnasketa-eta-bihotz-maiztasunaren-monitorizazioa-burmuineko-oximetria-seinaleak-erabiliz
10.26876/ikergazte.ii.03.13	https://www.inguma.eus/produkzioa/ikusi/ar-gibeleko-erradioenbolizazioa-cfd-simulazioetan-oinarritutako-hemodinamikaren-eta-mikroesferen-garraioaren-analisia
10.26876/ikergazte.ii.03.14	https://www.inguma.eus/produkzioa/ikusi/ar-zuntz-optikoan-oinarritutako-sentsoreen-prestazioen-muga-efektu-berria-egituren-egoera-monitorizatzea-helburu
10.26876/ikergazte.ii.03.15	https://www.inguma.eus/produkzioa/ikusi/ar-gorputz-anitzeko-sistemen-modelizazioa-operadore-errekurtsibo-eta-espresioen-atomizazioaren-bidez
10.26876/ikergazte.ii.03.16	https://www.inguma.eus/produkzioa/ikusi/ar-upv-ehuko-ezerbitzu-baten-modelatzea-ikasketa-automatikoaren-bidez
10.26876/ikergazte.ii.03.17	https://www.inguma.eus/produkzioa/ikusi/ar-makina-erreminta-baten-elastikotasun-eraginaren-analisi-mekatronikoa
10.26876/ikergazte.ii.03.18	https://www.inguma.eus/produkzioa/ikusi/ar-tresna-diamantatuen-fabrikaziorako-matrize-metalikoen-garapenean-sinterizazio-atmosferaren-eragina-hauts-metalurgiaren-bidez
10.26876/ikergazte.ii.03.19	https://www.inguma.eus/produkzioa/ikusi/ar-sentsore-inertzialen-erabilgarritasuna-trenen-odometria-sisteman-tekniken-laburpena-eta-ezaugarrien-proposamena
10.26876/ikergazte.ii.03.20	https://www.inguma.eus/produkzioa/ikusi/ar-osasun-zientzietako-terminologiaren-euskaratze-automatikoaren-ebaluazioa-osasungintzako-euskal-komunitatea-inplikatuz
10.26876/ikergazte.ii.03.21	https://www.inguma.eus/produkzioa/ikusi/ar-joan-etorriko-arkitekturak-egungo-arkitekturaren-joan-etorriak
10.26876/ikergazte.ii.03.22	https://www.inguma.eus/produkzioa/ikusi/ar-ahots-kantatuaren-sintesiaren-egokitzapena-bertsolaritzarako
10.26876/ikergazte.ii.03.23	https://www.inguma.eus/produkzioa/ikusi/ar-arrotz-eta-aldi-berean-lekukotz
10.26876/ikergazte.ii.04.01	https://www.inguma.eus/produkzioa/ikusi/ar-stat3-transkripzio-faktorean-gertatutako-mutazio-aktibatzaile-batek-jaioberriko-diabetesa-eragiten-du-intsulina-sintesia-murriztuz
10.26876/ikergazte.ii.04.02	https://www.inguma.eus/produkzioa/ikusi/ar-aho-aurpegietako-mina-pairatzen-duten-pazienteengan-emozioen-mimika-eta-alde-identifikaziorako-gaitasuna-neurtzeko-tresna-digitalen-diseinu-eta-inplementazioa
10.26876/ikergazte.ii.04.03	https://www.inguma.eus/produkzioa/ikusi/ar-ingurune-aberastua-nerabezaroan-alkoholarekin-trataturiko-c57bl6-saguen-terapia-eraginkorra
10.26876/ikergazte.ii.04.04	https://www.inguma.eus/produkzioa/ikusi/ar-haur-astinduaren-sindromearen-inguruko-hausnarketa-eta-erizaintzaren-esku-hartzea
10.26876/ikergazte.ii.04.05	https://www.inguma.eus/produkzioa/ikusi/ar-euskal-herriko-unibertsitateko-ikasleek-dietan-haragia-eta-honen-eratorriak-sartzeak-dituen-ondorioak-berotegi-gasen-isurketan
10.26876/ikergazte.ii.04.06	https://www.inguma.eus/produkzioa/ikusi/ar-edizio-genikoan-oinarritutako-garapena-intzidentzia-txikiko-gibeleko-gaixotasunen-tratamendurako-i-motako-hiperoxaluria-primarioa
10.26876/ikergazte.ii.04.07	https://www.inguma.eus/produkzioa/ikusi/ar-usp1-deubikitinasa-pankrea-minbiziaren-aurkako-itu-terapeutiko-gisa
10.26876/ikergazte.ii.04.08	https://www.inguma.eus/produkzioa/ikusi/ar-tumoreak-estres-sozialak-eta-estresari-aurre-egiteko-estrategiek-jokabide-depresiboan-eta-garunaren-aktibitatean-duten-eragina
10.26876/ikergazte.ii.04.09	https://www.inguma.eus/produkzioa/ikusi/ar-venlafaxinaren-eragina-ezegonkortasun-sozial-kronikoa-jasandako-sagu-emeen-sistema-serotoninergiko-zentralean-eta-jokabidean
10.26876/ikergazte.ii.04.10	https://www.inguma.eus/produkzioa/ikusi/ar-trpv1-ko-saguek-epilepsia-krisi-arinagoak-jasatearen-zergatiak-bilatzen
10.26876/ikergazte.ii.04.11	https://www.inguma.eus/produkzioa/ikusi/ar-elementu-erregulatzaileen-identifikazioa-eritasun-zeliakoan-genoma-osoko-koadierazpen-analisi-bidez
10.26876/ikergazte.ii.04.12	https://www.inguma.eus/produkzioa/ikusi/ar-analisi-proteogenomikoak-minbiziaren-ikerkuntzan
10.26876/ikergazte.ii.04.13	https://www.inguma.eus/produkzioa/ikusi/ar-faktore-genetikoak-eta-iskiotibialetako-lesio-muskularrak-goi-mailako-futbolarietan-asoziazio-eta-balioztatze-ikerketa
10.26876/ikergazte.ii.04.14	https://www.inguma.eus/produkzioa/ikusi/ar-in-vivo-saiakerak-kolon-ondesteko-gibel-metastasia-hipertermia-magnetikoaren-bitartez-tratatzeko
10.26876/ikergazte.ii.04.15	https://www.inguma.eus/produkzioa/ikusi/ar-jarduera-fisikoa-eta-gorputz-osaeraren-eragina-hezur-dentsitate-mineralean
10.26876/ikergazte.ii.04.16	https://www.inguma.eus/produkzioa/ikusi/ar-fe3o4-nanopartikulen-prestakuntza-eta-karakterizazioa-hipertermia-magnetikoan-aplikatzeko
10.26876/ikergazte.ii.04.17	https://www.inguma.eus/produkzioa/ikusi/ar-magi2-ren-aldaera-genetikoaren-asoziazioa-eta-adierazpen-alterazioa-eritasun-zeliakoan
10.26876/ikergazte.ii.04.18	https://www.inguma.eus/produkzioa/ikusi/ar-glutamatoaren-eta-kannabinoideen-neurohartzaileak-hipokanpoko-hilusean
10.26876/ikergazte.ii.04.19	https://www.inguma.eus/produkzioa/ikusi/ar-melanomaren-biomarkatzaile-lipidikoak
10.26876/ikergazte.ii.04.20	https://www.inguma.eus/produkzioa/ikusi/ar-zelulen-banan-banako-atxikipena-lortzeko-microcontact-printing-teknikaren-garapena
10.26876/ikergazte.ii.04.21	https://www.inguma.eus/produkzioa/ikusi/ar-endokannabinoideak-eta-zerebeloaren-garapena
10.26876/ikergazte.ii.04.22	https://www.inguma.eus/produkzioa/ikusi/ar-morfinak-h3k27me3-histonaren-antolamenduan-sortutako-eraldaketak-inpronta-genomikodun-geneen-adierazpenean-duen-eragin-zuzenaren-egiaztapena-chip-seq-teknikaren-bidez
10.26876/ikergazte.ii.04.23	https://www.inguma.eus/produkzioa/ikusi/ar-sistema-kannabinoidearen-funtzioa-sagu-oozitoen-heltze-prozesuan-ernalketan-eta-enbrioiaren-garapenean
10.26876/ikergazte.ii.05.01	https://www.inguma.eus/produkzioa/ikusi/ar-denboraren-eremuan-helburuetara-orientatutako-egokitzapena-errorearen-ez-ohiko-adierazpenak-erabilita
10.26876/ikergazte.ii.05.02	https://www.inguma.eus/produkzioa/ikusi/ar-konposatu-per-eta-polifluoratuak-mikrouhinen-bidez-prestatzen-diren-krispeten-ontziratze-materialetan
10.26876/ikergazte.ii.05.03	https://www.inguma.eus/produkzioa/ikusi/ar-maldi-ims-ehun-bateko-konposatuen-distribuzio-irudiak-lortzeko-masaespektrometria-teknika-ezagutzen
10.26876/ikergazte.ii.05.04	https://www.inguma.eus/produkzioa/ikusi/ar-aztarna-mailako-kutsatzaile-organikoen-biokontzentrazioa-eta-metabolizazioa-arrainetan-amitriptilinaren-kasua
10.26876/ikergazte.ii.05.05	https://www.inguma.eus/produkzioa/ikusi/ar-metilselenokarbamatoen-aktibitate-antileishmaniala
10.26876/ikergazte.ii.05.06	https://www.inguma.eus/produkzioa/ikusi/ar-laser-aplikazioetarako-ikusgaiko-eremu-gorrian-igorpen-eraginkorra-eta-egonkorra-duten-antena-molekularrak
10.26876/ikergazte.ii.05.07	https://www.inguma.eus/produkzioa/ikusi/ar-lupien-dicentrarchus-labrax-ataletan-disruptore-endokrinoen-metaketa-kontrolpeko-baldintetan
10.26876/ikergazte.ii.05.08	https://www.inguma.eus/produkzioa/ikusi/ar-epoxi-erretxina-poli-kaprolaktona-itsasgarri-itzulkorra
10.26876/ikergazte.ii.05.09	https://www.inguma.eus/produkzioa/ikusi/ar-angelman-sindromearen-oinarriak-ikertzen-zein-da-ube3aren-biktima
10.26876/ikergazte.ii.05.10	https://www.inguma.eus/produkzioa/ikusi/ar-piriniotako-muturluzearen-galemys-pyrenaicus-ekologia-espazial-eta-trofikoa-kontserbaziorako-funtsezko-faktoreak
10.26876/ikergazte.ii.05.11	https://www.inguma.eus/produkzioa/ikusi/ar-grafenoan-oinarritutako-litio-ioi-kondentsadorea
10.26876/ikergazte.ii.05.12	https://www.inguma.eus/produkzioa/ikusi/ar-material-zeramikoen-tenperatura-altuko-propietate-infragorriak-boro-nitruro-kubiko-eta-hexagonala
10.26876/ikergazte.ii.05.13	https://www.inguma.eus/produkzioa/ikusi/ar-argiaren-lokalizazio-azpinanometrikoa-eta-elektroien-energia-galera-metalezko-nanopartikuletan-deskribapen-klasikoa-vs-kuantikoa
10.26876/ikergazte.ii.05.15	https://www.inguma.eus/produkzioa/ikusi/ar-eugiko-munizio-fabrika-errealeko-bi-burdinazko-balen-karakterizazioa
10.26876/ikergazte.ii.05.16	https://www.inguma.eus/produkzioa/ikusi/ar-noaingo-oilategi-konpostagailua-etxeko-soberakin-organikoak-aprobetxatzeko-ikerkuntza-partehartzailea
10.26876/ikergazte.ii.05.17	https://www.inguma.eus/produkzioa/ikusi/ar-minbiziaren-aurkako-jomuga-garrantzitsua-i-topoisomerasa
10.26876/ikergazte.ii.05.18	https://www.inguma.eus/produkzioa/ikusi/ar-mct1-genearen-t1470a-polimorfismoaren-eragina-metabolismo-anaerobikoan-oinarritutako-kirol-jardueran
10.26876/ikergazte.ii.05.19	https://www.inguma.eus/produkzioa/ikusi/ar-erantzun-modulagarriak-cd-estresaren-pean-magurio-arruntean-littorina-littorea
10.26876/ikergazte.ii.05.20	https://www.inguma.eus/produkzioa/ikusi/ar-spin-orbita-akoplamenduak-eragindako-elektroi-fonoi-elkarrekintzaren-ezabapena-tl-si111-gainazalean
10.26876/ikergazte.ii.05.21	https://www.inguma.eus/produkzioa/ikusi/ar-efektu-erlatibistak-gainazalen-erantzun-propietateetan-karga-eta-spin-oszilazio-kolektiboak
10.26876/ikergazte.ii.05.22	https://www.inguma.eus/produkzioa/ikusi/ar-mas-hartzailearen-deskribapena-giza-espermatozoideetan-angiotentsina-1-7-bidezko-aktibazioaren-eragina-espermatozoideetan
10.26876/ikergazte.ii.05.23	https://www.inguma.eus/produkzioa/ikusi/ar-litio-metalikoaren-gainazalaren-egokitzea-bateria-elektrikoetarako
10.26876/ikergazte.ii.05.24	https://www.inguma.eus/produkzioa/ikusi/ar-kutsadura-urbanoaren-eta-ur-eskasiaren-arteko-elkarreragina-erreken-funtzionamenduan
10.26876/ikergazte.ii.05.25	https://www.inguma.eus/produkzioa/ikusi/ar-permakultura-garapen-iraunkorraren-begiradatik-bizi-esperientzia-praktikoak-yogyakarta-eta-bali-n-indonesia
10.26876/ikergazte.ii.05.26	https://www.inguma.eus/produkzioa/ikusi/ar-frustrazioa-egitura-eta-propietate-konplexuen-jatorria
10.26876/ikergazte.ii.05.27	https://www.inguma.eus/produkzioa/ikusi/ar-oihartzun-denbora-eta-eremu-magnetiko-estatikoaren-araberako-bold-erantzunaren-neurketa-bereizmen-handiko-irudi-bidezko-erresonantzia-magnetikoa-erabiliz-in-vivo-azterketa-bat
10.26876/ikergazte.iii.01.01	https://www.inguma.eus/produkzioa/ikusi/ar-nafarroako-ezker-iraultzailearen-historia-1970-1979
10.26876/ikergazte.iii.01.02	https://www.inguma.eus/produkzioa/ikusi/ar-izen-eman-hitzak-gizakia-gizaki-dagi
10.26876/ikergazte.iii.01.03	https://www.inguma.eus/produkzioa/ikusi/ar-hiztun-berriak-bigarren-hizkuntzan-irakasle-mugak-eta-ekarpen-gehigarriak
10.26876/ikergazte.iii.01.04	https://www.inguma.eus/produkzioa/ikusi/ar-euskal-herriko-landa-komunitateen-sintaxi-berria-zehar-objektu-izatetik-subjektu-izatera-erresilentzia-gaitasuna-bi-mila-urtez
10.26876/ikergazte.iii.01.05	https://www.inguma.eus/produkzioa/ikusi/ar-sentimenduen-tratamendu-konputazionalerantz-gramatika-maila-ezberdinetako-sentimendu-balentzia-aldatzaileen-bila
10.26876/ikergazte.iii.01.07	https://www.inguma.eus/produkzioa/ikusi/ar-testuen-irakaskuntza-genevako-sekuentzia-didaktikoa-tresna-eraginkorra-gazte-eta-helduentzat
10.26876/ikergazte.iii.01.08	https://www.inguma.eus/produkzioa/ikusi/ar-ergatiboaren-erabileran-argibide-eskariek-duten-eragina
10.26876/ikergazte.iii.01.09	https://www.inguma.eus/produkzioa/ikusi/ar-landareria-xabier-leteren-kantagintzan
10.26876/ikergazte.iii.01.10	https://www.inguma.eus/produkzioa/ikusi/ar-hitz-barneko-kode-alternantzia-euskara-gaztelaniaren-kasuan-ezaugarri-fonologikoen-azterketa
10.26876/ikergazte.iii.01.11	https://www.inguma.eus/produkzioa/ikusi/ar-eustimebank-tl-corpusa-denbora-informaziodun-testuetatik-denbora-lerroetara
10.26876/ikergazte.iii.01.12	https://www.inguma.eus/produkzioa/ikusi/ar-tipi-tapa-euskararen-erritmoan-korrikako-abestien-bilakaera-1980-2019
10.26876/ikergazte.iii.01.13	https://www.inguma.eus/produkzioa/ikusi/ar-hiri-irudikapenak-saizarbitoriaren-literatuan-euskal-eleberrigintzaren-lehen-irudikapenak
10.26876/ikergazte.iii.01.14	https://www.inguma.eus/produkzioa/ikusi/ar-euskararen-erabilera-sustatzeko-ideologia-eta-estrategiak-d-ereduko-gurasoen-hizkuntza-politika-eleaniztunetan
10.26876/ikergazte.iii.01.15	https://www.inguma.eus/produkzioa/ikusi/ar-d-ereduan-euskaldundutako-eremu-mistoko-gazte-nafarren-hizkuntza-jarrerak-eta-identitateak
10.26876/ikergazte.iii.01.16	https://www.inguma.eus/produkzioa/ikusi/ar-neptuno-berreraiki-a-artikulua-kalkulatzeko-euskal-inesibo-singularraren-diakronia-eta-berreraiketa-metodoaren-dibulgazio-saio-bat
10.26876/ikergazte.iii.01.17	https://www.inguma.eus/produkzioa/ikusi/ar-mike-leigh-zinegilearen-sorkuntza-metodoaren-baliagarritasuna-ikus-entzunezko-ikasketetan-aktoreen-zuzendaritza-ikasteko
10.26876/ikergazte.iii.01.18	https://www.inguma.eus/produkzioa/ikusi/ar-unitate-fraseologikoen-agerpen-literalak-urre-baina-urri
10.26876/ikergazte.iii.01.19	https://www.inguma.eus/produkzioa/ikusi/ar-hiru-adibide-berri-emakume-bertsolariak-beti-plazan-aritu-diren-adierazgarri
10.26876/ikergazte.iii.02.01	https://www.inguma.eus/produkzioa/ikusi/ar-la-manada-auzia-twitterren-sare-sozialetatik-gizartea-eraldatuz
10.26876/ikergazte.iii.02.02	https://www.inguma.eus/produkzioa/ikusi/ar-docentiaz-programak-hefa-fakultateko-irakasleen-irakaskuntza-praktikan-izandako-eragina
10.26876/ikergazte.iii.02.03	https://www.inguma.eus/produkzioa/ikusi/ar-iparraldeko-bigarren-mailako-euskarako-klaseetan-lantzen-den-literatura-autorearen-profilaren-bila
10.26876/ikergazte.iii.02.04	https://www.inguma.eus/produkzioa/ikusi/desberdin-ikusten-al-dute-informatika-eta-informatikaria-10-12-urteko-neskek-eta-mutilek
10.26876/ikergazte.iii.02.05	https://www.inguma.eus/produkzioa/ikusi/ar-iparra-galdu-gabe-euskal-alderdi-sistema-ez-da-espainiar-estatuko-azpi-sistema-elektoral-bat
10.26876/ikergazte.iii.02.06	https://www.inguma.eus/produkzioa/ikusi/ar-andrei-zvyagintsev-boterearen-jokoa-leviatan-filmean-thomas-hobbesen-eta-joben-liburuaren-oinarrietatik
10.26876/ikergazte.iii.02.07	https://www.inguma.eus/produkzioa/ikusi/ar-nolako-prentsa-nahi-dute-emakume-kirolariek
10.26876/ikergazte.iii.02.08	https://www.inguma.eus/produkzioa/ikusi/ar-gizarte-zerbitzuen-euskal-sistemaren-ereduaren-inguruan-eztabaidatzen
10.26876/ikergazte.iii.02.09	https://www.inguma.eus/produkzioa/ikusi/ar-trantsizio-ondorengo-justizia-euskal-autonomia-erkidegoan
10.26876/ikergazte.iii.02.10	https://www.inguma.eus/produkzioa/ikusi/ar-kultura-atzitzeko-eskubide-konstituzionala-nafarroako-kultur-eskubideen-inguruko-foru-legearen-ildotik
10.26876/ikergazte.iii.02.11	https://www.inguma.eus/produkzioa/ikusi/ar-euskaldun-gazte-eta-helduen-harremanak-twitterren
10.26876/ikergazte.iii.02.12	https://www.inguma.eus/produkzioa/ikusi/ar-ikurrina-nafarroan-amaierarik-gabeko-debeku-baten-azterketa
10.26876/ikergazte.iii.02.13	https://www.inguma.eus/produkzioa/ikusi/ar-sormen-eraginkortasun-auto-pertzepzioaren-lanketa-unibertsitatean-design-thinking-aren-bitartez-mondragon-unibertsitateko-ikus-entzunezko-komunikazioko-ikasleen-kasua
10.26876/ikergazte.iii.02.14	https://www.inguma.eus/produkzioa/ikusi/ar-euskarazko-komunikabideen-aukerak-sare-sozialetan-likely
10.26876/ikergazte.iii.02.15	https://www.inguma.eus/produkzioa/ikusi/ar-hizkuntza-irisgarritasuna-telebistaren-digitalizazioa-hizkuntza-gutxituen-mesede
10.26876/ikergazte.iii.02.16	https://www.inguma.eus/produkzioa/ikusi/ar-adin-txikikoak-eta-internet-familien-kezka-eta-erantzukizuna
10.26876/ikergazte.iii.02.17	https://www.inguma.eus/produkzioa/ikusi/ar-arrasaten-komunitateak-ehunduz
10.26876/ikergazte.iii.02.18	https://www.inguma.eus/produkzioa/ikusi/ar-edizio-genetikoa-enbrioietan-arautzeko-nazioarteko-adostasunaren-bila-gutxieneko-legeriaren-eta-mugen-beharra-mundu-mailako-bidegabekeriak-saiheste-aldera
10.26876/ikergazte.iii.02.19	https://www.inguma.eus/produkzioa/ikusi/ar-ingeniaritzaren-irudikapen-sozio-profesionalaren-azterketa-genero-ikuspegitik
10.26876/ikergazte.iii.03.01	https://www.inguma.eus/produkzioa/ikusi/ar-termoekonomia-eraikinen-sistema-termikoetan
10.26876/ikergazte.iii.03.03	https://www.inguma.eus/produkzioa/ikusi/ar-elektrospinning-bidezko-pcl-nanozuntzen-lorpena-larruazal-birsorkuntzarako
10.26876/ikergazte.iii.03.04	https://www.inguma.eus/produkzioa/ikusi/ar-exekuzio-denboran-barne-egoera-ikusi-eta-aldatzea-ahalbideratzen-duten-uml-egoera-makinak-modelsruntime
10.26876/ikergazte.iii.03.05	https://www.inguma.eus/produkzioa/ikusi/hemodinamikaren-eredu-zero-dimentsionalean-adarkaduretako-presio-galeraren-garrantziaren-inguruan-b-tace-tratamenduaren-analisia
10.26876/ikergazte.iii.03.06	https://www.inguma.eus/produkzioa/ikusi/ar-hernaniko-gipuzkoa-portalondo-dorretxearen-analisi-historiko-konstruktiboa
10.26876/ikergazte.iii.03.07	https://www.inguma.eus/produkzioa/ikusi/ar-3-prs-robot-baten-parametro-dinamikoen-identifikazioa-egiantz-handieneko-estimazio-metodoaren-bidez
10.26876/ikergazte.iii.03.08	https://www.inguma.eus/produkzioa/ikusi/ar-baloi-pneumatiko-baten-zurruntasun-estatiko-bertikal-zein-horizontalean-eragina-duten-parametroen-azterketa
10.26876/ikergazte.iii.03.09	https://www.inguma.eus/produkzioa/ikusi/ar-biziraupen-estimazio-modeloa-garraio-astuneko-aplikazioetan-erabiltzen-diren-superkondentsadoreentzako
10.26876/ikergazte.iii.03.10	https://www.inguma.eus/produkzioa/ikusi/ar-egobernua-europar-batasunean-erabilera-maila-eta-arrazoiak
10.26876/ikergazte.iii.03.11	https://www.inguma.eus/produkzioa/ikusi/ar-bateriaren-zahartzeaz-kontziente-den-energiaren-kudeaketako-estrategiaren-sentsibilitate-analisia
10.26876/ikergazte.iii.03.12	https://www.inguma.eus/produkzioa/ikusi/ar-kaleetako-begien-algoritmo-generatiboa-hiri-segurtasuna
10.26876/ikergazte.iii.03.13	https://www.inguma.eus/produkzioa/ikusi/ar-iruneko-udaletxeko-erloju-mekaniko-zaharraren-zaharberritzea
10.26876/ikergazte.iii.03.14	https://www.inguma.eus/produkzioa/ikusi/ar-bach-en-obretan-oinarritutako-bertso-doinuen-sorkuntza-automatikoa
10.26876/ikergazte.iii.03.15	https://www.inguma.eus/produkzioa/ikusi/ar-kritikotasun-mistoko-denbora-errealeko-sistema-banatuen-sintesiaren-optimizazioa
10.26876/ikergazte.iii.03.16	https://www.inguma.eus/produkzioa/ikusi/ar-euskaraz-hitz-egiten-ikasten-duten-makina-autodidaktak
10.26876/ikergazte.iii.03.17	https://www.inguma.eus/produkzioa/ikusi/ar-iruzurrezko-portaeren-detekzioa-crowd-motako-etiketazioan
10.26876/ikergazte.iii.03.18	https://www.inguma.eus/produkzioa/ikusi/ar-neurona-sareetan-oinarritutako-euskararako-korreferentzia-ebazpena
10.26876/ikergazte.iii.03.19	https://www.inguma.eus/produkzioa/ikusi/ar-sandwich-biskoelastikoen-nukleoaren-lodieraren-eragina-igogailu-baten-erantzun-dinamikoan
10.26876/ikergazte.iii.03.20	https://www.inguma.eus/produkzioa/ikusi/ar-soinu-gertaera-hiri-espazioaren-eraikuntza-sinbolikoan
10.26876/ikergazte.iii.04.01	https://www.inguma.eus/produkzioa/ikusi/ar-zelulaz-kanpoko-matrizeko-hevin-proteinaren-ikerketa-giza-garunean
10.26876/ikergazte.iii.04.02	https://www.inguma.eus/produkzioa/ikusi/ar-bektore-biral-terapeutiko-baten-efikazia-eta-toxizitateaten-ebaluazioa-wilson-gaixotasundun-saguetan
10.26876/ikergazte.iii.04.03	https://www.inguma.eus/produkzioa/ikusi/ar-selenozianato-eta-diseleniuroak-leishmaniaren-aurkako-sendagai-eraginkor-berriak
10.26876/ikergazte.iii.04.04	https://www.inguma.eus/produkzioa/ikusi/ar-rna-ez-kodetzaile-luzeak-lncrnak-etxabereetan-rna-seq-datuetan-oinarritutako-analisi-transkriptomikoa-ardian
10.26876/ikergazte.iii.04.05	https://www.inguma.eus/produkzioa/ikusi/ar-ama-hizkuntzaren-erabileraren-eragina-alzheimer-dementziaz-hunkitua-den-pertsonaren-akonpainamenduan
10.26876/ikergazte.iii.04.06	https://www.inguma.eus/produkzioa/ikusi/ar-ingurune-aberastuak-nerabezaroan-alkoholarekin-trataturiko-c57bl6j-saguen-iraupen-luzeko-cb-1-hartzailearen-mendeko-plastikotasuna-berreskuratzen-du-paradigma-honen-azpian-ezkutatzen-diren-mekanismo-zelularren-bila
10.26876/ikergazte.iii.04.07	https://www.inguma.eus/produkzioa/ikusi/ar-eritasun-zeliakoarekin-asoziatutako-rs6822844-polimorfismoaren-ikerketa-funtzionala-heste-zeluletan
10.26876/ikergazte.iii.04.08	https://www.inguma.eus/produkzioa/ikusi/ar-usp9x-angelman-sindromearen-tratamendurako-itu-berria-ote
10.26876/ikergazte.iii.04.09	https://www.inguma.eus/produkzioa/ikusi/ar-depresioaren-teoria-noradrenergikoa
10.26876/ikergazte.iii.04.10	https://www.inguma.eus/produkzioa/ikusi/ar-hiperkolesterolemia-familiarra-pcsk9-aldaeren-karakterizazioa-tratamendu-pertsonalizaturako
10.26876/ikergazte.iii.04.11	https://www.inguma.eus/produkzioa/ikusi/ar-1-motako-diabetesari-asoziaturiko-lncrnaen-azterketa-funtzionala-zelulen-hanturan-eta-apoptosian
10.26876/ikergazte.iii.04.12	https://www.inguma.eus/produkzioa/ikusi/ar-gaixotasun-autoimmuneei-asoziaturiko-rgs1-eremuko-lncrna-baten-karakterizazio-funtzionala
10.26876/ikergazte.iii.04.13	https://www.inguma.eus/produkzioa/ikusi/ar-e2f7-proteinaren-karakterizazioa-dnaren-konponketa-eta-ezegonkortasun-genomikoaren-modulatzaile-gisa
10.26876/ikergazte.iii.04.14	https://www.inguma.eus/produkzioa/ikusi/ar-cb1-kannbinoideen-hartzaile-gabeziaren-eragina-garuntxoko-zuntz-paraleloetan
10.26876/ikergazte.iii.04.15	https://www.inguma.eus/produkzioa/ikusi/ar-cb1-hartzaile-astrozitikoa-mikroskopio-elektronikoko-prestakinetan-detektatzeko-markatzaile-astroglialak-gfap-vs-glast
10.26876/ikergazte.iii.04.16	https://www.inguma.eus/produkzioa/ikusi/ar-mikrogliaren-aktibazioa-eta-2-motako-hartzaile-kannabinoidearen-de-novo-adierazpena-loki-bihurguneko-epilepsia-ereduan
10.26876/ikergazte.iii.04.17	https://www.inguma.eus/produkzioa/ikusi/ar-thc-fitokannabinoidearen-inplikazioa-sagu-oozitoen-heltze-prozesuan-eta-ernalketan
10.26876/ikergazte.iii.04.19	https://www.inguma.eus/produkzioa/ikusi/ar-trpv1-hartzaile-gabeziak-cb1-hartzailearen-funtzioan-eragina-du-hipokanpoko-hortz-bihurguneko-bide-zulatzaileko-sinapsietan
10.26876/ikergazte.iii.04.20	https://www.inguma.eus/produkzioa/ikusi/ar-multimedia-jarduera-sedentarioak-eta-dieta-mediterraneoarekiko-atxikiduraren-arteko-erlazioa-bilbo-handiko-haur-eta-nerabeetan
10.26876/ikergazte.iii.04.21	https://www.inguma.eus/produkzioa/ikusi/ar-ahk2-duchenne-gihar-distrofian-potentzial-terapeutikoa-duen-kalstabina-modulatzaile-berria
10.26876/ikergazte.iii.04.22	https://www.inguma.eus/produkzioa/ikusi/ar-hantura-periferikoa-depresio-eta-antsietate-sintomekin-batera-bularreko-minbizia-gainditutako-emakumeetan
10.26876/ikergazte.iii.04.23	https://www.inguma.eus/produkzioa/ikusi/ar-crispr-cas9-metodologiaren-optimizazioa-geneen-inaktibaziorako
10.26876/ikergazte.iii.05.01	https://www.inguma.eus/produkzioa/ikusi/ar-zulaketa-bidezko-erresistibitate-neurketen-simulazioa-problema-errealen-ebazpenean
10.26876/ikergazte.iii.05.02	https://www.inguma.eus/produkzioa/ikusi/ar-ingeniaritzan-geometria-lantzera-bideratutako-planteamendu-baten-azterketa-eta-gauzatzea
10.26876/ikergazte.iii.05.03	https://www.inguma.eus/produkzioa/ikusi/ar-espazio-denborako-efmaren-eta-lerroen-metodo-esplizituen-arteko-baliokidetasuna-egonkortasun-baldintza
10.26876/ikergazte.iv.01.01	https://www.inguma.eus/produkzioa/ikusi/ar-bideo-jokoen-lokalizazioaren-ikerketa-deskribatzailea-garatzailetatik-jokalarietara
10.26876/ikergazte.iv.01.02	https://www.inguma.eus/produkzioa/ikusi/ar-zergatik-panpox-1979-emakume-bat-hiri-modernoan
10.26876/ikergazte.iv.01.03	https://www.inguma.eus/produkzioa/ikusi/ar-ahal-mugaz-gaindiko-partikula
10.26876/ikergazte.iv.01.04	https://www.inguma.eus/produkzioa/ikusi/ar-itzulpena-eta-interpretazioa-zurekin-baina-zu-gabe
10.26876/ikergazte.iv.01.05	https://www.inguma.eus/produkzioa/ikusi/ar-intonazio-kontornu-unibertsalen-eta-ez-unibertsalen-pertzepzioa-galderak-eta-adierazpenak-markina-xemeingo-euskaran
10.26876/ikergazte.iv.01.06	https://www.inguma.eus/produkzioa/ikusi/ar-euskararen-biziberritzea-altsasun-merkataritzako-hizkuntza-paisaia-aztergai
10.26876/ikergazte.iv.01.07	https://www.inguma.eus/produkzioa/ikusi/ar-erlazio-erauzketa-testu-klinikoetan-hizkuntzaren-prozesamenduaren-bidez
10.26876/ikergazte.iv.01.08	https://www.inguma.eus/produkzioa/ikusi/ar-maitasuna-xabier-leteren-abestietan
10.26876/ikergazte.iv.01.09	https://www.inguma.eus/produkzioa/ikusi/ar-gorputza-eta-artxiboak-erakusketen-instalazioetarako-proposamen-berri-bat
10.26876/ikergazte.iv.01.10	https://www.inguma.eus/produkzioa/ikusi/ar-gorputzak-edertasun-kanonarekin-ezbaian-90eko-hamarkadan-estibaliz-sadabaren-eta-miren-agur-meaberen-kasuen-alderaketa
10.26876/ikergazte.iv.01.11	https://www.inguma.eus/produkzioa/ikusi/ar-egia-ostearen-analisi-filosofiko-pragmatikoa-egia-ostea-hitzontzikeria
10.26876/ikergazte.iv.01.12	https://www.inguma.eus/produkzioa/ikusi/ar-down-sindromedun-haurren-hizkuntzen-garapena-2-urteko-neska-elebidun-baten-kasu-azterketa
10.26876/ikergazte.iv.01.13	https://www.inguma.eus/produkzioa/ikusi/ar-euskararen-belaunaldiz-belaunaldiko-etena-eta-jarraipena-lizarrako-ikastolako-familien-testuinguruan
10.26876/ikergazte.iv.01.14	https://www.inguma.eus/produkzioa/ikusi/ar-ekintzak-kaleak-eta-bestelako-performanceak-valie-exporten-tapp-und-tastkino-aztergai
10.26876/ikergazte.iv.01.15	https://www.inguma.eus/produkzioa/ikusi/ar-larramendiren-hiztegi-hirukoitzaren-digitalizazioa-karaktereen-ezagutze-optikoa-eta-wikitekara-igotzea
10.26876/ikergazte.iv.01.16	https://www.inguma.eus/produkzioa/ikusi/ar-ikerketa-berregingarria-analisi-arkeometrikoan-kode-irekia-eta-r
10.26876/ikergazte.iv.01.17	https://www.inguma.eus/produkzioa/ikusi/ar-euskara-gaztelania-elebidunen-kode-alternantzia-gazteentzako-euskal-irratsaio-baten-analisia
10.26876/ikergazte.iv.01.18	https://www.inguma.eus/produkzioa/ikusi/ar-uzkurtze-epistemikoa-pobreziaren-erreprodukzioa-kapitalismo-kognitiboan
10.26876/ikergazte.iv.02.01	https://www.inguma.eus/produkzioa/ikusi/ar-30-urte-mihigintzan-30-urte-euskararen-biziberritzeari-ekarpena-egiten
10.26876/ikergazte.iv.02.02	https://www.inguma.eus/produkzioa/ikusi/ar-etb-ingurune-inklusiboa-euskararentzat
10.26876/ikergazte.iv.02.03	https://www.inguma.eus/produkzioa/ikusi/ar-zuzenbideak-genero-estereotipoak-kontuan-hartzen-euskal-autonomia-erkidegoko-kasuari-erreferentzia-bat
10.26876/ikergazte.iv.02.04	https://www.inguma.eus/produkzioa/ikusi/ar-eta-euskararen-aldeko-talde-bat-zela-uste-nuen-hizkuntzari-eta-gatazkari-lotutako-aurreiritziak-gazteen-diskurtsoetan
10.26876/ikergazte.iv.02.05	https://www.inguma.eus/produkzioa/ikusi/ar-hitzen-indarra-arte-kritika-emakumeak-zokoratzeko-eragilea
10.26876/ikergazte.iv.02.06	https://www.inguma.eus/produkzioa/ikusi/ar-kooperatibismoaren-hariak-belaunaldi-berrietan
10.26876/ikergazte.iv.02.07	https://www.inguma.eus/produkzioa/ikusi/ar-adineko-pertsonek-covid-19-pandemiari-aurre-egiteko-erabiltzen-dituzten-irudikapen-sozial-eta-emozionalak-aztertzen
10.26876/ikergazte.iv.02.08	https://www.inguma.eus/produkzioa/ikusi/ar-inteligentzia-artifiziala-eta-big-data-ikaskuntzaren-pertsonalizaziorako-gakoak
10.26876/ikergazte.iv.02.09	https://www.inguma.eus/produkzioa/ikusi/ar-gizarte-ekonomiako-esperientziak-lurraldeetatik-sustatzen
10.26876/ikergazte.iv.02.10	https://www.inguma.eus/produkzioa/ikusi/ar-pedagogia-libertarioaren-eredu-pedagogikoa-aztergai
10.26876/ikergazte.iv.02.11	https://www.inguma.eus/produkzioa/ikusi/ar-komunitarioa-gizarte-zerbitzuetarako-aukera
10.26876/ikergazte.iv.02.12	https://www.inguma.eus/produkzioa/ikusi/ar-iparraldeko-bigarren-mailako-euskarako-ikasleen-modelo-kulturalak-eta-eredu-sexistak
10.26876/ikergazte.iv.02.13	https://www.inguma.eus/produkzioa/ikusi/ar-irakaskuntza-publikorako-sarbidearen-azterketa-europako-irakasle-gaitasunak-oinarri
10.26876/ikergazte.iv.02.14	https://www.inguma.eus/produkzioa/ikusi/ar-zahartzaroko-mendekotasuna-eta-arreta-ereduen-trantsizioa-irudikapen-sozialen-teoriatik-hurbilpena
10.26876/ikergazte.iv.02.15	https://www.inguma.eus/produkzioa/ikusi/ar-ikten-internet-bidezko-plataformen-sare-sozialen-eta-telebistaren-erabilera-eta-kontsumoa-euskal-nerabeen-artean
10.26876/ikergazte.iv.02.16	https://www.inguma.eus/produkzioa/ikusi/ar-4-urtaroak-mindfulness-birtuala-aghn-duten-haurretan
10.26876/ikergazte.iv.02.17	https://www.inguma.eus/produkzioa/ikusi/ar-aitatasunerako-trantzisioa-igarotze-erritu-bezala-lehen-pertsonan-egindako-ikerketa-kasu-bat
10.26876/ikergazte.iv.02.18	https://www.inguma.eus/produkzioa/ikusi/ar-ethazi-berrikuntza-ereduan-ari-diren-lanbide-heziketako-irakasleen-hezkuntzari-buruzko-kontzepzioen-garapenaren-azterketa-covid-19-testuinguruan
10.26876/ikergazte.iv.02.19	https://www.inguma.eus/produkzioa/ikusi/ar-ipar-haizearen-erronka-filmaren-emakumezko-pertsonaien-analisia-rolak-espazioak-eta-ekintzak
10.26876/ikergazte.iv.02.20	https://www.inguma.eus/produkzioa/ikusi/ar-identitatearen-eraikuntza-eta-aitaren-irudia-errusiar-zineman
10.26876/ikergazte.iv.02.21	https://www.inguma.eus/produkzioa/ikusi/ar-ezeztapena-identifikatzeko-murriztapen-gramatikako-erregelak-sentimenduen-analisiaren-testuinguruan
10.26876/ikergazte.iv.02.22	https://www.inguma.eus/produkzioa/ikusi/ar-bizitzaren-sostengarritasunerako-bidean-herri-mugimenduen-antolaketa-egiturak-eta-militantzia-eredu-berriak
10.26876/ikergazte.iv.02.23	https://www.inguma.eus/produkzioa/ikusi/ar-elkar-laguntza-berdinen-arteko-gizarte-laguntza-esku-hartze-baten-eragina-bularreko-minbizia-duten-pazienteen-aurre-egite-estrategietan
10.26876/ikergazte.iv.02.24	https://www.inguma.eus/produkzioa/ikusi/ar-derrigorrezko-bigarren-hezkuntzara-bideratutako-stem-proiektuen-azterketa-kuantitatiboa
10.26876/ikergazte.iv.02.25	https://www.inguma.eus/produkzioa/ikusi/ar-euskal-autonomia-erkidegoko-eta-kataluniako-alderdi-sistemen-bilakaera-polarizaziotik-moderaziora-eta-alderantziz
10.26876/ikergazte.iv.02.26	https://www.inguma.eus/produkzioa/ikusi/ar-kontabilitateak-beharko-luke-bihotzik-maitasunaren-ekonomia-kudeatzeko-lanabesak-ikastolen-kasua
10.26876/ikergazte.iv.02.27	https://www.inguma.eus/produkzioa/ikusi/ar-lehen-hezkuntzako-ikasleen-segurtasun-digitala-eskaerak-eta-konpromisoak-izandig-proiektuaren-baitan
10.26876/ikergazte.iv.02.28	https://www.inguma.eus/produkzioa/ikusi/ar-bigarren-hezkuntzako-ikasleen-landareekiko-itsutasuna-eta-biodibertsitatearen-kontzeptualizazioa
10.26876/ikergazte.iv.02.29	https://www.inguma.eus/produkzioa/ikusi/ar-euskal-kirol-federazioak-berdintasunaren-utopia
10.26876/ikergazte.iv.02.30	https://www.inguma.eus/produkzioa/ikusi/ar-bertsolarien-izeberg-a-zaintzaren-begiradatik-bertsolarien-bizitzen-azterketa
10.26876/ikergazte.iv.02.31	https://www.inguma.eus/produkzioa/ikusi/ar-unibertsitateko-ikasleen-laburpen-gaitasunaren-azterketa-eta-testuaren-egitura-hierarkikoan-oinarrituriko-atzeraelikadura-automatikoa
10.26876/ikergazte.iv.02.32	https://www.inguma.eus/produkzioa/ikusi/ar-presentismoaren-determinatzaileak-laneko-eskakizunak-eta-baliabideak
10.26876/ikergazte.iv.02.33	https://www.inguma.eus/produkzioa/ikusi/ar-genero-arauak-eta-identitatearen-garapena-haurtzaroan-marjinazio-oroitzapen-disidenteen-analisia
10.26876/ikergazte.iv.02.34	https://www.inguma.eus/produkzioa/ikusi/ar-euskal-gatazkaren-ertzetako-biolentziak-80-90eko-hamarkadetan-senide-eta-lagunak-gatazkaren-erdigunean-izan-dituzten-andreen-memoriaren-eta-praktika-erresistenteen-bilketa-feminista-bat
10.26876/ikergazte.iv.02.35	https://www.inguma.eus/produkzioa/ikusi/ar-abestiak-eta-sinbolismoa-hegan-egitearen-garrantzia-euskal-musika-popularrean
10.26876/ikergazte.iv.02.36	https://www.inguma.eus/produkzioa/ikusi/ar-langileen-parte-hartzea-lan-kooperatiba-handien-kudeaketan
10.26876/ikergazte.iv.02.37	https://www.inguma.eus/produkzioa/ikusi/ar-autodeterminazioa-eta-erabakitzeko-eskubidea-euskal-herrian-kontzeptuen-eboluzioa-mugimendu-sozialen-ikuspegitik
10.26876/ikergazte.iv.02.38	https://www.inguma.eus/produkzioa/ikusi/ar-estatuaren-eta-konstituzio-zuzenbidearen-konkista-neoliberala-hausnarketa-kontrahegemoniko-bat
10.26876/ikergazte.iv.02.39	https://www.inguma.eus/produkzioa/ikusi/ar-antzuola-herri-eskolako-hezkuntza-proiektua-ikasle-ohien-bizipenak-eta-euren-parte-hartzea-sustatzeko-gako-pedagogikoak
10.26876/ikergazte.iv.03.01	https://www.inguma.eus/produkzioa/ikusi/ar-potentzia-prozesamendu-partzialean-oinarritutako-bihurgailuak
10.26876/ikergazte.iv.03.02	https://www.inguma.eus/produkzioa/ikusi/ar-sic-erdieroaleak-energia-eolikoan-lcoea-hobetzeko
10.26876/ikergazte.iv.03.03	https://www.inguma.eus/produkzioa/ikusi/ar-bidaiari-trenek-konforta-bermatzeko-darabiltzaten-baloi-pneumatikoen-azterketa
10.26876/ikergazte.iv.03.04	https://www.inguma.eus/produkzioa/ikusi/ar-elementu-pasiboen-eragina-frekuentzia-altuko-bihurgailuetan
10.26876/ikergazte.iv.03.05	https://www.inguma.eus/produkzioa/ikusi/ar-robot-aren-itxura-estetikoak-eta-erabiltzaileen-preferentziak
10.26876/ikergazte.iv.03.06	https://www.inguma.eus/produkzioa/ikusi/ar-instalazio-termiko-baten-modelatze-energetikoa
10.26876/ikergazte.iv.03.07	https://www.inguma.eus/produkzioa/ikusi/ar-gibeleko-erradioenbolizazioaren-cfd-simulazioak-odolaren-biskositatearen-eragina-gibeleko-hemodinamikan-eta-mikroesferen-distribuzioan
10.26876/ikergazte.iv.03.08	https://www.inguma.eus/produkzioa/ikusi/ar-instalazio-termikoen-termoekonomia-diagnostikoa
10.26876/ikergazte.iv.03.09	https://www.inguma.eus/produkzioa/ikusi/ar-interferentzia-elektromagnetikoaren-azterketa-potentzia-elektronikako-sistemetan-si-wbg-trantsizio-teknologikoaren-testuinguruan
10.26876/ikergazte.iv.03.10	https://www.inguma.eus/produkzioa/ikusi/ar-industria-eolikoko-palen-efizientzia-aerodinamikoaren-azterketa-esperimentala-baldintza-ideal-eta-errealetan
10.26876/ikergazte.iv.03.11	https://www.inguma.eus/produkzioa/ikusi/ar-diseinuaren-ezagutzaren-biltzea-software-artefaktuetan-produktu-lerroen-ingeniaritzan-oinarritutako-proposamena
10.26876/ikergazte.iv.03.12	https://www.inguma.eus/produkzioa/ikusi/ar-fabrikazio-aditibo-bidezko-sare-egituren-eredu-analitikoa-zeharkako-isotropiarako
10.26876/ikergazte.iv.03.13	https://www.inguma.eus/produkzioa/ikusi/ar-errealitate-areagotuko-sistema-baten-diseinu-eta-balioztatze-esperimentala-haririk-gabeko-integrazioarekin-auditoriumetan-desgaitasuna-pairatzen-duten-pertsonen-esperientzia-hobetzeko
10.26876/ikergazte.iv.03.14	https://www.inguma.eus/produkzioa/ikusi/ar-aluminioaren-emisibitate-neurketa-zehatzak-termografia-infragorriarako
10.26876/ikergazte.iv.03.15	https://www.inguma.eus/produkzioa/ikusi/ar-saskigintza-eta-geometriaren-arteko-lotura-arkitektura-graduko-irakaskuntzan
10.26876/ikergazte.iv.03.16	https://www.inguma.eus/produkzioa/ikusi/ar-eraginkortasun-energetikoaren-ziurtagiriaren-kalitatearen-azterketa-kanpo-kontrolerako-sistema-hobetzeko
10.26876/ikergazte.iv.03.17	https://www.inguma.eus/produkzioa/ikusi/ar-twitterreko-euskal-komunitatearen-eduki-azterketa-pandemia-garaian
10.26876/ikergazte.iv.03.18	https://www.inguma.eus/produkzioa/ikusi/ar-hidrogeno-tren-baten-diseinu-eta-operazioaren-optimizazioa
10.26876/ikergazte.iv.03.19	https://www.inguma.eus/produkzioa/ikusi/ar-itzulpen-automatikoko-sistemen-analisia-genero-alborapenaren-kasua
10.26876/ikergazte.iv.03.20	https://www.inguma.eus/produkzioa/ikusi/ar-data-intensive-aplikazio-baten-fitxategi-kudeaketa-aldatzen-memoria-mugak-gainditzeko
10.26876/ikergazte.iv.03.21	https://www.inguma.eus/produkzioa/ikusi/ar-partizioen-konfigurazioaren-eragina-denbora-errealeko-sistemen-planifikagarritasunean
10.26876/ikergazte.iv.03.22	https://www.inguma.eus/produkzioa/ikusi/ar-zeharkako-ebaketa-prozesuaren-parametroen-eragina-erresistentzia-handiko-altzairuzko-xafla-lodietan
10.26876/ikergazte.iv.03.23	https://www.inguma.eus/produkzioa/ikusi/ar-abiadura-handiko-entseguak-egiteko-forjaketa-mailu-baten-garapena
10.26876/ikergazte.iv.03.24	https://www.inguma.eus/produkzioa/ikusi/ar-eraikuntzan-erabiltzen-diren-clt-panelen-kontraijeztuen-karakterizaziorako-on-line-laser-profilometro-baten-proposamena
10.26876/ikergazte.iv.04.01	https://www.inguma.eus/produkzioa/ikusi/ar-mlb-ldlr-ldlaren-hartzaile-aldaeren-eragina-aurresateko-ikasketa-automatikoko-eredua
10.26876/ikergazte.iv.04.02	https://www.inguma.eus/produkzioa/ikusi/ar-heltze-egoeraren-araberako-hazkunde-lesio-motak-goi-mailako-futbolari-gazteetan
10.26876/ikergazte.iv.04.03	https://www.inguma.eus/produkzioa/ikusi/ar-morfinak-eragindako-aldaketa-epigenetikoen-azterketan-in-vitro-eta-in-vivo
10.26876/ikergazte.iv.04.04	https://www.inguma.eus/produkzioa/ikusi/ar-emakumeekiko-sexismo-maila-osasun-arloko-profesional-eta-ikasleengan-lehen-hurbilketa
10.26876/ikergazte.iv.04.05	https://www.inguma.eus/produkzioa/ikusi/ar-aurresan-ezin-den-estres-kroniko-moderatua-chronic-unpredictable-mild-stress-cums-depresioaren-animalia-eredua
10.26876/ikergazte.iv.04.06	https://www.inguma.eus/produkzioa/ikusi/ar-paziente-eskizofreniko-eta-kontrolen-garun-kortexean-d2-cb1-eta-mglu2-hartzaileen-espresio-aldakortasunaren-ikerketa
10.26876/ikergazte.iv.04.07	https://www.inguma.eus/produkzioa/ikusi/ar-gernutik-lortutako-zelula-ama-mesenkimalak-husc-pseudohipoparatiroidismoaren-php-terapia-geniko-ez-biralerako
10.26876/ikergazte.iv.04.08	https://www.inguma.eus/produkzioa/ikusi/ar-giza-garun-postmortemeko-nukleo-neuronalen-eta-ez-neuronalen-banaketa
10.26876/ikergazte.iv.04.09	https://www.inguma.eus/produkzioa/ikusi/ar-haur-eta-nerabeen-elikadura-emozionala-bultzatzen-duten-guraso-eta-haurren-ezaugarriak-berrikuspen-sistematikoa
10.26876/ikergazte.iv.04.10	https://www.inguma.eus/produkzioa/ikusi/ar-slug-genearen-erregulazioa-eta-epitelio-mesenkima-trantsizioa-e2f-faktoreen-eraginpean-daude-minbiziaren-testuinguruan
10.26876/ikergazte.iv.04.11	https://www.inguma.eus/produkzioa/ikusi/ar-ingurumen-zaratak-eraginik-al-du-11-urteko-umeen-loaren-kalitatean
10.26876/ikergazte.iv.04.12	https://www.inguma.eus/produkzioa/ikusi/ar-hiriko-gune-berdeak-eta-osasunean-duten-eragina
10.26876/ikergazte.iv.04.13	https://www.inguma.eus/produkzioa/ikusi/ar-rna-zirkular-berrien-bilaketak-atzeranzko-moztu-itsastearen-kontserbazio-altua-frogatu-du-ardian
10.26876/ikergazte.iv.04.14	https://www.inguma.eus/produkzioa/ikusi/ar-endometriosia-eta-ezaugarri-antropometriko-eta-menstrualak-oinarri-genetiko-amankomunaren-bila
10.26876/ikergazte.iv.04.15	https://www.inguma.eus/produkzioa/ikusi/ar-gibeleko-endotelioaren-konbertasen-papera-gibeleko-metastasian
10.26876/ikergazte.iv.04.16	https://www.inguma.eus/produkzioa/ikusi/ar-eaeko-emakumeek-modu-larrian-ospitaleratzeko-aukera-handiagoa-zuten-zenbait-bihotz-hodietako-gaixotasunen-kasuan-2016-2018-urteen-artean
10.26876/ikergazte.iv.04.17	https://www.inguma.eus/produkzioa/ikusi/ar-cb1-hartzaile-kanabinoidearen-azalpena-saguaren-garuneko-zelula-oligodendroglialetan
10.26876/ikergazte.iv.04.18	https://www.inguma.eus/produkzioa/ikusi/ar-hezkuntza-nutrizionala-gluten-gabeko-dieta-segurua-orekatua-eta-inklusiboa
10.26876/ikergazte.iv.04.19	https://www.inguma.eus/produkzioa/ikusi/ar-rnaren-n6-metiladenosina-m6a-modifikazioren-rol-berriak-hesteko-inflamazioaren-garapenean-eta-tratamenduan
10.26876/ikergazte.iv.04.20	https://www.inguma.eus/produkzioa/ikusi/ar-omega-3-gantz-azidoen-propietate-onuragarriak
10.26876/ikergazte.iv.04.21	https://www.inguma.eus/produkzioa/ikusi/ar-erizaintzako-ikasleen-heziketaren-eragina-elikadura-sinesmen-eta-elikadura-aukeraketan
10.26876/ikergazte.iv.04.22	https://www.inguma.eus/produkzioa/ikusi/ar-garun-traumatismoen-epe-luzeko-eragina-hipokanpoko-cb1-hartzailean
10.26876/ikergazte.iv.04.23	https://www.inguma.eus/produkzioa/ikusi/ar-proteinetan-oinarritutako-biomaterialen-biobateragarritasunaren-eta-egokitasunaren-azterketa-kornearako-ordezkoen-edo-matrizeen-hautagai-potentzial-gisa
10.26876/ikergazte.iv.04.24	https://www.inguma.eus/produkzioa/ikusi/ar-nutrizio-irakasgaiaren-eragina-erizaintzako-ikasleen-elikadura-lehentasun-eta-ezinikusietan
10.26876/ikergazte.iv.04.25	https://www.inguma.eus/produkzioa/ikusi/ar-hipokanpoaren-mendeko-portaeren-eta-endokannabinoide-sistemaren-aldaketak-loki-lobuluko-epilepsiaren-animalia-eredu-batean
10.26876/ikergazte.iv.04.26	https://www.inguma.eus/produkzioa/ikusi/ar-nerabezaroko-gehiegizko-alkohol-kontsumoaren-kalte-iraunkorrak-c57bl-6j-sagu-eme-helduetan
10.26876/ikergazte.iv.04.27	https://www.inguma.eus/produkzioa/ikusi/ar-erizaintza-euskaraz-jarduteko-edota-ikasteko-aukera-eta-oztopoen-azterketa
10.26876/ikergazte.iv.04.28	https://www.inguma.eus/produkzioa/ikusi/ar-1-motako-kannabinoide-hartzaile-cb1-astroglialaren-adierazpena-loki-lobuloko-epilepsia-ereduan
10.26876/ikergazte.iv.05.01	https://www.inguma.eus/produkzioa/ikusi/ar-act-toxina-eta-mintzeko-kolesterolaren-arteko-elkarrekintzaren-azterketa
10.26876/ikergazte.iv.05.02	https://www.inguma.eus/produkzioa/ikusi/ar-ikusezina-ikusgai-bihurtzearen-erronka-analisi-bideratutik-ez-bideratura-jauzia-bereizmen-altuko-masa-espektrometriari-esker
10.26876/ikergazte.iv.05.03	https://www.inguma.eus/produkzioa/ikusi/ar-idiazabal-gaztaren-ikerketa-metagenomikoa-gaztagilearen-eta-heltze-denboraren-eragina-mikrobiotan
10.26876/ikergazte.iv.05.04	https://www.inguma.eus/produkzioa/ikusi/ar-glifosato-herbizidak-eragindako-oxidazio-estresa-amaranthus-palmeri-belar-txarrean
10.26876/ikergazte.iv.05.05	https://www.inguma.eus/produkzioa/ikusi/ar-zamorako-zeramiken-beiratua-egiteko-zeramikariek-erabilitako-galenaren-jatorrizko-meatzearen-identifikazioa-berun-isotopoen-analisiaren-bidez
10.26876/ikergazte.iv.05.06	https://www.inguma.eus/produkzioa/ikusi/ar-gaur-egungo-ikerketa-geologiko-baten-nondik-norakoak-kretazeoko-hiperestentsioari-loturiko-hidrotermalismoaren-zantzuak-euskokantauriar-arroan
10.26876/ikergazte.iv.05.07	https://www.inguma.eus/produkzioa/ikusi/ar-euskal-kostako-bi-estuarioren-osasun-egoeren-azterketa-organismo-zentinela-moduan-muskuiluak-erabilita
10.26876/ikergazte.iv.05.08	https://www.inguma.eus/produkzioa/ikusi/ar-fe3o4-zko-nanopartikulak-kantzerraren-aurkako-hipertermia-magnetikoa
10.26876/ikergazte.iv.05.09	https://www.inguma.eus/produkzioa/ikusi/ar-polimero-biobateragarrien-garapena-biomedikuntzan-erabiltzeko
10.26876/ikergazte.iv.05.10	https://www.inguma.eus/produkzioa/ikusi/ar-ontze-denborak-zaldi-haragian-duen-eragina-kontsumitzaileen-iritzia
10.26876/ikergazte.iv.05.11	https://www.inguma.eus/produkzioa/ikusi/ar-infusioen-ahalmen-antioxidatzailearen-determinazioa-folin-ciocalteu-erreakzioa-eta-irudi-digitalen-analisi-bidez
10.26876/ikergazte.iv.05.12	https://www.inguma.eus/produkzioa/ikusi/ar-behi-esnearen-gantz-edukiaren-determinazioa-nir-espektroskopia-eta-kimiometria-erabiliz
10.26876/ikergazte.iv.05.13	https://www.inguma.eus/produkzioa/ikusi/ar-aspergillus-nidulans-onddoaren-garapenaren-kontrol-genetikoa-flpa-ustezko-ziklinaren-identifikazioa-eta-ezaugarritze-funtzionala
10.26876/ikergazte.iv.05.14	https://www.inguma.eus/produkzioa/ikusi/ar-bm15-bm18-bm29-bm36-bm39-konposatuen-jarduera-leishmanizidaren-azterketa
10.26876/ikergazte.iv.05.15	https://www.inguma.eus/produkzioa/ikusi/ar-maneiu-estentsibopean-ekoiztutako-behor-esnea-abeltzaintza-dibertsifikazio-moduan-esnearen-kalitatearen-azterketa
10.26876/ikergazte.iv.05.16	https://www.inguma.eus/produkzioa/ikusi/ar-arazketa-lohietatik-eratorritako-balio-erantsi-altuko-ongarri-seguruen-ekoizpena
10.26876/ikergazte.iv.05.17	https://www.inguma.eus/produkzioa/ikusi/ar-esofagitis-eosinofilikoaren-rna-bidezko-diagnostiko-ez-inbaditzailerako-proposamen-berria
10.26876/ikergazte.iv.05.18	https://www.inguma.eus/produkzioa/ikusi/ar-sentinel-2-irudiekin-erretako-eremuak-detektatzeko-algoritmoa-eta-produktua-saharaz-hegoaldeko-afrikan
10.26876/ikergazte.iv.05.19	https://www.inguma.eus/produkzioa/ikusi/ar-auxinak-induzitutako-degron-aid-sistemaren-garapena-funtzio-ezezaguna-duen-proteina-baten-testuinguruan
10.26876/ikergazte.iv.05.20	https://www.inguma.eus/produkzioa/ikusi/ar-kannabinoideak-pilula-gisa-enkapsulazio-egonkorra-posible-ote
10.26876/ikergazte.iv.05.21	https://www.inguma.eus/produkzioa/ikusi/ar-laser-ultralabur-baten-bidezko-urrezko-estaldura-meheen-ablazioa
10.26876/ikergazte.iv.05.22	https://www.inguma.eus/produkzioa/ikusi/ar-efektuei-bideratutako-analisia-ospitaleko-efluenteetan-disruptore-endokrino-potentzialen-detekziorako-legamia-bidezko-in-vitro-biosaioaz-baliatuz
10.26876/ikergazte.iv.05.23	https://www.inguma.eus/produkzioa/ikusi/ar-irudi-analisi-eta-machine-learning-bidezko-itsas-triku-enbrioi-biosaioaren-automatizazioa
10.26876/ikergazte.iv.05.24	https://www.inguma.eus/produkzioa/ikusi/ar-2-motako-diabetesari-asoziaturiko-rna-ez-kodetzaile-batek-2-transglutaminasa-genearen-adierazpena-erregulatzen-du-pankreako-beta-zeluletan
10.26876/ikergazte.iv.05.25	https://www.inguma.eus/produkzioa/ikusi/ar-litioaren-toxikotasuna-muskuiluetan
10.26876/ikergazte.iv.05.26	https://www.inguma.eus/produkzioa/ikusi/ar-foto-polimerizazio-bidezko-itsasgarrien-gogortzea
10.26876/ikergazte.iv.05.27	https://www.inguma.eus/produkzioa/ikusi/ar-fluxu-jarraiko-polimerizazioa-poliuretanoak-prestatzeko-abantailak-eta-aukerak
10.26876/ikergazte.iv.05.28	https://www.inguma.eus/produkzioa/ikusi/ar-gainazaleko-teknika-elektrikoen-erabilera-tektonika-aktiboaren-ikerketan-tomografia-elektrikoa-ert-eta-polarizazio-induzitua-ip
10.26876/ikergazte.iv.05.29	https://www.inguma.eus/produkzioa/ikusi/ar-biomolekulen-elkarrekintzak-eta-fotofisika-aztertzen-laser-espektroskopiaren-bidez
10.26876/ikergazte.iv.05.30	https://www.inguma.eus/produkzioa/ikusi/ar-sulfonamida-antibiotikoen-determinazioa-zoruan
10.26876/ikergazte.iv.05.31	https://www.inguma.eus/produkzioa/ikusi/ar-molekulen-elkarrekintzen-eragina-materia-makroskopikoaren-antolaketan-teobromina-molekularen-nukleazioaren-bidez
10.26876/ikergazte.iv.05.32	https://www.inguma.eus/produkzioa/ikusi/ar-fosfato-kontzentrazioaren-eta-ph-aren-determinazioa-kolirio-laginetan-irudi-digitalen-analisia-erabiliz
10.26876/ikergazte.iv.05.33	https://www.inguma.eus/produkzioa/ikusi/ar-nanopartikulen-lipido-konposizioak-rhdlen-kolesterol-kanpora-fluxuaren-efizientzian-eragina-du
10.26876/ikergazte.iv.05.34	https://www.inguma.eus/produkzioa/ikusi/ar-presa-handi-baten-hustuketak-eragindako-efektu-ekologikoak-enobietako-urtegiaren-kasua-artikutza-nafarroa
10.26876/ikergazte.iv.05.35	https://www.inguma.eus/produkzioa/ikusi/ar-erretikulu-endoplasmatikoaren-eta-mitokondriaren-arteko-konexioek-mtdna-ren-erreplikazioan-duten-inplikazioa
10.26876/ikergazte.iv.05.36	https://www.inguma.eus/produkzioa/ikusi/ar-atad3-gene-familian-de-novo-duplikazioek-harel-yoon-sindromea-sortzen-dute-eta-kolesterolaren-eta-mitokondrien-metabolismoan-kalteak-eragiten-dituzte
10.26876/ikergazte.iv.05.37	https://www.inguma.eus/produkzioa/ikusi/ar-manganeso-dioxidozko-superkondentsadore-hibridoen-karakterizazio-elektrokimikoa
10.26876/ikergazte.iv.05.38	https://www.inguma.eus/produkzioa/ikusi/ar-txakurren-eta-andeetako-azerien-arteko-parasitoen-transmisioa-ulertu-nahian-txileko-paisaia-antropikoan
10.26876/ikergazte.iv.05.39	https://www.inguma.eus/produkzioa/ikusi/ar-nikel-estaldura-bainuetan-hipofosfito-edukiaren-kontrola-metodo-zinetiko-eta-kolorimetriko-baten-bitartez
10.26876/ikergazte.iv.05.40	https://www.inguma.eus/produkzioa/ikusi/ar-pef-polimeroaren-birziklapen-zirkularra
10.26876/ikergazte.iv.05.41	https://www.inguma.eus/produkzioa/ikusi/ar-grafeno-oxidoak-bakarrik-eta-adsorbatutako-bentzoapirenoarekin-itsas-muskuiluetan-eragindako-kalteak
