Zotero,qid
LI4D8NLH,Q2209
FNNJNHML,Q2212
5UFKMFRL,Q2409
HQL8LWWN,Q2213
YDWD8AP5,Q2214
SY63UBPQ,Q2215
GH8NAFZ5,Q2216
UIRMFKEY,Q2217
WCFR7GBW,Q2407
VE3M9U25,Q2218
7TKRT6JH,Q2408
322PFPDZ,Q2219
67IBQD8F,Q2220
CLUVWLAA,Q2221
S2NGP89S,Q2222
4EIT44SE,Q2302
VNTRSVF6,Q2224
8J6ET9DX,Q2225
3YYDFN26,Q2405
PBXKW765,Q2406
CTW343CZ,Q2404
AW7LXXGM,Q2226
QXSRB6G6,Q2227
LGPY5ZD8,Q2228
NGM3B27V,Q1662
VHY7ZGX5,Q2231
V9TIUW6Q,Q2229
T6DM99EY,Q2230
EL9BLX2J,Q2232
KD853UTW,Q2233
YPYCDV2J,Q2235
K5PK4I7P,Q2236
A7N3YKQ6,Q2237
DIM3TUMT,Q2238
GT9NWFFU,Q2234
JDF4HMT6,Q2399
BVWK5YZW,Q2402
J5QQ3FAT,Q2337
SQJ4ZH5W,Q2403
MXHXV4KG,Q2241
KJCJ8V6J,Q2400
23KTZM42,Q2401
9NG76AUB,Q2093
ZC5CYDU7,Q2239
DBWKXYVQ,Q2240
DE8KKTBR,Q2242
TKNXKRDD,Q2397
E5WQKHPH,Q2095
MA55ZTAZ,Q2398
8VHCKS6X,Q2204
QAAVC4BR,Q2070
5L9D5Y9B,Q1625
CLN66EE6,Q2185
7A83LUSR,Q2189
ZISVK6PM,Q2190
3G767HP9,Q2385
ZCEVSDC5,Q2192
D92IFFIM,Q2187
KW3D9MTW,Q2183
W6JIMWYJ,Q2184
TBDZRM66,Q2182
NW799BBS,Q2176
IJFLNF9A,Q2177
5YBPCDK3,Q2178
7TSU5ULQ,Q2179
CRKVQ5FA,Q2384
Z39LLHM6,Q2180
GFRWLVQT,Q2181
4VRULFFG,Q2202
NIX2YZN4,Q2380
PA5USMSH,Q2198
XWEAKMGA,Q2383
DM8AJCFU,Q2200
IBUET5U9,Q2201
ZAWBMPE2,Q2382
MADLQR82,Q2199
2F7IZUW2,Q2377
SQRR7EZM,Q2375
PMRCJILS,Q2193
J8IELLCZ,Q2376
PMY2KWR6,Q2197
4R97FNGY,Q2378
M7QR23VK,Q2379
WRIGIHXV,Q2195
6DSSERH7,Q2371
KLFBKZJR,Q2370
T6MNXBZY,Q2372
8UE7WK7Q,Q2373
4NJL5QDC,Q2104
DASRZVIH,Q2103
YHTZYA7I,Q2102
JN8QQTSY,Q2101
6PQGDEZZ,Q2100
Y28XIMS5,Q2099
F97WJJD4,Q2098
5MCCWVSE,Q2097
MLQ9KFDD,Q2096
76VWMFAB,Q2094
JBMX775P,Q2092
TMCBUFG5,Q2091
YXG5WUFG,Q2043
ZFZNCJPS,Q2042
PMHEJ86Q,Q2041
6WG6URGS,Q2040
KXS7AFNW,Q2164
KL5VF64H,Q2173
BJE6WKWE,Q2172
MCYQXXH7,Q2171
U5P7ZAQX,Q2169
TEJKZWZS,Q2168
SJEFEFIK,Q2167
ARCDDJI6,Q2166
EGXCMHY4,Q2165
9M295GKG,Q2163
UTNXLQRD,Q2162
JBDVYLP7,Q2161
4AEV2TJD,Q2160
ERZZHDH8,Q2159
KJY7Y6WZ,Q2158
VH523WWM,Q2155
3EHGSC4D,Q2307
44UU9APQ,Q2360
QD5T6GWH,Q2359
MJLZK5W5,Q2356
UA7LTAYS,Q2358
6TD5QXMQ,Q2357
5RK4AI5X,Q2366
FLUSZHQC,Q2349
B2Q2RVKB,Q2347
72LP5792,Q2365
VLNX3NGT,Q2354
SGXUUYC4,Q2363
HMUUIC8P,Q2364
L85JTI9W,Q2351
SJAEMKDV,Q2368
FWWMBF4M,Q2355
8UD3UBZR,Q2350
IWEKT6RT,Q2353
4HKMHENQ,Q2345
B2QKYAMR,Q2361
AAZBWDLJ,Q2362
VSA2XKKW,Q2157
95V7NJZX,Q2441
