item,pdf_loc
https://wikibase.inguma.eus/entity/Q30978,http://www.ehu.eus/ojs/index.php/ASJU/article/view/8501/7673
https://wikibase.inguma.eus/entity/Q30979,http://www.ehu.eus/ojs/index.php/ASJU/article/view/8499/7671
https://wikibase.inguma.eus/entity/Q30980,http://www.ehu.eus/ojs/index.php/ASJU/article/view/8495/7667
https://wikibase.inguma.eus/entity/Q30981,http://www.ehu.eus/ojs/index.php/ASJU/article/view/8487/7659
https://wikibase.inguma.eus/entity/Q30982,http://www.ehu.eus/ojs/index.php/ASJU/article/view/8483/7655
https://wikibase.inguma.eus/entity/Q30983,http://www.ehu.eus/ojs/index.php/ASJU/article/view/8651/7819
https://wikibase.inguma.eus/entity/Q30984,http://www.ehu.eus/ojs/index.php/ASJU/article/view/8647/7813
https://wikibase.inguma.eus/entity/Q30985,http://www.ehu.eus/ojs/index.php/ASJU/article/view/8641/7809
https://wikibase.inguma.eus/entity/Q30986,http://www.ehu.eus/ojs/index.php/ASJU/article/view/8637/7805
https://wikibase.inguma.eus/entity/Q30988,http://www.ehu.eus/ojs/index.php/ASJU/article/view/8629/7797
https://wikibase.inguma.eus/entity/Q30989,http://www.ehu.eus/ojs/index.php/ASJU/article/view/8671/7839
https://wikibase.inguma.eus/entity/Q30990,http://www.ehu.eus/ojs/index.php/ASJU/article/view/8667/7835
https://wikibase.inguma.eus/entity/Q30991,http://www.ehu.eus/ojs/index.php/ASJU/article/view/8663/7831
https://wikibase.inguma.eus/entity/Q30992,http://www.ehu.eus/ojs/index.php/ASJU/article/view/8659/7827
https://wikibase.inguma.eus/entity/Q30993,http://www.ehu.eus/ojs/index.php/ASJU/article/view/8655/7823
https://wikibase.inguma.eus/entity/Q30994,http://www.ehu.eus/ojs/index.php/ASJU/article/view/8701/7869
https://wikibase.inguma.eus/entity/Q30995,http://www.ehu.eus/ojs/index.php/ASJU/article/view/8699/7867
https://wikibase.inguma.eus/entity/Q30996,http://www.ehu.eus/ojs/index.php/ASJU/article/view/8697/7865
https://wikibase.inguma.eus/entity/Q30997,http://www.ehu.eus/ojs/index.php/ASJU/article/view/8695/7863
https://wikibase.inguma.eus/entity/Q30998,http://www.ehu.eus/ojs/index.php/ASJU/article/view/8693/7861
https://wikibase.inguma.eus/entity/Q30999,http://www.ehu.eus/ojs/index.php/ASJU/article/view/8691/7859
https://wikibase.inguma.eus/entity/Q31000,http://www.ehu.eus/ojs/index.php/ASJU/article/view/8689/7857
https://wikibase.inguma.eus/entity/Q31001,http://www.ehu.eus/ojs/index.php/ASJU/article/view/8687/7855
https://wikibase.inguma.eus/entity/Q31002,http://www.ehu.eus/ojs/index.php/ASJU/article/view/8685/7853
https://wikibase.inguma.eus/entity/Q31003,http://www.ehu.eus/ojs/index.php/ASJU/article/view/8681/7849
https://wikibase.inguma.eus/entity/Q31004,http://www.ehu.eus/ojs/index.php/ASJU/article/view/8677/7845
https://wikibase.inguma.eus/entity/Q31005,http://www.ehu.eus/ojs/index.php/ASJU/article/view/8713/7881
https://wikibase.inguma.eus/entity/Q31006,http://www.ehu.eus/ojs/index.php/ASJU/article/view/8711/7883
https://wikibase.inguma.eus/entity/Q31007,http://www.ehu.eus/ojs/index.php/ASJU/article/view/8709/7877
https://wikibase.inguma.eus/entity/Q31008,http://www.ehu.eus/ojs/index.php/ASJU/article/view/8721/7891
https://wikibase.inguma.eus/entity/Q31009,http://www.ehu.eus/ojs/index.php/ASJU/article/view/8717/7887
https://wikibase.inguma.eus/entity/Q31010,http://www.ehu.eus/ojs/index.php/ASJU/article/view/8715/7885
https://wikibase.inguma.eus/entity/Q35046,https://ojs.ehu.eus/index.php/ASJU/article/view/23359/20966
https://wikibase.inguma.eus/entity/Q35047,https://ojs.ehu.eus/index.php/ASJU/article/view/23369/20968
https://wikibase.inguma.eus/entity/Q35048,https://ojs.ehu.eus/index.php/ASJU/article/view/23151/20887
https://wikibase.inguma.eus/entity/Q35049,https://ojs.ehu.eus/index.php/ASJU/article/view/23401/20972
https://wikibase.inguma.eus/entity/Q35166,https://ojs.ehu.eus/index.php/ASJU/article/download/23057/20470
https://wikibase.inguma.eus/entity/Q35167,https://ojs.ehu.eus/index.php/ASJU/article/download/23022/20450
https://wikibase.inguma.eus/entity/Q35168,https://ojs.ehu.eus/index.php/ASJU/article/download/23261/20616
https://wikibase.inguma.eus/entity/Q35169,https://ojs.ehu.eus/index.php/ASJU/article/view/23299/20660
https://wikibase.inguma.eus/entity/Q35170,https://ojs.ehu.eus/index.php/ASJU/article/download/23411/20803
https://wikibase.inguma.eus/entity/Q35171,https://ojs.ehu.eus/index.php/ASJU/article/download/23317/20679
https://wikibase.inguma.eus/entity/Q35231,http://www.ehu.es/ojs/index.php/ASJU/article/download/1758/1390
https://wikibase.inguma.eus/entity/Q35232,http://www.ehu.es/ojs/index.php/ASJU/article/download/1752/1384
https://wikibase.inguma.eus/entity/Q35233,http://www.ehu.es/ojs/index.php/ASJU/article/download/2317/1909
https://wikibase.inguma.eus/entity/Q23037,http://www.ehu.es/ojs/index.php/ASJU/article/download/1758/1390
https://wikibase.inguma.eus/entity/Q23038,http://www.ehu.es/ojs/index.php/ASJU/article/download/1752/1384
https://wikibase.inguma.eus/entity/Q23072,http://www.ehu.es/ojs/index.php/ASJU/article/download/2317/1909
https://wikibase.inguma.eus/entity/Q36702,https://ojs.ehu.eus/index.php/ASJU/article/download/25181/22519
https://wikibase.inguma.eus/entity/Q36703,https://ojs.ehu.eus/index.php/ASJU/article/download/24658/21878
https://wikibase.inguma.eus/entity/Q36704,https://ojs.ehu.eus/index.php/ASJU/article/view/24116/21858
https://wikibase.inguma.eus/entity/Q36705,https://ojs.ehu.eus/index.php/ASJU/article/download/24099/21909
https://wikibase.inguma.eus/entity/Q36706,https://ojs.ehu.eus/index.php/ASJU/article/download/24107/21798
https://wikibase.inguma.eus/entity/Q36707,https://ojs.ehu.eus/index.php/ASJU/article/download/24118/22129
https://wikibase.inguma.eus/entity/Q36708,https://ojs.ehu.eus/index.php/ASJU/article/download/24095/21879
https://wikibase.inguma.eus/entity/Q36758,https://ojs.ehu.eus/index.php/ASJU/article/view/22866/20468
https://wikibase.inguma.eus/entity/Q36759,https://ojs.ehu.eus/index.php/ASJU/article/view/22864/20467
https://wikibase.inguma.eus/entity/Q36760,https://ojs.ehu.eus/index.php/ASJU/article/view/22865/20466
https://wikibase.inguma.eus/entity/Q36761,https://ojs.ehu.eus/index.php/ASJU/article/view/22863/20465
https://wikibase.inguma.eus/entity/Q36762,https://ojs.ehu.eus/index.php/ASJU/article/view/22862/20464
https://wikibase.inguma.eus/entity/Q36763,https://ojs.ehu.eus/index.php/ASJU/article/view/22859/20459
https://wikibase.inguma.eus/entity/Q30848,http://www.ehu.eus/ojs/index.php/ASJU/article/view/7735/6945
https://wikibase.inguma.eus/entity/Q30849,http://www.ehu.eus/ojs/index.php/ASJU/article/view/7729/6939
https://wikibase.inguma.eus/entity/Q30850,http://www.ehu.eus/ojs/index.php/ASJU/article/view/7727/6937
https://wikibase.inguma.eus/entity/Q30851,http://www.ehu.eus/ojs/index.php/ASJU/article/view/7725/6935
https://wikibase.inguma.eus/entity/Q30852,http://www.ehu.eus/ojs/index.php/ASJU/article/view/7721/6931
https://wikibase.inguma.eus/entity/Q30853,http://www.ehu.eus/ojs/index.php/ASJU/article/view/7719/6929
https://wikibase.inguma.eus/entity/Q30854,http://www.ehu.eus/ojs/index.php/ASJU/article/view/7815/7009
https://wikibase.inguma.eus/entity/Q30855,http://www.ehu.eus/ojs/index.php/ASJU/article/view/7811/7005
https://wikibase.inguma.eus/entity/Q30856,http://www.ehu.eus/ojs/index.php/ASJU/article/view/7807/7001
https://wikibase.inguma.eus/entity/Q30857,http://www.ehu.eus/ojs/index.php/ASJU/article/view/7803/6997
https://wikibase.inguma.eus/entity/Q30858,http://www.ehu.eus/ojs/index.php/ASJU/article/view/7799/6993
https://wikibase.inguma.eus/entity/Q30859,http://www.ehu.eus/ojs/index.php/ASJU/article/view/7795/6989
https://wikibase.inguma.eus/entity/Q30882,http://www.ehu.eus/ojs/index.php/ASJU/article/view/7839/7035
https://wikibase.inguma.eus/entity/Q30883,http://www.ehu.eus/ojs/index.php/ASJU/article/view/7835/7029
https://wikibase.inguma.eus/entity/Q30884,http://www.ehu.eus/ojs/index.php/ASJU/article/view/7833/7027
https://wikibase.inguma.eus/entity/Q30885,http://www.ehu.eus/ojs/index.php/ASJU/article/view/7831/7025
https://wikibase.inguma.eus/entity/Q30886,http://www.ehu.eus/ojs/index.php/ASJU/article/view/7827/7021
https://wikibase.inguma.eus/entity/Q30887,http://www.ehu.eus/ojs/index.php/ASJU/article/view/7823/7017
https://wikibase.inguma.eus/entity/Q30888,http://www.ehu.eus/ojs/index.php/ASJU/article/view/7861/7065
https://wikibase.inguma.eus/entity/Q30889,http://www.ehu.eus/ojs/index.php/ASJU/article/view/7857/7061
https://wikibase.inguma.eus/entity/Q30890,http://www.ehu.eus/ojs/index.php/ASJU/article/view/7853/7057
https://wikibase.inguma.eus/entity/Q30891,http://www.ehu.eus/ojs/index.php/ASJU/article/view/7849/7053
https://wikibase.inguma.eus/entity/Q30892,http://www.ehu.eus/ojs/index.php/ASJU/article/view/7845/7049
https://wikibase.inguma.eus/entity/Q30893,http://www.ehu.eus/ojs/index.php/ASJU/article/view/7943/7101
https://wikibase.inguma.eus/entity/Q30894,http://www.ehu.eus/ojs/index.php/ASJU/article/view/7939/7097
https://wikibase.inguma.eus/entity/Q30895,http://www.ehu.eus/ojs/index.php/ASJU/article/view/7937/7095
https://wikibase.inguma.eus/entity/Q30896,http://www.ehu.eus/ojs/index.php/ASJU/article/view/7935/7093
https://wikibase.inguma.eus/entity/Q30897,http://www.ehu.eus/ojs/index.php/ASJU/article/view/7931/7089
https://wikibase.inguma.eus/entity/Q30898,http://www.ehu.eus/ojs/index.php/ASJU/article/view/7967/7125
https://wikibase.inguma.eus/entity/Q30899,http://www.ehu.eus/ojs/index.php/ASJU/article/view/7963/7121
https://wikibase.inguma.eus/entity/Q30900,http://www.ehu.eus/ojs/index.php/ASJU/article/view/7961/7119
https://wikibase.inguma.eus/entity/Q30901,http://www.ehu.eus/ojs/index.php/ASJU/article/view/7959/7117
https://wikibase.inguma.eus/entity/Q30902,http://www.ehu.eus/ojs/index.php/ASJU/article/view/7957/7115
https://wikibase.inguma.eus/entity/Q30903,http://www.ehu.eus/ojs/index.php/ASJU/article/view/7999/7157
https://wikibase.inguma.eus/entity/Q30904,http://www.ehu.eus/ojs/index.php/ASJU/article/view/7995/7153
https://wikibase.inguma.eus/entity/Q30905,http://www.ehu.eus/ojs/index.php/ASJU/article/view/7985/7143
https://wikibase.inguma.eus/entity/Q30906,http://www.ehu.eus/ojs/index.php/ASJU/article/view/8037/7193
https://wikibase.inguma.eus/entity/Q30907,http://www.ehu.eus/ojs/index.php/ASJU/article/view/8033/7189
https://wikibase.inguma.eus/entity/Q30908,http://www.ehu.eus/ojs/index.php/ASJU/article/view/8031/7187
https://wikibase.inguma.eus/entity/Q30909,http://www.ehu.eus/ojs/index.php/ASJU/article/view/8027/7183
https://wikibase.inguma.eus/entity/Q30910,http://www.ehu.eus/ojs/index.php/ASJU/article/view/8067/7223
https://wikibase.inguma.eus/entity/Q30911,http://www.ehu.eus/ojs/index.php/ASJU/article/view/8067/7223
https://wikibase.inguma.eus/entity/Q30912,http://www.ehu.eus/ojs/index.php/ASJU/article/view/8063/7219
https://wikibase.inguma.eus/entity/Q30913,http://www.ehu.eus/ojs/index.php/ASJU/article/view/8057/7213
https://wikibase.inguma.eus/entity/Q30914,http://www.ehu.eus/ojs/index.php/ASJU/article/view/8053/7209
https://wikibase.inguma.eus/entity/Q30915,http://www.ehu.eus/ojs/index.php/ASJU/article/view/8047/7817
https://wikibase.inguma.eus/entity/Q30916,http://www.ehu.eus/ojs/index.php/ASJU/article/view/8107/7259
https://wikibase.inguma.eus/entity/Q30917,http://www.ehu.eus/ojs/index.php/ASJU/article/view/8091/7243
https://wikibase.inguma.eus/entity/Q30918,http://www.ehu.eus/ojs/index.php/ASJU/article/view/8083/7239
https://wikibase.inguma.eus/entity/Q30919,http://www.ehu.eus/ojs/index.php/ASJU/article/view/8079/7235
https://wikibase.inguma.eus/entity/Q30920,http://www.ehu.eus/ojs/index.php/ASJU/article/view/8133/7285
https://wikibase.inguma.eus/entity/Q30921,http://www.ehu.eus/ojs/index.php/ASJU/article/view/8129/7281
https://wikibase.inguma.eus/entity/Q30922,http://www.ehu.eus/ojs/index.php/ASJU/article/view/8125/7277
https://wikibase.inguma.eus/entity/Q30923,http://www.ehu.eus/ojs/index.php/ASJU/article/view/8123/7275
https://wikibase.inguma.eus/entity/Q30924,http://www.ehu.eus/ojs/index.php/ASJU/article/view/8119/7271
https://wikibase.inguma.eus/entity/Q30925,http://www.ehu.eus/ojs/index.php/ASJU/article/view/8163/7309
https://wikibase.inguma.eus/entity/Q30926,http://www.ehu.eus/ojs/index.php/ASJU/article/view/8157/7303
https://wikibase.inguma.eus/entity/Q30927,http://www.ehu.eus/ojs/index.php/ASJU/article/view/8209/7371
https://wikibase.inguma.eus/entity/Q30928,http://www.ehu.eus/ojs/index.php/ASJU/article/view/8239/7401
https://wikibase.inguma.eus/entity/Q30929,http://www.ehu.eus/ojs/index.php/ASJU/article/view/8237/7399
https://wikibase.inguma.eus/entity/Q30930,http://www.ehu.eus/ojs/index.php/ASJU/article/view/8219/7381
https://wikibase.inguma.eus/entity/Q30931,http://www.ehu.eus/ojs/index.php/ASJU/article/view/8265/7427
https://wikibase.inguma.eus/entity/Q30932,http://www.ehu.eus/ojs/index.php/ASJU/article/view/8263/7425
https://wikibase.inguma.eus/entity/Q30933,http://www.ehu.eus/ojs/index.php/ASJU/article/view/8261/7423
https://wikibase.inguma.eus/entity/Q30934,http://www.ehu.eus/ojs/index.php/ASJU/article/view/8259/7421
https://wikibase.inguma.eus/entity/Q30935,http://www.ehu.eus/ojs/index.php/ASJU/article/view/8253/7415
https://wikibase.inguma.eus/entity/Q30936,http://www.ehu.eus/ojs/index.php/ASJU/article/view/8249/7411
https://wikibase.inguma.eus/entity/Q30937,http://www.ehu.eus/ojs/index.php/ASJU/article/view/8285/7447
https://wikibase.inguma.eus/entity/Q30938,http://www.ehu.eus/ojs/index.php/ASJU/article/view/8305/7467
https://wikibase.inguma.eus/entity/Q30939,http://www.ehu.eus/ojs/index.php/ASJU/article/view/8299/7461
https://wikibase.inguma.eus/entity/Q30940,http://www.ehu.eus/ojs/index.php/ASJU/article/view/8333/7495
https://wikibase.inguma.eus/entity/Q30941,http://www.ehu.eus/ojs/index.php/ASJU/article/view/8331/7493
https://wikibase.inguma.eus/entity/Q30942,http://www.ehu.eus/ojs/index.php/ASJU/article/view/8329/7491
https://wikibase.inguma.eus/entity/Q30943,http://www.ehu.eus/ojs/index.php/ASJU/article/view/8321/7483
https://wikibase.inguma.eus/entity/Q30944,http://www.ehu.eus/ojs/index.php/ASJU/article/view/8349/7511
https://wikibase.inguma.eus/entity/Q30945,http://www.ehu.eus/ojs/index.php/ASJU/article/view/8365/7527
https://wikibase.inguma.eus/entity/Q30946,http://www.ehu.eus/ojs/index.php/ASJU/article/view/8361/7523
https://wikibase.inguma.eus/entity/Q30947,http://www.ehu.eus/ojs/index.php/ASJU/article/view/8357/7519
https://wikibase.inguma.eus/entity/Q30948,http://www.ehu.eus/ojs/index.php/ASJU/article/view/8353/7515
https://wikibase.inguma.eus/entity/Q30949,http://www.ehu.eus/ojs/index.php/ASJU/article/view/8389/7551
https://wikibase.inguma.eus/entity/Q30950,http://www.ehu.eus/ojs/index.php/ASJU/article/view/8385/7547
https://wikibase.inguma.eus/entity/Q30951,http://www.ehu.eus/ojs/index.php/ASJU/article/view/8383/7545
https://wikibase.inguma.eus/entity/Q30952,http://www.ehu.eus/ojs/index.php/ASJU/article/view/8381/7543
https://wikibase.inguma.eus/entity/Q30953,http://www.ehu.eus/ojs/index.php/ASJU/article/view/8413/7583
https://wikibase.inguma.eus/entity/Q30954,http://www.ehu.eus/ojs/index.php/ASJU/article/view/8407/7577
https://wikibase.inguma.eus/entity/Q30955,http://www.ehu.eus/ojs/index.php/ASJU/article/view/8401/7571
https://wikibase.inguma.eus/entity/Q30956,http://www.ehu.eus/ojs/index.php/ASJU/article/view/8423/7625
https://wikibase.inguma.eus/entity/Q30957,http://www.ehu.eus/ojs/index.php/ASJU/article/view/8419/7589
https://wikibase.inguma.eus/entity/Q30958,http://www.ehu.eus/ojs/index.php/ASJU/article/view/8445/7615
https://wikibase.inguma.eus/entity/Q30959,http://www.ehu.eus/ojs/index.php/ASJU/article/view/8443/7613
https://wikibase.inguma.eus/entity/Q30960,http://www.ehu.eus/ojs/index.php/ASJU/article/view/8439/7609
https://wikibase.inguma.eus/entity/Q30961,http://www.ehu.eus/ojs/index.php/ASJU/article/view/8437/7607
https://wikibase.inguma.eus/entity/Q30962,http://www.ehu.eus/ojs/index.php/ASJU/article/view/8433/7603
https://wikibase.inguma.eus/entity/Q30963,http://www.ehu.eus/ojs/index.php/ASJU/article/view/8429/7599
https://wikibase.inguma.eus/entity/Q30972,http://www.ehu.eus/ojs/index.php/ASJU/article/view/8477/7649
https://wikibase.inguma.eus/entity/Q30973,http://www.ehu.eus/ojs/index.php/ASJU/article/view/8473/7645
https://wikibase.inguma.eus/entity/Q30974,http://www.ehu.eus/ojs/index.php/ASJU/article/view/8469/7641
https://wikibase.inguma.eus/entity/Q30975,http://www.ehu.eus/ojs/index.php/ASJU/article/view/8465/7637
https://wikibase.inguma.eus/entity/Q30976,http://www.ehu.eus/ojs/index.php/ASJU/article/view/8455/7629
https://wikibase.inguma.eus/entity/Q30977,http://www.ehu.eus/ojs/index.php/ASJU/article/view/8505/7677
https://wikibase.inguma.eus/entity/Q23057,http://www.ehu.es/ojs/index.php/ASJU/article/download/1704/1338
https://wikibase.inguma.eus/entity/Q23058,http://www.ehu.es/ojs/index.php/ASJU/article/download/1702/1336
https://wikibase.inguma.eus/entity/Q23059,http://www.ehu.es/ojs/index.php/ASJU/article/download/1698/1332
https://wikibase.inguma.eus/entity/Q23060,http://www.ehu.es/ojs/index.php/ASJU/article/download/1696/1330
https://wikibase.inguma.eus/entity/Q23061,http://www.ehu.es/ojs/index.php/ASJU/article/download/1694/1328
https://wikibase.inguma.eus/entity/Q23062,http://www.ehu.es/ojs/index.php/ASJU/article/download/1690/1324
https://wikibase.inguma.eus/entity/Q23063,http://www.ehu.es/ojs/index.php/ASJU/article/download/1686/1320
https://wikibase.inguma.eus/entity/Q23064,http://www.ehu.es/ojs/index.php/ASJU/article/download/1684/1318
https://wikibase.inguma.eus/entity/Q23065,http://www.ehu.es/ojs/index.php/ASJU/article/download/1682/1316
https://wikibase.inguma.eus/entity/Q23066,http://www.ehu.es/ojs/index.php/ASJU/article/download/1678/1312
https://wikibase.inguma.eus/entity/Q23067,http://www.ehu.es/ojs/index.php/ASJU/article/download/1680/1314
https://wikibase.inguma.eus/entity/Q23068,http://www.ehu.es/ojs/index.php/ASJU/article/download/1676/1576
https://wikibase.inguma.eus/entity/Q23069,http://www.ehu.es/ojs/index.php/ASJU/article/download/1808/1568
https://wikibase.inguma.eus/entity/Q23070,http://www.ehu.es/ojs/index.php/ASJU/article/download/1672/1306
https://wikibase.inguma.eus/entity/Q23071,http://www.ehu.es/ojs/index.php/ASJU/article/download/1666/1302
https://wikibase.inguma.eus/entity/Q23073,http://www.ehu.es/ojs/index.php/ASJU/article/download/2311/1905
https://wikibase.inguma.eus/entity/Q23074,http://www.ehu.es/ojs/index.php/ASJU/article/download/2307/1901
https://wikibase.inguma.eus/entity/Q23075,http://www.ehu.es/ojs/index.php/ASJU/article/download/2303/1897
https://wikibase.inguma.eus/entity/Q23077,http://www.ehu.eus/ojs/index.php/ASJU/article/view/4323/4413
https://wikibase.inguma.eus/entity/Q23078,http://www.ehu.eus/ojs/index.php/ASJU/article/view/4319/4409
https://wikibase.inguma.eus/entity/Q23079,http://www.ehu.eus/ojs/index.php/ASJU/article/view/4315/4405
https://wikibase.inguma.eus/entity/Q23080,http://www.ehu.eus/ojs/index.php/ASJU/article/view/4311/4401
https://wikibase.inguma.eus/entity/Q23095,http://www.ehu.eus/ojs/index.php/ASJU/article/view/4450/4395
https://wikibase.inguma.eus/entity/Q23096,http://www.ehu.eus/ojs/index.php/ASJU/article/view/4440/4385
https://wikibase.inguma.eus/entity/Q23097,http://www.ehu.eus/ojs/index.php/ASJU/article/view/4438/4383
https://wikibase.inguma.eus/entity/Q23098,http://www.ehu.eus/ojs/index.php/ASJU/article/view/4424/4369
https://wikibase.inguma.eus/entity/Q23099,http://www.ehu.eus/ojs/index.php/ASJU/article/view/4420/4365
https://wikibase.inguma.eus/entity/Q23100,http://www.ehu.eus/ojs/index.php/ASJU/article/view/4414/4359
https://wikibase.inguma.eus/entity/Q23101,http://www.ehu.eus/ojs/index.php/ASJU/article/view/4406/4351
https://wikibase.inguma.eus/entity/Q23102,http://www.ehu.eus/ojs/index.php/ASJU/article/view/4396/4341
https://wikibase.inguma.eus/entity/Q23103,http://www.ehu.eus/ojs/index.php/ASJU/article/view/4394/4339
https://wikibase.inguma.eus/entity/Q23104,http://www.ehu.eus/ojs/index.php/ASJU/article/view/4382/4327
https://wikibase.inguma.eus/entity/Q23105,http://www.ehu.eus/ojs/index.php/ASJU/article/view/4380/4325
https://wikibase.inguma.eus/entity/Q23106,http://www.ehu.eus/ojs/index.php/ASJU/article/view/4378/4323
https://wikibase.inguma.eus/entity/Q23107,http://www.ehu.eus/ojs/index.php/ASJU/article/view/4372/4317
https://wikibase.inguma.eus/entity/Q23108,http://www.ehu.eus/ojs/index.php/ASJU/article/view/4368/4313
https://wikibase.inguma.eus/entity/Q23109,http://www.ehu.eus/ojs/index.php/ASJU/article/view/9009/9145
https://wikibase.inguma.eus/entity/Q23110,http://www.ehu.eus/ojs/index.php/ASJU/article/view/10245/9443
https://wikibase.inguma.eus/entity/Q23111,http://www.ehu.eus/ojs/index.php/ASJU/article/view/8881/8193
https://wikibase.inguma.eus/entity/Q23112,http://www.ehu.eus/ojs/index.php/ASJU/article/view/8875/8187
https://wikibase.inguma.eus/entity/Q23115,http://www.ehu.eus/ojs/index.php/ASJU/article/view/8865/8021
https://wikibase.inguma.eus/entity/Q23116,http://www.ehu.eus/ojs/index.php/ASJU/article/view/8861/8017
https://wikibase.inguma.eus/entity/Q23117,http://www.ehu.eus/ojs/index.php/ASJU/article/view/8857/8013
https://wikibase.inguma.eus/entity/Q23118,http://www.ehu.eus/ojs/index.php/ASJU/article/view/8853/8009
https://wikibase.inguma.eus/entity/Q23119,http://www.ehu.eus/ojs/index.php/ASJU/article/view/8849/8005
https://wikibase.inguma.eus/entity/Q23120,http://www.ehu.eus/ojs/index.php/ASJU/article/view/8845/8001
https://wikibase.inguma.eus/entity/Q23121,http://www.ehu.eus/ojs/index.php/ASJU/article/view/8841/7995
https://wikibase.inguma.eus/entity/Q23122,http://www.ehu.eus/ojs/index.php/ASJU/article/view/8835/7989
https://wikibase.inguma.eus/entity/Q23123,http://www.ehu.eus/ojs/index.php/ASJU/article/view/8833/7987
https://wikibase.inguma.eus/entity/Q23124,http://www.ehu.eus/ojs/index.php/ASJU/article/view/8829/7983
https://wikibase.inguma.eus/entity/Q23125,http://www.ehu.eus/ojs/index.php/ASJU/article/view/8823/7977
https://wikibase.inguma.eus/entity/Q23126,http://www.ehu.eus/ojs/index.php/ASJU/article/view/8819/7973
https://wikibase.inguma.eus/entity/Q23127,http://www.ehu.eus/ojs/index.php/ASJU/article/view/8815/7969
https://wikibase.inguma.eus/entity/Q28277,http://www.ehu.eus/ojs/index.php/ASJU/article/view/8801/7955
https://wikibase.inguma.eus/entity/Q28278,http://www.ehu.eus/ojs/index.php/ASJU/article/view/8809/7963
https://wikibase.inguma.eus/entity/Q28279,http://www.ehu.eus/ojs/index.php/ASJU/article/view/8769/7935
https://wikibase.inguma.eus/entity/Q28281,http://www.ehu.eus/ojs/index.php/ASJU/article/view/8771/7937
https://wikibase.inguma.eus/entity/Q28282,http://www.ehu.eus/ojs/index.php/ASJU/article/view/8773/7939
https://wikibase.inguma.eus/entity/Q28283,http://www.ehu.eus/ojs/index.php/ASJU/article/view/8765/7929
https://wikibase.inguma.eus/entity/Q28284,http://www.ehu.eus/ojs/index.php/ASJU/article/view/8769/7935
https://wikibase.inguma.eus/entity/Q28285,http://www.ehu.eus/ojs/index.php/ASJU/article/view/8757/7921
https://wikibase.inguma.eus/entity/Q28286,http://www.ehu.eus/ojs/index.php/ASJU/article/view/8761/7925
https://wikibase.inguma.eus/entity/Q28287,http://www.ehu.eus/ojs/index.php/ASJU/article/view/8749/7915
https://wikibase.inguma.eus/entity/Q28288,http://www.ehu.eus/ojs/index.php/ASJU/article/view/8755/7919
https://wikibase.inguma.eus/entity/Q28289,http://www.ehu.eus/ojs/index.php/ASJU/article/view/8743/7909
https://wikibase.inguma.eus/entity/Q28290,http://www.ehu.eus/ojs/index.php/ASJU/article/view/8747/7913
https://wikibase.inguma.eus/entity/Q28292,http://www.ehu.eus/ojs/index.php/ASJU/article/view/8739/7905
https://wikibase.inguma.eus/entity/Q30202,http://www.ehu.eus/ojs/index.php/ASJU/article/view/8293/7455
https://wikibase.inguma.eus/entity/Q30203,http://www.ehu.eus/ojs/index.php/ASJU/article/view/8289/7451
https://wikibase.inguma.eus/entity/Q30821,http://www.ehu.eus/ojs/index.php/ASJU/article/view/7574/6760
https://wikibase.inguma.eus/entity/Q30822,http://www.ehu.eus/ojs/index.php/ASJU/article/view/7568/6754
https://wikibase.inguma.eus/entity/Q30823,http://www.ehu.eus/ojs/index.php/ASJU/article/view/7600/6786
https://wikibase.inguma.eus/entity/Q30824,http://www.ehu.eus/ojs/index.php/ASJU/article/view/7590/6776
https://wikibase.inguma.eus/entity/Q30825,http://www.ehu.eus/ojs/index.php/ASJU/article/view/7586/6772
https://wikibase.inguma.eus/entity/Q30826,http://www.ehu.eus/ojs/index.php/ASJU/article/view/7616/6802
https://wikibase.inguma.eus/entity/Q30827,http://www.ehu.eus/ojs/index.php/ASJU/article/view/7612/6798
https://wikibase.inguma.eus/entity/Q30828,http://www.ehu.eus/ojs/index.php/ASJU/article/view/7663/6867
https://wikibase.inguma.eus/entity/Q30829,http://www.ehu.eus/ojs/index.php/ASJU/article/view/7657/6855
https://wikibase.inguma.eus/entity/Q30830,http://www.ehu.eus/ojs/index.php/ASJU/article/view/7653/6851
https://wikibase.inguma.eus/entity/Q30831,http://www.ehu.eus/ojs/index.php/ASJU/article/view/7649/6835
https://wikibase.inguma.eus/entity/Q30832,http://www.ehu.eus/ojs/index.php/ASJU/article/view/7645/6833
https://wikibase.inguma.eus/entity/Q30833,http://www.ehu.eus/ojs/index.php/ASJU/article/view/7641/6829
https://wikibase.inguma.eus/entity/Q30834,http://www.ehu.eus/ojs/index.php/ASJU/article/view/7701/6907
https://wikibase.inguma.eus/entity/Q30835,http://www.ehu.eus/ojs/index.php/ASJU/article/view/7699/6905
https://wikibase.inguma.eus/entity/Q30836,http://www.ehu.eus/ojs/index.php/ASJU/article/view/7685/6893
https://wikibase.inguma.eus/entity/Q30837,http://www.ehu.eus/ojs/index.php/ASJU/article/view/7683/6891
https://wikibase.inguma.eus/entity/Q30838,http://www.ehu.eus/ojs/index.php/ASJU/article/view/7679/6887
https://wikibase.inguma.eus/entity/Q30839,http://www.ehu.eus/ojs/index.php/ASJU/article/view/7675/6879
https://wikibase.inguma.eus/entity/Q30840,http://www.ehu.eus/ojs/index.php/ASJU/article/view/7671/6875
https://wikibase.inguma.eus/entity/Q30841,http://www.ehu.eus/ojs/index.php/ASJU/article/view/7785/6977
https://wikibase.inguma.eus/entity/Q30842,http://www.ehu.eus/ojs/index.php/ASJU/article/view/7781/6973
https://wikibase.inguma.eus/entity/Q30843,http://www.ehu.eus/ojs/index.php/ASJU/article/view/7779/6971
https://wikibase.inguma.eus/entity/Q30844,http://www.ehu.eus/ojs/index.php/ASJU/article/view/7777/6969
https://wikibase.inguma.eus/entity/Q30845,http://www.ehu.eus/ojs/index.php/ASJU/article/view/7775/6967
https://wikibase.inguma.eus/entity/Q30846,http://www.ehu.eus/ojs/index.php/ASJU/article/view/7769/6961
https://wikibase.inguma.eus/entity/Q30847,http://www.ehu.eus/ojs/index.php/ASJU/article/view/7737/6947
https://wikibase.inguma.eus/entity/Q13790,https://ojs.ehu.eus/index.php/ASJU/article/download/22858/20458
https://wikibase.inguma.eus/entity/Q13791,https://ojs.ehu.eus/index.php/ASJU/article/download/22857/20457
https://wikibase.inguma.eus/entity/Q13792,https://ojs.ehu.eus/index.php/ASJU/article/view/22856/20456
https://wikibase.inguma.eus/entity/Q13919,https://ojs.ehu.eus/index.php/ASJU/article/view/22418/20381
https://wikibase.inguma.eus/entity/Q13920,https://ojs.ehu.eus/index.php/ASJU/article/view/22417/20380
https://wikibase.inguma.eus/entity/Q13921,https://ojs.ehu.eus/index.php/ASJU/article/view/22416/20379
https://wikibase.inguma.eus/entity/Q13922,https://ojs.ehu.eus/index.php/ASJU/article/view/22415/20378
https://wikibase.inguma.eus/entity/Q13923,https://ojs.ehu.eus/index.php/ASJU/article/view/22414/20375
https://wikibase.inguma.eus/entity/Q13924,https://ojs.ehu.eus/index.php/ASJU/article/view/22412/20373
https://wikibase.inguma.eus/entity/Q13925,https://ojs.ehu.eus/index.php/ASJU/article/view/22411/20376
https://wikibase.inguma.eus/entity/Q15506,http://www.ehu.eus/ojs/index.php/ASJU/article/download/20236/18360
https://wikibase.inguma.eus/entity/Q15507,http://www.ehu.eus/ojs/index.php/ASJU/article/download/20235/18359
https://wikibase.inguma.eus/entity/Q15508,http://www.ehu.eus/ojs/index.php/ASJU/article/download/20234/18358
https://wikibase.inguma.eus/entity/Q15509,http://www.ehu.eus/ojs/index.php/ASJU/article/download/20229/18355
https://wikibase.inguma.eus/entity/Q15510,http://www.ehu.eus/ojs/index.php/ASJU/article/download/20230/18354
https://wikibase.inguma.eus/entity/Q15511,http://www.ehu.eus/ojs/index.php/ASJU/article/download/20228/18353
https://wikibase.inguma.eus/entity/Q15512,http://www.ehu.eus/ojs/index.php/ASJU/article/download/20227/18352
https://wikibase.inguma.eus/entity/Q15513,http://www.ehu.eus/ojs/index.php/ASJU/article/download/20224/18350
https://wikibase.inguma.eus/entity/Q15514,http://www.ehu.eus/ojs/index.php/ASJU/article/download/20220/18346
https://wikibase.inguma.eus/entity/Q15515,http://www.ehu.eus/ojs/index.php/ASJU/article/download/20219/18345
https://wikibase.inguma.eus/entity/Q15516,http://www.ehu.eus/ojs/index.php/ASJU/article/download/20218/18344
https://wikibase.inguma.eus/entity/Q15517,http://www.ehu.eus/ojs/index.php/ASJU/article/download/20217/18343
https://wikibase.inguma.eus/entity/Q15518,http://www.ehu.eus/ojs/index.php/ASJU/article/download/20214/18340
https://wikibase.inguma.eus/entity/Q15519,http://www.ehu.eus/ojs/index.php/ASJU/article/download/20213/18339
https://wikibase.inguma.eus/entity/Q15520,http://www.ehu.eus/ojs/index.php/ASJU/article/download/20212/18338
https://wikibase.inguma.eus/entity/Q15521,http://www.ehu.eus/ojs/index.php/ASJU/article/download/20211/18337
https://wikibase.inguma.eus/entity/Q15522,http://www.ehu.eus/ojs/index.php/ASJU/article/download/20210/18335
https://wikibase.inguma.eus/entity/Q15523,http://www.ehu.eus/ojs/index.php/ASJU/article/download/20207/18332
https://wikibase.inguma.eus/entity/Q15524,http://www.ehu.eus/ojs/index.php/ASJU/article/download/20204/18329
https://wikibase.inguma.eus/entity/Q15525,http://www.ehu.eus/ojs/index.php/ASJU/article/download/20202/18327
https://wikibase.inguma.eus/entity/Q15526,http://www.ehu.eus/ojs/index.php/ASJU/article/download/20200/18325
https://wikibase.inguma.eus/entity/Q15527,http://www.ehu.eus/ojs/index.php/ASJU/article/download/20198/18324
https://wikibase.inguma.eus/entity/Q15528,http://www.ehu.eus/ojs/index.php/ASJU/article/download/20196/18322
https://wikibase.inguma.eus/entity/Q15529,http://www.ehu.eus/ojs/index.php/ASJU/article/download/20194/18318
https://wikibase.inguma.eus/entity/Q15530,http://www.ehu.eus/ojs/index.php/ASJU/article/download/20193/18317
https://wikibase.inguma.eus/entity/Q15531,http://www.ehu.eus/ojs/index.php/ASJU/article/download/20192/18315
https://wikibase.inguma.eus/entity/Q15532,http://www.ehu.eus/ojs/index.php/ASJU/article/download/20191/18314
https://wikibase.inguma.eus/entity/Q15533,http://www.ehu.eus/ojs/index.php/ASJU/article/download/20470/18287
https://wikibase.inguma.eus/entity/Q15863,http://www.ehu.eus/ojs/index.php/ASJU/article/download/18818/17767
https://wikibase.inguma.eus/entity/Q15864,http://www.ehu.eus/ojs/index.php/ASJU/article/download/18816/17765
https://wikibase.inguma.eus/entity/Q15865,http://www.ehu.eus/ojs/index.php/ASJU/article/download/18815/17764
https://wikibase.inguma.eus/entity/Q15866,http://www.ehu.eus/ojs/index.php/ASJU/article/download/18814/17763
https://wikibase.inguma.eus/entity/Q15867,http://www.ehu.eus/ojs/index.php/ASJU/article/download/18813/17762
https://wikibase.inguma.eus/entity/Q15888,http://www.ehu.eus/ojs/index.php/ASJU/article/view/18687/17586
https://wikibase.inguma.eus/entity/Q15889,http://www.ehu.eus/ojs/index.php/ASJU/article/download/18686/17585
https://wikibase.inguma.eus/entity/Q15890,http://www.ehu.eus/ojs/index.php/ASJU/article/download/18685/17584
https://wikibase.inguma.eus/entity/Q15891,http://www.ehu.eus/ojs/index.php/ASJU/article/download/18683/17582
https://wikibase.inguma.eus/entity/Q15892,http://www.ehu.eus/ojs/index.php/ASJU/article/download/18681/17580
https://wikibase.inguma.eus/entity/Q15893,http://www.ehu.eus/ojs/index.php/ASJU/article/download/18678/17578
https://wikibase.inguma.eus/entity/Q17271,http://www.ehu.eus/ojs/index.php/ASJU/article/view/7195/6441
https://wikibase.inguma.eus/entity/Q17272,http://www.ehu.eus/ojs/index.php/ASJU/article/view/7439/6641
https://wikibase.inguma.eus/entity/Q17797,http://www.ehu.eus/ojs/index.php/ASJU/article/download/13456/12050
https://wikibase.inguma.eus/entity/Q17798,http://www.ehu.eus/ojs/index.php/ASJU/article/download/13452/12046
https://wikibase.inguma.eus/entity/Q17799,http://www.ehu.eus/ojs/index.php/ASJU/article/download/13448/12042
https://wikibase.inguma.eus/entity/Q17800,http://www.ehu.eus/ojs/index.php/ASJU/article/download/13444/12038
https://wikibase.inguma.eus/entity/Q17801,http://www.ehu.eus/ojs/index.php/ASJU/article/download/13442/12036
https://wikibase.inguma.eus/entity/Q17802,http://www.ehu.eus/ojs/index.php/ASJU/article/download/13440/12034
https://wikibase.inguma.eus/entity/Q19637,http://www.ehu.es/ojs/index.php/ASJU/article/view/9747/8987
https://wikibase.inguma.eus/entity/Q19638,http://www.ehu.es/ojs/index.php/ASJU/article/view/9745
https://wikibase.inguma.eus/entity/Q19639,http://www.ehu.es/ojs/index.php/ASJU/article/view/9743/8983
https://wikibase.inguma.eus/entity/Q19640,http://www.ehu.es/ojs/index.php/ASJU/article/view/9741/8981
https://wikibase.inguma.eus/entity/Q19641,http://www.ehu.es/ojs/index.php/ASJU/article/view/9739/8979
https://wikibase.inguma.eus/entity/Q19642,http://www.ehu.es/ojs/index.php/ASJU/article/view/9735/8975
https://wikibase.inguma.eus/entity/Q19643,http://www.ehu.es/ojs/index.php/ASJU/article/view/9729/8969
https://wikibase.inguma.eus/entity/Q19644,http://www.ehu.es/ojs/index.php/ASJU/article/view/9725/8965
https://wikibase.inguma.eus/entity/Q19645,http://www.ehu.es/ojs/index.php/ASJU/article/view/7329/6519
https://wikibase.inguma.eus/entity/Q19646,http://www.ehu.es/ojs/index.php/ASJU/article/view/7337/6525
https://wikibase.inguma.eus/entity/Q19647,http://www.ehu.es/ojs/index.php/ASJU/article/view/7327/6517
https://wikibase.inguma.eus/entity/Q19648,http://www.ehu.es/ojs/index.php/ASJU/article/view/7319/6511
https://wikibase.inguma.eus/entity/Q19649,http://www.ehu.es/ojs/index.php/ASJU/article/view/7333/6521
https://wikibase.inguma.eus/entity/Q19650,http://www.ehu.es/ojs/index.php/ASJU/article/view/7323/6515
https://wikibase.inguma.eus/entity/Q23027,http://www.ehu.es/ojs/index.php/ASJU/article/download/1786/1416
https://wikibase.inguma.eus/entity/Q23028,http://www.ehu.es/ojs/index.php/ASJU/article/download/1782/1412
https://wikibase.inguma.eus/entity/Q23029,http://www.ehu.es/ojs/index.php/ASJU/article/download/1780/1410
https://wikibase.inguma.eus/entity/Q23030,http://www.ehu.es/ojs/index.php/ASJU/article/download/1776/1406
https://wikibase.inguma.eus/entity/Q23031,http://www.ehu.es/ojs/index.php/ASJU/article/download/1774/1404
https://wikibase.inguma.eus/entity/Q23032,http://www.ehu.es/ojs/index.php/ASJU/article/download/1772/1402
https://wikibase.inguma.eus/entity/Q23033,http://www.ehu.es/ojs/index.php/ASJU/article/download/1770/1400
https://wikibase.inguma.eus/entity/Q23034,http://www.ehu.es/ojs/index.php/ASJU/article/download/1766/1398
https://wikibase.inguma.eus/entity/Q23035,http://www.ehu.es/ojs/index.php/ASJU/article/download/1762/1394
https://wikibase.inguma.eus/entity/Q23036,http://www.ehu.es/ojs/index.php/ASJU/article/download/1760/1392
https://wikibase.inguma.eus/entity/Q23039,http://www.ehu.es/ojs/index.php/ASJU/article/download/1750/1382
https://wikibase.inguma.eus/entity/Q23040,http://www.ehu.es/ojs/index.php/ASJU/article/download/1748/1378
https://wikibase.inguma.eus/entity/Q23041,http://www.ehu.es/ojs/index.php/ASJU/article/download/1746/1376
https://wikibase.inguma.eus/entity/Q23042,http://www.ehu.es/ojs/index.php/ASJU/article/download/1742/1372
https://wikibase.inguma.eus/entity/Q23043,http://www.ehu.es/ojs/index.php/ASJU/article/download/1740/1370
https://wikibase.inguma.eus/entity/Q23044,http://www.ehu.es/ojs/index.php/ASJU/article/download/1738/1368
https://wikibase.inguma.eus/entity/Q23045,http://www.ehu.es/ojs/index.php/ASJU/article/download/1736/1366
https://wikibase.inguma.eus/entity/Q23046,http://www.ehu.es/ojs/index.php/ASJU/article/download/1734/1364
https://wikibase.inguma.eus/entity/Q23047,http://www.ehu.eus/ojs/index.php/ASJU/article/view/1732/1362
https://wikibase.inguma.eus/entity/Q23048,http://www.ehu.es/ojs/index.php/ASJU/article/download/1730/1360
https://wikibase.inguma.eus/entity/Q23049,http://www.ehu.es/ojs/index.php/ASJU/article/download/1728/1358
https://wikibase.inguma.eus/entity/Q23050,http://www.ehu.es/ojs/index.php/ASJU/article/download/1724/1354
https://wikibase.inguma.eus/entity/Q23051,http://www.ehu.es/ojs/index.php/ASJU/article/download/1720/1352
https://wikibase.inguma.eus/entity/Q23052,http://www.ehu.es/ojs/index.php/ASJU/article/download/1718/1350
https://wikibase.inguma.eus/entity/Q23053,http://www.ehu.es/ojs/index.php/ASJU/article/download/1712/1346
https://wikibase.inguma.eus/entity/Q23054,http://www.ehu.es/ojs/index.php/ASJU/article/download/1710/1344
https://wikibase.inguma.eus/entity/Q23055,http://www.ehu.es/ojs/index.php/ASJU/article/download/1708/1342
https://wikibase.inguma.eus/entity/Q23056,http://www.ehu.es/ojs/index.php/ASJU/article/download/1706/1340
