oocc_item,oocc_st,oocc_id,lehen_argi,oocc_text,jatorrizko_argitalpena,jat_date,jat_tit
https://wikibase.inguma.eus/entity/Q44720,https://wikibase.inguma.eus/entity/statement/Q44720-8F2AB7F2-318D-4855-8AFA-58D8C41ADB3D,1,1940,"«Bertso berriak, donostiarren garaipena dala-ta jarriak», Espetxean 1940-IX-18, i-ii [= MEIG I, 37-44]. → XIV 47-49",https://wikibase.inguma.eus/entity/Q44927,1988-01-01T00:00:00Z,"Bertso berriak, donostiarren garaipena dala,ta jarriak"
https://wikibase.inguma.eus/entity/Q44395,https://wikibase.inguma.eus/entity/statement/Q44395-437BA359-AE0E-4294-82D5-E234E413B064,4,1949,"G. Baehr, Baskisch und Iberisch, Emerita 17 (1949), 346-351 [= SHLV I, 91-94]. → IV 161-166",https://wikibase.inguma.eus/entity/Q44785,1988-01-01T00:00:00Z,"G. Baehr, Baskisch und Iberisch"
https://wikibase.inguma.eus/entity/Q44191,https://wikibase.inguma.eus/entity/statement/Q44191-72BDEB06-6927-4751-B3E5-0115513705D5,6,1949,"N. Lahovary, Les peuples européens, Emerita 17 (1949), 288-289 [= SHLV I, 97-98]. → I 243-244",https://wikibase.inguma.eus/entity/Q44784,1988-01-01T00:00:00Z,"N. Lahovary, Les peuples européens"
https://wikibase.inguma.eus/entity/Q44097,https://wikibase.inguma.eus/entity/statement/Q44097-21A95A8C-1C90-49F8-B9FA-50FD539B0567,7,1949,"W. Scott, Where East meets West, Emerita 17 (1949), 351-352 [= SHLV I, 95-96]. → IV 201-203",https://wikibase.inguma.eus/entity/Q44790,1988-01-01T00:00:00Z,"W. Scott, Where East meets West"
https://wikibase.inguma.eus/entity/Q44578,https://wikibase.inguma.eus/entity/statement/Q44578-78839C24-391B-4313-ACD1-9F05354130B5,23,1952,"A. Tovar, Estudios sobre las primitivas lenguas hispánicas, Emerita 20 (1952), 545-552 [= SHLV I, 85-90]. → III 37-45",https://wikibase.inguma.eus/entity/Q44779,1988-01-01T00:00:00Z,"A. Tovar, Estudios sobre las primitivas lenguas hispánicas"
https://wikibase.inguma.eus/entity/Q44439,https://wikibase.inguma.eus/entity/statement/Q44439-666119C8-2D8C-43C7-B7F8-5A2847A7C703,36,1953,"J. Gorostiaga, Vocabulario del refranero vizcaíno de 1596, BAP 9 (1953), 484-486 [= SHLV I, 409-410]. → XI 127-129",https://wikibase.inguma.eus/entity/Q44776,1988-01-01T00:00:00Z,"J. Gorostiaga, Vocabulario del refranero vizcaíno de 1596"
https://wikibase.inguma.eus/entity/Q44258,https://wikibase.inguma.eus/entity/statement/Q44258-C4155FA6-B623-4F79-A44B-5C0C7F36B1E1,53,1954,"[con A. Arrue y A. Irigaray], «Asmo berri», Egan 1954 [2-4], 1-2 [= MEIG VIII, 91-92]. → XIV 81-82",https://wikibase.inguma.eus/entity/Q44915,1988-01-01T00:00:00Z,Asmo berri
https://wikibase.inguma.eus/entity/Q44220,https://wikibase.inguma.eus/entity/statement/Q44220-5139B2E5-C2D7-4EC1-A801-63E8281A38ED,57,1954,"[B. Ametzaga] J. R. Jiménez, Platero ta biok, Egan 1954 [2-4], 41-42 [= MEIG II, 42]. → XIII 307",https://wikibase.inguma.eus/entity/Q44920,1988-01-01T00:00:00Z,"[B. Ametzaga] J. R. Jiménez, Platero ta biok"
https://wikibase.inguma.eus/entity/Q44255,https://wikibase.inguma.eus/entity/statement/Q44255-9493F87D-0B18-4F86-867E-2F9B40C5D9B5,64,1955,"""Apellidos vascos"", San Sebastián 1955, 2.ª ed. [v. 24, 724].",https://wikibase.inguma.eus/entity/Q40037,1953-01-01T00:00:00Z,Apellidos vascos
https://wikibase.inguma.eus/entity/Q44255,https://wikibase.inguma.eus/entity/statement/Q44255-9493F87D-0B18-4F86-867E-2F9B40C5D9B5,64,1955,"""Apellidos vascos"", San Sebastián 1955, 2.ª ed. [v. 24, 724].",https://wikibase.inguma.eus/entity/Q44723,1973-01-01T00:00:00Z,Apellidos vascos
https://wikibase.inguma.eus/entity/Q44144,https://wikibase.inguma.eus/entity/statement/Q44144-242E81EA-E3F3-441B-A072-1E33B440D773,65,1955,"«Algunos nombres vascos de animales», Homenaje a don Joaquín Mendizábal Gortázar, Conde de Peñaflorida, 1886-1954, San Sebastián 1955, 313-320 [= SHLV II, 509-515]. → VIII 381-390",https://wikibase.inguma.eus/entity/Q44820,1988-01-01T00:00:00Z,Algunos nombres vascos de animales
https://wikibase.inguma.eus/entity/Q44061,https://wikibase.inguma.eus/entity/statement/Q44061-B1341830-6AF0-49F2-841B-2F5D228C384E,80,1955,"J. Arteche, Vida de Jesús, Egan 1955 [5-6], 71-72 [= MEIG II, 58-59]. → XIII 337-338",https://wikibase.inguma.eus/entity/Q45004,1988-01-01T00:00:00Z,"J. Arteche, Vida de Jesús"
https://wikibase.inguma.eus/entity/Q44059,https://wikibase.inguma.eus/entity/statement/Q44059-7847C517-7DDA-4AA4-9034-F964793269DA,82,1955,"J. Baxurko, Jesus. Jesukristoren bizitza bersotan jarria; J. Zapirain, Nere bizitzako bertso batzuek, Egan 1955 [1-2], 56-57 [= MEIG II, 48]. → XIII 360",https://wikibase.inguma.eus/entity/Q45005,1988-01-01T00:00:00Z,"J. Baxurko, Jesus. Jesukristoren bizitza bersotan jarria; J. Zapirain"
https://wikibase.inguma.eus/entity/Q44058,https://wikibase.inguma.eus/entity/statement/Q44058-D4C9C456-30DB-46C5-88BA-205729E9A3EE,83,1955,"C. J. Cela, La Catira. Historias de Venezuela, Egan 1955 [3-4],64-66 [= MIH, 361-363; MEIG II, 51-53]. → XIII 367-369",https://wikibase.inguma.eus/entity/Q45008,1988-01-01T00:00:00Z,"C. J. Cela, La Catira. Historias de Venezuela"
https://wikibase.inguma.eus/entity/Q44056,https://wikibase.inguma.eus/entity/statement/Q44056-F7B51691-D999-42AA-95B0-FFD87521A4E4,85,1955,"A. Emiliano, Andre Mari gaztediaren eskuetan, Egan 1955 [1-2], 55-56 [= MEIG II, 47]. → XIII 375",https://wikibase.inguma.eus/entity/Q45014,1988-01-01T00:00:00Z,"A. Emiliano, Andre Mari gaztediaren eskuetan"
https://wikibase.inguma.eus/entity/Q44055,https://wikibase.inguma.eus/entity/statement/Q44055-8B85116D-820D-4B43-9475-9C349C2129CB,86,1955,"Y. Etxaide, Joanak-joan, Egan 1955 [5-6], 69-71 [= MEIG II, 55-58; EN, 231-234; GA, 197-199]. → XIII 389-391",https://wikibase.inguma.eus/entity/Q45015,1988-01-01T00:00:00Z,"Y. Etxaide, Joanak,joan"
https://wikibase.inguma.eus/entity/Q44048,https://wikibase.inguma.eus/entity/statement/Q44048-C1D68585-E205-48CF-BCEA-763210A63F46,92,1955,"J. A. Loidi, Amabost egun Urgainen, Egan 1955 [5-6], 72-74 [= MIH, 358-360; MEIG II, 59-61; EN, 235-236; GA, 201-202]. → XIII 464-465",https://wikibase.inguma.eus/entity/Q45010,1988-01-01T00:00:00Z,"J. A. Loidi, Amabost egun Urgainen"
https://wikibase.inguma.eus/entity/Q44701,https://wikibase.inguma.eus/entity/statement/Q44701-52F05FE0-A249-4571-923A-7D851E3752A6,116,1956,"D. Agirre, Garoa, Egan 1956 [5-6], 145-147 [= MIH, 170-173; MEIG II, 78-81; EN, 247-250; GA, 213-215]. → XIII 295-298",https://wikibase.inguma.eus/entity/Q44981,1988-01-01T00:00:00Z,"D. Agirre, Garoa"
https://wikibase.inguma.eus/entity/Q44700,https://wikibase.inguma.eus/entity/statement/Q44700-0176C2CD-0C3A-45E4-939B-B34C7F233179,117,1956,"[S. Barandiaran] Homero, Iliasena (Iliada euzkeraz), Egan 1956 [3-4], 102-105 [= MEIG II, 67-71; EN, 241-243; GA, 207-210]. → XIII 346-349",https://wikibase.inguma.eus/entity/Q44888,1988-01-01T00:00:00Z,"[S. Barandiaran] Homero, Iliasena (Iliada euzkeraz)"
https://wikibase.inguma.eus/entity/Q44692,https://wikibase.inguma.eus/entity/statement/Q44692-E99662B7-0636-4AE7-AD68-21152ECB037C,124,1956,"X. Lizardi, Biotz-begietan, Egan 1956 [2], 84-86 [= MIH, 174-177; MEIG II, 63-66; EN, 237-240; GA, 203-205]. → XIII 456-458",https://wikibase.inguma.eus/entity/Q44883,1988-01-01T00:00:00Z,"X. Lizardi, Biotz,begietan"
https://wikibase.inguma.eus/entity/Q44689,https://wikibase.inguma.eus/entity/statement/Q44689-8270D01F-0B1C-41DF-A2D7-D8A0B3E524B0,127,1956,"J. A. Mogel, Peru Abarka, Egan 1956 [3-4], 105-107 [= MIH, 167-169; MEIG II, 71-73; EN, 245-246; GA, 211-212]. → XI 551-552",https://wikibase.inguma.eus/entity/Q44884,1988-01-01T00:00:00Z,"J. A. Mogel, Peru Abarka"
https://wikibase.inguma.eus/entity/Q44687,https://wikibase.inguma.eus/entity/statement/Q44687-704153A1-7678-4460-A6BE-F3BED6E55DFA,129,1956,"N. Ormaetxea ‘Orixe’, Agustiñ Gurenaren Aitorkizunak, Egan 1956 [5-6], 142-144 [= MIH, 354-357; MEIG II, 75-78]. → XIII 496-499",https://wikibase.inguma.eus/entity/Q44885,1988-01-01T00:00:00Z,"N. Ormaetxea ‘Orixe’, Agustiñ Gurenaren Aitorkizunak"
https://wikibase.inguma.eus/entity/Q44669,https://wikibase.inguma.eus/entity/statement/Q44669-C8D02025-8630-4609-A75D-D683A6E8DC83,145,1957,"G. Altube, El día cuatro de agosto de 1947 moría Manolete en la plaza de Vitoria, Egan 1957 [3-4], 231-232 [= MEIG II, 92-93]. → XIII 301-302",https://wikibase.inguma.eus/entity/Q44890,1988-01-01T00:00:00Z,"G. Altube, El día cuatro de agosto de 1947 moría Manolete en la plaza de Vitoria"
https://wikibase.inguma.eus/entity/Q44668,https://wikibase.inguma.eus/entity/statement/Q44668-C29DCE7C-B0C9-4509-971C-AC35D80027E7,146,1957,"J. L. Álvarez Enparantza ‘Txillardegi’, Leturiaren egunkari ezkutua, Egan 1957 [3-4], 225-226 [= MEIG II, 89-90]. → XIII 537-538",https://wikibase.inguma.eus/entity/Q44891,1988-01-01T00:00:00Z,"J. L. Álvarez Enparantza ‘Txillardegi’, Leturiaren egunkari ezkutua"
https://wikibase.inguma.eus/entity/Q44667,https://wikibase.inguma.eus/entity/statement/Q44667-8D15B272-9B4A-40F0-9167-C2A96F292A15,147,1957,"F. Arrese Beitia, Olerkiak, Egan 1957 [1-2], 117-118 [= BAP 13, 1957, 263; MEIG II, 86-88]. → XIII 333-334",https://wikibase.inguma.eus/entity/Q44896,1988-01-01T00:00:00Z,"F. Arrese Beitia, Olerkiak"
https://wikibase.inguma.eus/entity/Q44666,https://wikibase.inguma.eus/entity/statement/Q44666-8FF95525-2C1C-4372-8EF2-BE44FAA65EF9,148,1957,"[S. Berasaluze] K. B. Araluze, Pipo, konejutxu arroa; Nini, konejutxu argia, Egan 1957 [5-6], 364 [= MEIG II, 97]. → XIII 361",https://wikibase.inguma.eus/entity/Q44892,1988-01-01T00:00:00Z,"[S. Berasaluze] K. B. Araluze, Pipo"
https://wikibase.inguma.eus/entity/Q44661,https://wikibase.inguma.eus/entity/statement/Q44661-1A351057-29B9-48EB-9518-202CD4592933,152,1957,"Eliz-kanta xortatxoa, Egan 1957 [3-4], 238 [= MEIG II, 95]. → XIII 374",https://wikibase.inguma.eus/entity/Q44893,1988-01-01T00:00:00Z,"Eliz,kanta xortatxoa, Egan 1957 [3,4]"
https://wikibase.inguma.eus/entity/Q44659,https://wikibase.inguma.eus/entity/statement/Q44659-24D3A97F-26E1-4B52-B2A4-FF015BF9C27D,154,1957,"Y. Etxaide, J. San Martin, Pernando plaentxiatarra, Egan 1957 [3-4], 226-227 [= MEIG II, 91-92]. → XIII 392-393",https://wikibase.inguma.eus/entity/Q44894,1988-01-01T00:00:00Z,"Y. Etxaide, J. San Martin"
https://wikibase.inguma.eus/entity/Q44656,https://wikibase.inguma.eus/entity/statement/Q44656-2DDBD520-4FA7-4A90-B081-4972123F7017,157,1957,"R. Herrero Tornadijo, Estudio elemental de la gramática vasca, Egan 1957 [5-6], 365 [= MEIG II, 98]. → X 637",https://wikibase.inguma.eus/entity/Q44895,1988-01-01T00:00:00Z,"R. Herrero Tornadijo, Estudio elemental de la gramática vasca"
https://wikibase.inguma.eus/entity/Q44655,https://wikibase.inguma.eus/entity/statement/Q44655-371FD9DD-D571-4F0E-95A0-1856D88EB857,158,1957,"[Itunbe] H. Wast, Bide izkutua, Egan 1957 [1-2], 116-117 [= MEIG II, 83-86]. → XIII 427-429",https://wikibase.inguma.eus/entity/Q44982,1988-01-01T00:00:00Z,"[Itunbe] H. Wast, Bide izkutua"
https://wikibase.inguma.eus/entity/Q44651,https://wikibase.inguma.eus/entity/statement/Q44651-5C176599-7187-4F07-AB1F-1B04430FB7CE,161,1957,"F. I. Lardizabal, Testamentu Berriko kondaira edo historia, Egan 1957 [3-4], 232-233 [= MEIG II, 93-95]. → XI 647-648",https://wikibase.inguma.eus/entity/Q44901,1988-01-01T00:00:00Z,"F. I. Lardizabal, Testamentu Berriko kondaira edo historia"
https://wikibase.inguma.eus/entity/Q44650,https://wikibase.inguma.eus/entity/statement/Q44650-E75F1D09-45C2-4616-9F2C-54F0B8D4045D,162,1957,"Yakin, Egan 1957 [3-4], 241 [= MEIG II, 96]. → XIII 432-433",https://wikibase.inguma.eus/entity/Q45083,1988-01-01T00:00:00Z,"Yakin, Egan 1957 [3,4]"
https://wikibase.inguma.eus/entity/Q44680,https://wikibase.inguma.eus/entity/statement/Q44680-D5B8CE9D-6E4D-4D32-B3A9-82F6D6C94742,172,1958,"«La declinación en la onomástica personal de los documentos medievales del País Vasco», Actas del I congreso español de estudios clásicos (Madrid, 15 al 19 de abril de 1956), Madrid 1958, 583-584.",https://wikibase.inguma.eus/entity/Q44822,1988-01-01T00:00:00Z,El genitivo en la onomástica medieval
https://wikibase.inguma.eus/entity/Q44063,https://wikibase.inguma.eus/entity/statement/Q44063-20268035-2EFB-4CC7-A752-251229A0D90B,183,1958,"[con A. Yrigaray], «Nombres vascos de persona», V congrès international de toponymie et d’anthroponymie, Salamanca 1958, 73-92.",https://wikibase.inguma.eus/entity/Q40064,1955-01-01T00:00:00Z,Nombres vascos de persona
https://wikibase.inguma.eus/entity/Q44063,https://wikibase.inguma.eus/entity/statement/Q44063-20268035-2EFB-4CC7-A752-251229A0D90B,183,1958,"[con A. Yrigaray], «Nombres vascos de persona», V congrès international de toponymie et d’anthroponymie, Salamanca 1958, 73-92.",https://wikibase.inguma.eus/entity/Q44835,1988-01-01T00:00:00Z,Nombres vascos de persona
https://wikibase.inguma.eus/entity/Q44628,https://wikibase.inguma.eus/entity/statement/Q44628-43345882-5CB9-4CA9-A44B-169F1B3C4CA1,184,1958,"A. Anabitarte, Poli mutil umezurtz baten ibillaldiak, Egan 1958 [3-6], 239-240 [= MEIG II, 105-106]. → XIII 308",https://wikibase.inguma.eus/entity/Q44902,1988-01-01T00:00:00Z,"A. Anabitarte, Poli mutil umezurtz baten ibillaldiak"
https://wikibase.inguma.eus/entity/Q44624,https://wikibase.inguma.eus/entity/statement/Q44624-34472D9E-0BE2-4D1E-A92E-8FA6930F9ABB,188,1958,"E. Erkiaga, Arranegi, Egan 1958 [1-2], 102-104 [= MEIG II, 99-101]. → XIII 376-378",https://wikibase.inguma.eus/entity/Q44986,1988-01-01T00:00:00Z,"E. Erkiaga, Arranegi"
https://wikibase.inguma.eus/entity/Q44621,https://wikibase.inguma.eus/entity/statement/Q44621-FD6F84FA-8EF0-40A5-A3AC-B711F0ADD931,190,1958,"[A. Ibiñagabeitia], Aprenda el vasco, Egan 1958 [3-6], 243-244 [= MEIG II, 109].; [A. Ibiñagabeitia], Aprenda el vasco, Egan 1958 [3-6], 243-244 [= MEIG II, 109]. → X 639",https://wikibase.inguma.eus/entity/Q44928,1988-01-01T00:00:00Z,"A. Ibiñagabeitia, Aprenda el vasco"
https://wikibase.inguma.eus/entity/Q44620,https://wikibase.inguma.eus/entity/statement/Q44620-50469702-4EB9-4282-8193-71DB21BAAFD3,191,1958,"Jautarkol, Xenpelar bertsolaria: bizitza ta bertsoak, Egan 1958 [3-6], 240-242 [= MEIG II, 106-108]. → XIII 435-437",https://wikibase.inguma.eus/entity/Q44898,1988-01-01T00:00:00Z,"Jautarkol, Xenpelar bertsolaria: bizitza ta bertsoak"
https://wikibase.inguma.eus/entity/Q44618,https://wikibase.inguma.eus/entity/statement/Q44618-FB63FFE8-F181-4527-81A7-30DA30CC25CA,193,1958,"[J. M. Mokoroa] A. Campión, Erraondoko azken danbolinteroa, Egan 1958 [1-2], 106 [= MEIG II, 103-104]. → XIII 475-476",https://wikibase.inguma.eus/entity/Q44899,1988-01-01T00:00:00Z,"[J. M. Mokoroa] A. Campión, Erraondoko azken danbolinteroa"
https://wikibase.inguma.eus/entity/Q44617,https://wikibase.inguma.eus/entity/statement/Q44617-8F42B004-232C-44E8-950F-C8C7D9A05862,194,1958,"C. Sagarzazu, Intza begietan, Egan 1958 [1-2], 105 [= MEIG II, 102-103]. → XIII 521-522",https://wikibase.inguma.eus/entity/Q44987,1988-01-01T00:00:00Z,"C. Sagarzazu, Intza begietan"
https://wikibase.inguma.eus/entity/Q44587,https://wikibase.inguma.eus/entity/statement/Q44587-D60B92DE-30DD-404A-AE81-769F58BA5D76,221,1959,"F. Bilbao, Ipuin barreka, Egan 1959 [5-6], 195 [= MEIG II, 131]. → XIII 364",https://wikibase.inguma.eus/entity/Q44904,1988-01-01T00:00:00Z,"F. Bilbao, Ipuin barreka"
https://wikibase.inguma.eus/entity/Q44585,https://wikibase.inguma.eus/entity/statement/Q44585-AA42DF06-770B-46D9-B34A-4C3E660049D1,223,1959,"[Y. Etxaide] P. Baroja, Itxasoa laño dago. Xanti Andia itxas-gizonaren bizitza ta kezkak, Egan 1959 [5-6], 192-193 [= MEIG II, 127-129; EN, 251-253; GA, 217-218].",https://wikibase.inguma.eus/entity/Q44925,1988-01-01T00:00:00Z,"[Y. Etxaide] P. Baroja, Itxasoa laño dago. Xanti Andia itxas,gizonaren bizitza ta kezkak"
https://wikibase.inguma.eus/entity/Q44584,https://wikibase.inguma.eus/entity/statement/Q44584-4939C03F-4D4B-4953-80FC-A158FF1BB3A8,224,1959,"[L. Etxeberria], Zinerako bidea, Egan 1959 [5-6], 196 [= MEIG II, 132]. → X 643",https://wikibase.inguma.eus/entity/Q44910,1988-01-01T00:00:00Z,"[L. Etxeberria], Zinerako bidea"
https://wikibase.inguma.eus/entity/Q44583,https://wikibase.inguma.eus/entity/statement/Q44583-7AC1177C-EA7C-4CF3-B383-A3D6374E3A20,225,1959,"Euskal-kantak, Egan 1959 [5-6], 196 [= MEIG II, 132]. → XIII 400",https://wikibase.inguma.eus/entity/Q44905,1988-01-01T00:00:00Z,"Euskal,kantak, Egan 1959 [5,6]"
https://wikibase.inguma.eus/entity/Q44582,https://wikibase.inguma.eus/entity/statement/Q44582-C1C7A055-8574-45ED-A390-5C612DB8E877,226,1959,"Euskal kantak. Cantos populares del País Vasco, Egan 1959 [5-6], 196-197 [= MEIG II, 133]. → XIII 401",https://wikibase.inguma.eus/entity/Q44906,1988-01-01T00:00:00Z,"Euskal kantak. Cantos populares del País Vasco, Egan 1959 [5,6]"
https://wikibase.inguma.eus/entity/Q44580,https://wikibase.inguma.eus/entity/statement/Q44580-48BA7B58-8160-4A79-98C3-69B3E1983552,228,1959,"Ikas 1 (1959), Egan 1959 [5-6], 197 [= MEIG II, 133]. → X 642",https://wikibase.inguma.eus/entity/Q44911,1988-01-01T00:00:00Z,"Ikas 1 (1959), Egan 1959 [5,6]"
https://wikibase.inguma.eus/entity/Q44579,https://wikibase.inguma.eus/entity/statement/Q44579-5B8F39B5-8B46-48FC-A231-77D60D3F7F22,229,1959,"Ipiña ta Ipiña’tarren barri, Egan 1959 [1-4], 100-101 [= MEIG II, 125]. → XIII 425",https://wikibase.inguma.eus/entity/Q44907,1988-01-01T00:00:00Z,"Ipiña ta Ipiña’tarren barri, Egan 1959 [1,4]"
https://wikibase.inguma.eus/entity/Q44577,https://wikibase.inguma.eus/entity/statement/Q44577-89ADAD06-33E5-4940-9E32-520BF3D2CF73,230,1959,"J. M. Iribarren, Adiciones al «Vocabulario navarro», BAP 15 (1959), 81-83 [= SHLV I, 416-418]. → VIII 5-8",https://wikibase.inguma.eus/entity/Q44802,1988-01-01T00:00:00Z,"J. M. Iribarren, Adiciones al «Vocabulario navarro»"
https://wikibase.inguma.eus/entity/Q44576,https://wikibase.inguma.eus/entity/statement/Q44576-9A3AFB2F-E4A5-4BAC-8800-E0B60D1F1752,231,1959,"J. Kerexeta, Orbelak, Egan 1959 [1-4], 99-100 [= MEIG II, 124-125]. → XIII 438-439",https://wikibase.inguma.eus/entity/Q44912,1988-01-01T00:00:00Z,"J. Kerexeta, Orbelak"
https://wikibase.inguma.eus/entity/Q44575,https://wikibase.inguma.eus/entity/statement/Q44575-58F4B5A1-3909-476A-8533-297962FA6C59,232,1959,"P. Lafitte, Autour de la Bible traduite en basque par le Père R. Olabide, Egan 1959 [1-4], 101 [= MEIG II, 126]. → XIII 493",https://wikibase.inguma.eus/entity/Q44990,1988-01-01T00:00:00Z,"P. Lafitte, Autour de la Bible traduite en basque par le Père R. Olabide"
https://wikibase.inguma.eus/entity/Q44574,https://wikibase.inguma.eus/entity/statement/Q44574-A5ABA633-626E-4D6C-BE8A-FB2EF90DCE60,233,1959,"[Langile Katoliko Gaztediaren egutegia], Egan 1959 [5-6], 197 [= MEIG II, 133]. → XIII 447",https://wikibase.inguma.eus/entity/Q44984,1988-01-01T00:00:00Z,"[Langile Katoliko Gaztediaren egutegia], Egan 1959 [5,6]"
https://wikibase.inguma.eus/entity/Q44573,https://wikibase.inguma.eus/entity/statement/Q44573-FF70EA02-E59F-4883-AAE1-E8A19E14FE52,234,1959,"G. López de Guereñu, Voces alavesas, BAP 15 (1959), 84-88 [= SHLV I, 419-422]. → VIII 9-14",https://wikibase.inguma.eus/entity/Q44801,1988-01-01T00:00:00Z,"G. López de Guereñu, Voces alavesas"
https://wikibase.inguma.eus/entity/Q44572,https://wikibase.inguma.eus/entity/statement/Q44572-C9997D59-94F1-4E6D-80DF-8A20C4A42358,235,1959,"I. M. Manzisidor, Santu bizitzak, egunean egunekoa, Egan 1959 [1-4], 97 [= MEIG II, 123]. → XIII 469-470",https://wikibase.inguma.eus/entity/Q44908,1988-01-01T00:00:00Z,"I. M. Manzisidor, Santu bizitzak"
https://wikibase.inguma.eus/entity/Q44570,https://wikibase.inguma.eus/entity/statement/Q44570-C6A9812B-082A-424F-9848-064171931A7C,237,1959,"I. Omaechevarría, Euskera. Un poco de gramática y algo de morfología del verbo vasco, Egan 1959 [5-6], 194-195 [= BAP 15, 1959, 451-453; MEIG II, 129-130]. → X 643-644",https://wikibase.inguma.eus/entity/Q45084,1988-01-01T00:00:00Z,"I. Omaechevarría, Euskera. Un poco de gramática y algo de morfología del verbo vasco"
https://wikibase.inguma.eus/entity/Q44643,https://wikibase.inguma.eus/entity/statement/Q44643-F0880E47-0B76-4D17-B525-84BAA7899879,251,1960,"«Sobre el vascuence en Beriain», Geografía histórica de la lengua vasca, Zarauz 1960, I, 141-142.",https://wikibase.inguma.eus/entity/Q40097,1958-01-01T00:00:00Z,El vascuence en Beriain
https://wikibase.inguma.eus/entity/Q44552,https://wikibase.inguma.eus/entity/statement/Q44552-41C7F760-0C65-4A86-B746-10CEC52F781E,256,1960,"J. L. Álvarez Enparantza ‘Txillardegi’, Peru Leartzako, Egan 1960 [1-2], 101-106 [= MIH, 333-340; MEIG II, 135-142; EN, 255-261; GA, 219-224]. → XIII 539-545",https://wikibase.inguma.eus/entity/Q44992,1988-01-01T00:00:00Z,"J. L. Álvarez Enparantza ‘Txillardegi’, Peru Leartzako"
https://wikibase.inguma.eus/entity/Q44546,https://wikibase.inguma.eus/entity/statement/Q44546-F43C0339-96BF-48CA-868F-3DE2CDCA2B40,261,1960,"Basarri [I. Eizmendi], Kantari nator, Egan 1960 [1-2], 112 [= MEIG II, 144]. → XIII 358",https://wikibase.inguma.eus/entity/Q44998,1988-01-01T00:00:00Z,"Basarri [I. Eizmendi], Kantari nator"
https://wikibase.inguma.eus/entity/Q44543,https://wikibase.inguma.eus/entity/statement/Q44543-D6F0A977-E218-4ABA-ACB8-554F80440E35,264,1960,"J. M. Estonba, Izartxo, Egan 1960 [3-6], 232-233 [= MEIG III, 45-46]. → XIII 383-384",https://wikibase.inguma.eus/entity/Q44999,1988-01-01T00:00:00Z,"J. M. Estonba, Izartxo"
https://wikibase.inguma.eus/entity/Q44542,https://wikibase.inguma.eus/entity/statement/Q44542-3CEC4AD4-3F88-4FBF-9FA1-78652837274B,265,1960,"J. Estornés Lasa, Cómo aprender el vasco fácilmente, Egan 1960 [3-6], 235-236 [= MEIG III, 48-49]. → X 645-646",https://wikibase.inguma.eus/entity/Q44993,1988-01-01T00:00:00Z,"J. Estornés Lasa, Cómo aprender el vasco fácilmente"
https://wikibase.inguma.eus/entity/Q44541,https://wikibase.inguma.eus/entity/statement/Q44541-1C245434-D1B1-4473-A3F2-E754528FC7B5,266,1960,"Euskal aldizkariak, Egan 1960 [3-6], 236-237 [= MEIG III, 50]. → XIII 399",https://wikibase.inguma.eus/entity/Q45093,1988-01-01T00:00:00Z,"Euskal aldizkariak, Egan 1960 [3,6]"
https://wikibase.inguma.eus/entity/Q44540,https://wikibase.inguma.eus/entity/statement/Q44540-CDDB277B-BFE2-47AE-BF23-1735239E0B8B,267,1960,"Euskal-kantak, Egan 1960 [1-2], 112-113 [= MEIG II, 144]. → XIII 402",https://wikibase.inguma.eus/entity/Q44994,1988-01-01T00:00:00Z,"Euskal,kantak, Egan 1960 [1,2]"
https://wikibase.inguma.eus/entity/Q44536,https://wikibase.inguma.eus/entity/statement/Q44536-766839AC-9A77-4324-B82E-99E37EEB2CB3,270,1960,"J. Intxausti, Euskal-aditza, Egan 1960 [3-6], 233-234 [= BAP 16, 1960, 494-498; MEIG III, 46-47]. → X 647",https://wikibase.inguma.eus/entity/Q44995,1988-01-01T00:00:00Z,"J. Intxausti, Euskal,aditza"
https://wikibase.inguma.eus/entity/Q44535,https://wikibase.inguma.eus/entity/statement/Q44535-3B21A4A0-1CBA-4659-ADC4-989975B1CE9C,271,1960,"J. Kerexeta, Bitargi, Egan 1960 [1-2], 110-111 [= MEIG II, 142-143]. → XIII 440",https://wikibase.inguma.eus/entity/Q44913,1988-01-01T00:00:00Z,"J. Kerexeta, Bitargi"
https://wikibase.inguma.eus/entity/Q44534,https://wikibase.inguma.eus/entity/statement/Q44534-D0D9C7D9-5C6F-4C92-9946-A0B8FBF337CC,272,1960,"J. Kerexeta, Jesu-Kristo Gure Jaunaren Barri Ona, Egan 1960 [3-6], 234-235 [= MEIG III, 47-48]. → XIII 441",https://wikibase.inguma.eus/entity/Q45068,1988-01-01T00:00:00Z,"J. Kerexeta, Jesu,Kristo Gure Jaunaren Barri Ona"
https://wikibase.inguma.eus/entity/Q44533,https://wikibase.inguma.eus/entity/statement/Q44533-DE6FD032-A420-42DA-B6A0-57BB36863D19,273,1960,"I. M. Manzisidor, Santu bizitzak, egunean egunekoa [II], Egan 1960 [1-2], 117-118 [= MEIG II, 146]. → XIII 471",https://wikibase.inguma.eus/entity/Q45100,1988-01-01T00:00:00Z,"I. M. Manzisidor, Santu bizitzak (2)"
https://wikibase.inguma.eus/entity/Q44532,https://wikibase.inguma.eus/entity/statement/Q44532-2D047839-F2A2-46C4-8559-3F42AEA64343,274,1960,"P. M. Otaño, Bertsoak, Egan 1960 [1-2], 118 [= MEIG II, 147]. → XIII 517",https://wikibase.inguma.eus/entity/Q45000,1988-01-01T00:00:00Z,"P. M. Otaño, Bertsoak"
https://wikibase.inguma.eus/entity/Q44531,https://wikibase.inguma.eus/entity/statement/Q44531-39F33A37-923A-4608-847B-1FEBB8D52896,275,1960,"[X. Peña], Euskal-irakasbide laburra. Lenengo maila, Egan 1960 [1-2], 111-112 [= MEIG II, 143]. → X 648",https://wikibase.inguma.eus/entity/Q44917,1988-01-01T00:00:00Z,"[X. Peña], Euskal,irakasbide laburra. Lenengo maila"
https://wikibase.inguma.eus/entity/Q44530,https://wikibase.inguma.eus/entity/statement/Q44530-9A239239-95AF-4FB9-A685-2706388DFFAD,276,1960,"J. San Martin, Juan Antonio Mogel eta Urkitza, Egan 1960 [1-2], 116 [= MEIG II, 145]. → XI 555",https://wikibase.inguma.eus/entity/Q44996,1988-01-01T00:00:00Z,"J. San Martin, Juan Antonio Mogel eta Urkitza"
https://wikibase.inguma.eus/entity/Q44528,https://wikibase.inguma.eus/entity/statement/Q44528-F472E0F6-A1DE-4D29-AAEE-7CB6DC01FEF9,278,1960,"[M. A. Urreta] J. L. Muñoyerro, Lartaun eguzki-semea, Egan 1960 [3-6], 231-232 [= MEIG III, 44-45]. → XIII 546-547",https://wikibase.inguma.eus/entity/Q44918,1988-01-01T00:00:00Z,"[M. A. Urreta] J. L. Muñoyerro, Lartaun eguzki,semea"
https://wikibase.inguma.eus/entity/Q44509,https://wikibase.inguma.eus/entity/statement/Q44509-E3BACAFD-28E7-4651-9FFE-4852908F6AAD,296,1961,"G. Anduaga, Aitonaren uzta… [Aita Villasantek osaturiko bilduma], Egan 1961 [4-6], 259-260 [= MEIG III, 71-72]. → XIII 311-312",https://wikibase.inguma.eus/entity/Q44933,1988-01-01T00:00:00Z,"G. Anduaga, Aitonaren uzta… [Aita Villasantek osaturiko bilduma]"
https://wikibase.inguma.eus/entity/Q44508,https://wikibase.inguma.eus/entity/statement/Q44508-9DD3EB86-DDCA-4881-ACB9-C60651D00582,297,1961,"F. Apalategi, Euskal mutillak armetan, Egan 1961 [1-3], 144-145 [= MEIG III, 54-56; EN, 263-264; GA, 225-226]. → XIII 314-315",https://wikibase.inguma.eus/entity/Q44937,1988-01-01T00:00:00Z,"F. Apalategi, Euskal mutillak armetan"
https://wikibase.inguma.eus/entity/Q44507,https://wikibase.inguma.eus/entity/statement/Q44507-6B395A22-7CD5-4254-95C8-97CC76D229DE,298,1961,"R. Artola, «Sagardoaren graziya» ta beste bertso asko, Egan 1961 [1-3], 142-143 [= MEIG III, 52-53]. → XIII 340-341",https://wikibase.inguma.eus/entity/Q44938,1988-01-01T00:00:00Z,"R. Artola, «Sagardoaren graziya» ta beste bertso asko"
https://wikibase.inguma.eus/entity/Q44506,https://wikibase.inguma.eus/entity/statement/Q44506-410C3161-6E13-4769-A776-245E7954640A,299,1961,"P. Artola, «Ustez laguna detan» ta beste bertso asko, Egan 1961 [4-6], 256-257 [= MEIG III, 68]. → XIII 339",https://wikibase.inguma.eus/entity/Q44848,1988-01-01T00:00:00Z,"P. Artola, «Ustez laguna detan» ta beste bertso asko"
https://wikibase.inguma.eus/entity/Q44503,https://wikibase.inguma.eus/entity/statement/Q44503-A01DBE5B-41AB-4601-8BE8-2CAEE03DF5D5,300,1961,"J. Azpeitia, Amandriaren altzoan, Egan 1961 [1-3], 150 [= MEIG III, 61]. → XIII 345",https://wikibase.inguma.eus/entity/Q44850,1988-01-01T00:00:00Z,"J. Azpeitia, Amandriaren altzoan"
https://wikibase.inguma.eus/entity/Q44502,https://wikibase.inguma.eus/entity/statement/Q44502-970A5AFB-8F23-4FFD-A633-DE0693031A39,301,1961,"A. Basilio [Iraola], Elurra ta sua. Santa Jemaren bizitza, Egan 1961 [1-3], 148 [= MEIG III, 59].; A. Basilio [Iraola], Elurra ta sua. Santa Jemaren bizitza, Egan 1961 [1-3], 148 [= MEIG III, 59]. → XIII 359",https://wikibase.inguma.eus/entity/Q44849,1988-01-01T00:00:00Z,"A. Basilio [Iraola], Elurra ta sua. Santa Jemaren bizitza"
https://wikibase.inguma.eus/entity/Q44500,https://wikibase.inguma.eus/entity/statement/Q44500-F4369500-F5E4-4475-90A8-7DB67AC0A3C1,303,1961,"M. Ciriquiain Gaiztarro, Los vascos en la pesca de la ballena, Egan 1961 [1-3], 145-147 [= MEIG III, 56-58]. → XIV 511-513",https://wikibase.inguma.eus/entity/Q44939,1988-01-01T00:00:00Z,"M. Ciriquiain Gaiztarro, Los vascos en la pesca de la ballena"
https://wikibase.inguma.eus/entity/Q44499,https://wikibase.inguma.eus/entity/statement/Q44499-0EC02F8A-2C03-4609-9164-B297B4E99F1E,304,1961,"Congreso de literatura y predicación franciscana en euskera, Egan 1961 [4-6], 257-258 [= MEIG III, 69-70]. → X 651-652",https://wikibase.inguma.eus/entity/Q44934,1988-01-01T00:00:00Z,"Congreso de literatura y predicación franciscana en euskera, Egan 1961 [4,6]"
https://wikibase.inguma.eus/entity/Q44497,https://wikibase.inguma.eus/entity/statement/Q44497-F68FE767-A6B1-477A-B4C7-82D75D58BB04,306,1961,"[N. Etxaniz], Cursos Polyglophone CCC. Curso LV. Vascuence, Egan 1961 [4-6], 260-261 [= MEIG III, 72-73]. → X 653-654",https://wikibase.inguma.eus/entity/Q44935,1988-01-01T00:00:00Z,"[N. Etxaniz], Cursos Polyglophone CCC. Curso LV. Vascuence"
https://wikibase.inguma.eus/entity/Q44496,https://wikibase.inguma.eus/entity/statement/Q44496-311E1B63-E2DC-4EBA-B44C-B7DD646AC83D,307,1961,"Euskalerriko bertsolarien txapelketa, Egan 1961 [1-3], 141 [= MEIG III, 51]. → XIII 403",https://wikibase.inguma.eus/entity/Q44851,1988-01-01T00:00:00Z,"Euskalerriko bertsolarien txapelketa, Egan 1961 [1,3]"
https://wikibase.inguma.eus/entity/Q44494,https://wikibase.inguma.eus/entity/statement/Q44494-931AD19D-F9B9-4B69-99F4-0DA428FAC199,309,1961,"A. Ibiñagabeitia, Aprenda el vasco en 60 horas, Egan 1961 [1-3], 151-152 [= MEIG III, 62-63].; A. Ibiñagabeitia, Aprenda el vasco en 60 horas, Egan 1961 [1-3], 151-152 [= MEIG III, 62-63]. → X 655-656",https://wikibase.inguma.eus/entity/Q44929,1988-01-01T00:00:00Z,"A. Ibiñagabeitia, Aprenda el vasco en 60 horas"
https://wikibase.inguma.eus/entity/Q44492,https://wikibase.inguma.eus/entity/statement/Q44492-A3D9FFED-BD8E-4D6D-9E36-7CD0E722628A,310,1961,"J. Kerexeta, Apostoluen egiñak, Egan 1961 [1-3], 149 [= MEIG III, 60]. → XIII 442",https://wikibase.inguma.eus/entity/Q44852,1988-01-01T00:00:00Z,"J. Kerexeta, Apostoluen egiñak"
https://wikibase.inguma.eus/entity/Q44491,https://wikibase.inguma.eus/entity/statement/Q44491-2525215B-FBD2-4E34-B835-F2D6A6ABED03,311,1961,"L. Lassalle, Gure erlisionearen frogantza, Egan 1961 [4-6], 258-259 [= MEIG III, 70-71]. → XIII 452",https://wikibase.inguma.eus/entity/Q44853,1988-01-01T00:00:00Z,"L. Lassalle, Gure erlisionearen frogantza"
https://wikibase.inguma.eus/entity/Q44489,https://wikibase.inguma.eus/entity/statement/Q44489-85C39FD3-1812-4489-B031-1D18FCAF3082,313,1961,"Loramendi, Olerki ta idatzi guziak, Egan 1961 [1-3], 147-148 [= MEIG III, 58-59]. → XIII 466",https://wikibase.inguma.eus/entity/Q44860,1988-01-01T00:00:00Z,"Loramendi, Olerki ta idatzi guziak"
https://wikibase.inguma.eus/entity/Q44487,https://wikibase.inguma.eus/entity/statement/Q44487-4CF9B18F-2DA7-4B5D-B661-5BED864F9452,315,1961,"M. Soroa, Gabon. Au ostatuba! Anton Kaiku, Egan 1961 [1-3], 143-144 [= MEIG III, 53-54]. → XIII 526-527",https://wikibase.inguma.eus/entity/Q44861,1988-01-01T00:00:00Z,"M. Soroa, Gabon. Au ostatuba! Anton Kaiku"
https://wikibase.inguma.eus/entity/Q44484,https://wikibase.inguma.eus/entity/statement/Q44484-F24CD186-92CC-447B-A049-C5F5D8E3F34A,318,1961,"P. M. Urruzuno, «Euskalerritik zerura» ta beste ipui batzuk, Egan 1961 [4-6], 257 [= MEIG III, 68-69]. → XIII 548",https://wikibase.inguma.eus/entity/Q45021,1988-01-01T00:00:00Z,"P. M. Urruzuno, «Euskalerritik zerura» ta beste ipui batzuk"
https://wikibase.inguma.eus/entity/Q44483,https://wikibase.inguma.eus/entity/statement/Q44483-530FED6B-0F0B-4698-BD72-FEA1BE023B44,319,1961,"L. Villasante, Historia de la literatura vasca, Egan 1961 [4-6], 253-255 [= MEIG III, 65-67]. → XIII 207-209",https://wikibase.inguma.eus/entity/Q45022,1988-01-01T00:00:00Z,"L. Villasante, Historia de la literatura vasca"
https://wikibase.inguma.eus/entity/Q44481,https://wikibase.inguma.eus/entity/statement/Q44481-7C7C62BF-2849-4FF4-9638-077B8B0548EC,320,1961,"L. Villasante, ‘Nere izena zan Plorentxi’. Angeles Sorazuren bizitza, Egan 1961 [1-3], 149-150 [= MEIG III, 60-61]. → XIII 549-550",https://wikibase.inguma.eus/entity/Q44862,1988-01-01T00:00:00Z,"L. Villasante, ‘Nere izena zan Plorentxi’. Angeles Sorazuren bizitza"
https://wikibase.inguma.eus/entity/Q44478,https://wikibase.inguma.eus/entity/statement/Q44478-56AC4BDA-C901-4639-B09F-16661B656CF4,324,1962,"«[jopu, probestu, merio, amabi, etab.] [Adabakiak]», Egan 1962 [4-6], 298-302 [= MEIG I, 225-229]. → VIII 325-329",https://wikibase.inguma.eus/entity/Q44940,1988-01-01T00:00:00Z,"jopu, probestu, merio, amabi, etab. [Adabakiak]"
https://wikibase.inguma.eus/entity/Q44474,https://wikibase.inguma.eus/entity/statement/Q44474-3ED7A138-5E3E-41EB-AE4A-EFCB59A52544,328,1962,"«[zatekean, jabetu, luze-laburra, Oñatiko San Migelen prakak] [Adabakiak]», Egan 1962 [1-3], 77-81 [= MEIG I, 219-224]. → VIII 319-324",https://wikibase.inguma.eus/entity/Q45098,1988-01-01T00:00:00Z,"zatekean, jabetu, luze,laburra, Oñatiko San Migelen prakak [Adabakiak]"
https://wikibase.inguma.eus/entity/Q44473,https://wikibase.inguma.eus/entity/statement/Q44473-47B6B9DC-80EE-4302-A35F-83DA395B1729,329,1962,"[T. Alzaga] P. Loti [R. Figueroa Torres], Ramuntxo, Egan 1962 [1-3], 89 [= MEIG III, 81]. → XIII 303",https://wikibase.inguma.eus/entity/Q44856,1988-01-01T00:00:00Z,"[T. Alzaga] P. Loti [R. Figueroa Torres], Ramuntxo"
https://wikibase.inguma.eus/entity/Q44470,https://wikibase.inguma.eus/entity/statement/Q44470-250D9E0A-8833-4FF5-8EE1-0A2E98C09185,331,1962,"A. Anabitarte, Aprika-ko basamortuan, Egan 1962 [4-6], 312-313 [= MEIG III, 102-103].; A. Anabitarte, Aprika-ko basamortuan, Egan 1962 [4-6], 312-313 [= MEIG III, 102-103]. → XIII 309-310",https://wikibase.inguma.eus/entity/Q44857,1988-01-01T00:00:00Z,"A. Anabitarte, Aprika,ko basamortuan"
https://wikibase.inguma.eus/entity/Q44469,https://wikibase.inguma.eus/entity/statement/Q44469-13DE0C69-64A3-4746-907C-9D942A282303,332,1962,"[A. Apaolaza, A. Trueba], Patxiko Txerren, Egan 1962 [1-3], 90 [= MEIG III, 82]. → XIII 316",https://wikibase.inguma.eus/entity/Q44858,1988-01-01T00:00:00Z,"A. Apao[A. Apaolaza, A. Trueba, Patxiko Txerrenlaza, A. Trueba]"
https://wikibase.inguma.eus/entity/Q44467,https://wikibase.inguma.eus/entity/statement/Q44467-39BE5178-95EA-4520-8B40-2562BE280FF9,334,1962,"«Auspoa» liburutegia [I], Egan 1962 [1-3], 89 [= MEIG III, 81]. → XIII 342",https://wikibase.inguma.eus/entity/Q44941,1988-01-01T00:00:00Z,"«Auspoa» liburutegia [I], Egan 1962 [1,3]"
https://wikibase.inguma.eus/entity/Q44466,https://wikibase.inguma.eus/entity/statement/Q44466-94CA8BA1-6A21-4D45-9B2C-404423350FCB,335,1962,"«Auspoa» liburutegia [II], Egan 1962 [4-6], 305-306 [= MEIG III, 94-95]. → XIII 343",https://wikibase.inguma.eus/entity/Q44944,1988-01-01T00:00:00Z,"«Auspoa» liburutegia [II], Egan 1962 [4,6]"
https://wikibase.inguma.eus/entity/Q44465,https://wikibase.inguma.eus/entity/statement/Q44465-CEAB4D61-0794-4856-996E-05C92264BB46,336,1962,"R. Azkarate, «Galtzaundi» ta beste bertso asko, Egan 1962 [1-3], 90 [= MEIG III, 81]. → XIII 344",https://wikibase.inguma.eus/entity/Q44945,1988-01-01T00:00:00Z,"R. Azkarate, «Galtzaundi» ta beste bertso asko"
https://wikibase.inguma.eus/entity/Q44463,https://wikibase.inguma.eus/entity/statement/Q44463-4DECE60F-5EA7-412B-A932-8AE3BCD45863,338,1962,"Bertsolariak. Errege eguneko bertso-sayoa (1962), Egan 1962 [1-3], 90 [= MEIG III, 83]. → XIII 362",https://wikibase.inguma.eus/entity/Q44859,1988-01-01T00:00:00Z,"Bertsolariak. Errege eguneko bertso,sayoa (1962), Egan 1962 [1,3]"
https://wikibase.inguma.eus/entity/Q44462,https://wikibase.inguma.eus/entity/statement/Q44462-E1DA8FB6-5D16-4C14-994E-026AE163919B,339,1962,"I. Bizcarrondo ‘Bilintx’, Bertso ta lan guziak, Egan 1962 [1-3], 91-92 [= MEIG III, 83-84]. → XI 649-650",https://wikibase.inguma.eus/entity/Q44863,1988-01-01T00:00:00Z,"I. Bizcarrondo ‘Bilintx’, Bertso ta lan guziak"
https://wikibase.inguma.eus/entity/Q44459,https://wikibase.inguma.eus/entity/statement/Q44459-814136F4-CC60-4765-B7CC-082713592D71,341,1962,"Dunixi [D. Azkue], Mi pueblo, ayer. (Croquis donostiarras), Egan 1962 [1-3], 94 [= MEIG III, 87]. → XIII 372",https://wikibase.inguma.eus/entity/Q44864,1988-01-01T00:00:00Z,"Dunixi [D. Azkue], Mi pueblo"
https://wikibase.inguma.eus/entity/Q44457,https://wikibase.inguma.eus/entity/statement/Q44457-37F2EF27-6C0F-489B-AD9E-6B02BF9981FC,343,1962,"E. Erkiaga, Araibar zalduna, Egan 1962 [1-3], 87 [= MEIG III, 78-79]. → XIII 379-380",https://wikibase.inguma.eus/entity/Q44868,1988-01-01T00:00:00Z,"E. Erkiaga, Araibar zalduna"
https://wikibase.inguma.eus/entity/Q44456,https://wikibase.inguma.eus/entity/statement/Q44456-47915D9D-6EBD-4BA5-842A-44194D069266,344,1962,"E. Erkiaga, Batetik bestera: galdu-gordeko ibillerak, Egan 1962 [4-6], 303-304 [= MEIG III, 91-92]. → XIII 381-382",https://wikibase.inguma.eus/entity/Q44869,1988-01-01T00:00:00Z,"E. Erkiaga, Batetik bestera: galdu,gordeko ibillerak"
https://wikibase.inguma.eus/entity/Q44455,https://wikibase.inguma.eus/entity/statement/Q44455-C4B45870-A7F8-442E-9345-D3264AD0A506,345,1962,"Ezkontza galdutako bertsoak. I, Egan 1962 [4-6], 307 [= MEIG III, 96]. → XIII 406",https://wikibase.inguma.eus/entity/Q44870,1988-01-01T00:00:00Z,"Ezkontza galdutako bertsoak. I, Egan 1962 [4,6]"
https://wikibase.inguma.eus/entity/Q44454,https://wikibase.inguma.eus/entity/statement/Q44454-4E077AAF-2337-40E8-87CB-2078A647348A,346,1962,"B. Gandiaga, Elorri, Egan 1962 [1-3], 88-89 [= MEIG III, 79-81]. → XIII 409-410",https://wikibase.inguma.eus/entity/Q45026,1988-01-01T00:00:00Z,"B. Gandiaga, Elorri"
https://wikibase.inguma.eus/entity/Q44453,https://wikibase.inguma.eus/entity/statement/Q44453-4C4C2EA3-A10E-408E-9164-55759554A44F,347,1962,"F. Goñi, Lurdes-ko gertaerak, Egan 1962 [4-6], 310 [= MEIG III, 99-100]. → XIII 416",https://wikibase.inguma.eus/entity/Q44942,1988-01-01T00:00:00Z,"F. Goñi, Lurdes,ko gertaerak"
https://wikibase.inguma.eus/entity/Q44452,https://wikibase.inguma.eus/entity/statement/Q44452-1D3080B0-A464-4064-90F8-408AA7E35D07,348,1962,"B. Iraola, Oroitzak eta beste ipui asko, Egan 1962 [1-3], 90 [= MEIG III, 82]. → XIII 426",https://wikibase.inguma.eus/entity/Q44946,1988-01-01T00:00:00Z,"B. Iraola, Oroitzak eta beste ipui asko"
https://wikibase.inguma.eus/entity/Q44451,https://wikibase.inguma.eus/entity/statement/Q44451-A01E34E0-C6EC-4691-9C92-9409600382B5,349,1962,"M. Izeta, Dirua galgarri, Egan 1962 [1-3], 92 [= MEIG III, 85]. → XIII 430",https://wikibase.inguma.eus/entity/Q44943,1988-01-01T00:00:00Z,"M. Izeta, Dirua galgarri"
https://wikibase.inguma.eus/entity/Q44449,https://wikibase.inguma.eus/entity/statement/Q44449-95E79227-8727-47B7-85AD-92DE92583D41,350,1962,"A. M. Labayen, Malentxo alargun, Egan 1962 [4-6], 308-309 [= MEIG III, 97-98].; A. M. Labayen, Malentxo alargun, Egan 1962 [4-6], 308-309 [= MEIG III, 97-98]. → XIII 445",https://wikibase.inguma.eus/entity/Q45023,1988-01-01T00:00:00Z,"A. M. Labayen, Malentxo alargun"
https://wikibase.inguma.eus/entity/Q44448,https://wikibase.inguma.eus/entity/statement/Q44448-4CBAA06C-BE29-4896-A607-3B6B9119A24A,351,1962,"P. Lafitte, Grammaire basque, Egan 1962 [4-6], 313-314 [= MEIG III, 103-104]. → X 663",https://wikibase.inguma.eus/entity/Q44947,1988-01-01T00:00:00Z,"P. Lafitte, Grammaire basque"
https://wikibase.inguma.eus/entity/Q44447,https://wikibase.inguma.eus/entity/statement/Q44447-E179F7F6-E2A8-446C-964F-8AB5659475F8,352,1962,"P. Larzabal, Bordaxuri, Egan 1962 [1-3], 91 [= MEIG III, 83]. → XIII 448",https://wikibase.inguma.eus/entity/Q44948,1988-01-01T00:00:00Z,"P. Larzabal, Bordaxuri"
https://wikibase.inguma.eus/entity/Q44446,https://wikibase.inguma.eus/entity/statement/Q44446-FF81F4E5-1ED5-4983-BE9C-6330FF88613F,353,1962,"P. Larzabal, Iru ziren; Herriko bozak edo nor alkate, Egan 1962 [4-6], 306-307 [= MEIG III, 95-96]. → XIII 449-450",https://wikibase.inguma.eus/entity/Q44871,1988-01-01T00:00:00Z,"P. Larzabal, Iru ziren; Herriko bozak edo nor alkate"
https://wikibase.inguma.eus/entity/Q44445,https://wikibase.inguma.eus/entity/statement/Q44445-1E37DAE3-C863-4969-AC94-2DCF2D60F4F9,354,1962,"Lau Ebanjelioak, Arantzazuko prailleek egiña, Egan 1962 [4-6], 310-311 [= MEIG III, 100-101]. → XIII 453-454",https://wikibase.inguma.eus/entity/Q44949,1988-01-01T00:00:00Z,"Lau Ebanjelioak, Arantzazuko prailleek egiña"
https://wikibase.inguma.eus/entity/Q44444,https://wikibase.inguma.eus/entity/statement/Q44444-F0119332-38E2-48DD-A818-939E02652AA6,355,1962,"I. López Mendizábal, Manual de conversación castellano-euskera, Egan 1962 [4-6], 314 [= MEIG III, 104]. → X 663",https://wikibase.inguma.eus/entity/Q44872,1988-01-01T00:00:00Z,"I. López Mendizábal, Manual de conversación castellano,euskera"
https://wikibase.inguma.eus/entity/Q44443,https://wikibase.inguma.eus/entity/statement/Q44443-1FEBEEA6-D8B3-4484-AD6C-7501477CA856,356,1962,"F. Michel, Poesías populares de los vascos, Egan 1962 [1-3], 93 [= MEIG III, 86-87]. → XIII 474",https://wikibase.inguma.eus/entity/Q44950,1988-01-01T00:00:00Z,"F. Michel, Poesías populares de los vascos"
https://wikibase.inguma.eus/entity/Q44442,https://wikibase.inguma.eus/entity/statement/Q44442-828D84E4-47E2-4268-8A7D-FAB5FA9D4BDA,357,1962,"G. Muxika, Los titanes de la cultura vasca, Egan 1962 [1-3], 92-93 [= MEIG III, 85-86]. → X 299-300",https://wikibase.inguma.eus/entity/Q44955,1988-01-01T00:00:00Z,"G. Muxika, Los titanes de la cultura vasca"
https://wikibase.inguma.eus/entity/Q44441,https://wikibase.inguma.eus/entity/statement/Q44441-91A25832-566A-44A8-A357-5A6F85567E24,358,1962,"Oskillaso, Kurloiak, Egan 1962 [4-6], 304-305 [= MEIG III, 92-95]. → XIII 515-516",https://wikibase.inguma.eus/entity/Q45027,1988-01-01T00:00:00Z,"Oskillaso, Kurloiak"
https://wikibase.inguma.eus/entity/Q44440,https://wikibase.inguma.eus/entity/statement/Q44440-4C3250CA-0255-4180-B2FF-C1D77E2D3537,359,1962,"[L. Villasante], Goi-argi. Ars-ko erretore santuaren erakusaldiak, Egan 1962 [4-6], 311-312 [= MEIG III, 101]. → XIII 553",https://wikibase.inguma.eus/entity/Q44865,1988-01-01T00:00:00Z,"[L. Villasante], Goi,argi. Ars,ko erretore santuaren erakusaldiak"
https://wikibase.inguma.eus/entity/Q44438,https://wikibase.inguma.eus/entity/statement/Q44438-3B023278-053C-4B55-ABF9-A1CEDD3BD776,360,1962,"L. Villasante, Kristau fedearen sustraiak. I. Jainkoa, Egan 1962 [1-3], 94-95 [= MEIG III, 87-89]. → XIII 551-552",https://wikibase.inguma.eus/entity/Q44866,1988-01-01T00:00:00Z,"L. Villasante, Kristau fedearen sustraiak. I. Jainkoa"
https://wikibase.inguma.eus/entity/Q44437,https://wikibase.inguma.eus/entity/statement/Q44437-CE01EB25-8FA7-4D96-8347-8EADC1833D59,361,1962,"A. M. Zabala, «Gabon gau bat» eta beste ipui asko, Egan 1962 [4-6], 308 [= MEIG III, 97].; A. M. Zabala, «Gabon gau bat» eta beste ipui asko, Egan 1962 [4-6], 308 [= MEIG III, 97]. → XIII 554",https://wikibase.inguma.eus/entity/Q44923,1988-01-01T00:00:00Z,"A. M. Zabala, «Gabon gau bat» eta beste ipui asko"
https://wikibase.inguma.eus/entity/Q44436,https://wikibase.inguma.eus/entity/statement/Q44436-BBFD6D90-782A-4764-9D62-C6BB88B5B6E1,362,1962,"J. Zaitegi, Platoneneko atarian, Egan 1962 [1-3], 85-86 [= MEIG III, 75-77; EN, 265-267; GA, 227-229]. → XIII 559-561",https://wikibase.inguma.eus/entity/Q45024,1988-01-01T00:00:00Z,"J. Zaitegi, Platoneneko atarian"
https://wikibase.inguma.eus/entity/Q44435,https://wikibase.inguma.eus/entity/statement/Q44435-024727BC-B0BF-4195-A2E7-241839B99E6D,363,1962,"A. Zavala, Txirrita. Bizitza ta bat-bateko bertsoak, Egan 1962 [4-6], 309-310 [= MEIG III, 98-99].; A. Zavala, Txirrita. Bizitza ta bat-bateko bertsoak, Egan 1962 [4-6], 309-310 [= MEIG III, 98-99]. → XIII 556-557",https://wikibase.inguma.eus/entity/Q44930,1988-01-01T00:00:00Z,"A. Zavala, Txirrita. Bizitza ta bat,bateko bertsoak"
https://wikibase.inguma.eus/entity/Q44426,https://wikibase.inguma.eus/entity/statement/Q44426-A1DBFF70-EF10-4ECF-B956-402A6CBFD58D,371,1963,"«Txerribuztango errekako errotaria [Lahovary, euskara eta hizkuntza dravidikoak] [Adabakiak]», Egan 1963 [1-3], 124-126 [= MEIG I, 237-239]. → IV 223-225",https://wikibase.inguma.eus/entity/Q44873,1988-01-01T00:00:00Z,"Txerribuztango errekako errotaria [Lahovary, euskara eta hizkuntza dravidikoak] [Adabakiak]"
https://wikibase.inguma.eus/entity/Q44425,https://wikibase.inguma.eus/entity/statement/Q44425-7BC41DAC-343A-4031-80E4-FE7272EB8049,372,1963,"«Aizkolariak» ta beste ipui asko, Egan 1963 [1-3], 146 [= MEIG III, 109-110]. → XIII 299-300",https://wikibase.inguma.eus/entity/Q44957,1988-01-01T00:00:00Z,"Aizkolariak, ta beste ipui asko"
https://wikibase.inguma.eus/entity/Q44424,https://wikibase.inguma.eus/entity/statement/Q44424-CC989E15-528D-42AE-9465-424467E455B3,373,1963,"T. Alzaga, Burruntziya, Egan 1963 [4-6], 237-238 [= MEIG III, 123-124]. → XIII 304",https://wikibase.inguma.eus/entity/Q44867,1988-01-01T00:00:00Z,"T. Alzaga, Burruntziya"
https://wikibase.inguma.eus/entity/Q44423,https://wikibase.inguma.eus/entity/statement/Q44423-8138F5F1-D38B-4F36-BEBC-00031A2A15B7,374,1963,"V. Amézaga, Hombres de la Compañía Guipuzcoana, Egan 1963 [4-6], 242-243 [= MEIG III, 125-126]. → XIV 519-520",https://wikibase.inguma.eus/entity/Q45028,1988-01-01T00:00:00Z,"V. Amézaga, Hombres de la Compañía Guipuzcoana"
https://wikibase.inguma.eus/entity/Q44422,https://wikibase.inguma.eus/entity/statement/Q44422-4F212CC6-5472-46F2-9259-7CC9E2B62753,375,1963,"G. Anduaga, «Egunsentiko txoria» ta beste bertso asko, Egan 1963 [4-6], 238 [= MEIG III, 124]. → XIII 313",https://wikibase.inguma.eus/entity/Q44879,1988-01-01T00:00:00Z,"G. Anduaga, «Egunsentiko txoria» ta beste bertso asko"
https://wikibase.inguma.eus/entity/Q44419,https://wikibase.inguma.eus/entity/statement/Q44419-ECF9D6FE-7D8F-48B7-9512-554BAC34CA1C,378,1963,"J. B. Etcheverry, Michel Garicoïtz sainduaren bizia eta bertuteak, Egan 1963 [1-3], 151-152 [= MEIG III, 115-116]. → XIII 387-388",https://wikibase.inguma.eus/entity/Q45029,1988-01-01T00:00:00Z,"J. B. Etcheverry, Michel Garicoïtz sainduaren bizia eta bertuteak"
https://wikibase.inguma.eus/entity/Q44418,https://wikibase.inguma.eus/entity/statement/Q44418-EDFEBD08-BD72-44BF-88CE-14A01CEFE2F5,379,1963,"[Gaztelu] Fray Luis León, Donibane Gurutz, Musika ixilla, Egan 1963 [1-3], 141-143 [= MEIG III, 105-108]. → XIII 411-413",https://wikibase.inguma.eus/entity/Q44952,1988-01-01T00:00:00Z,"[Gaztelu] Fray Luis León, Donibane Gurutz"
https://wikibase.inguma.eus/entity/Q44416,https://wikibase.inguma.eus/entity/statement/Q44416-B1C1E90D-B40F-4CF9-A801-420CAAF25B58,380,1963,"[A. Goenaga] E. Hemingway, Agurea ta itxasoa, Egan 1963 [1-3], 149 [= MEIG III, 113-114].; [A. Goenaga] E. Hemingway, Agurea ta itxasoa, Egan 1963 [1-3], 149 [= MEIG III, 113-114]. → XIII 414",https://wikibase.inguma.eus/entity/Q44924,1988-01-01T00:00:00Z,"[A. Goenaga] E. Hemingway, Agurea ta itxasoa"
https://wikibase.inguma.eus/entity/Q44415,https://wikibase.inguma.eus/entity/statement/Q44415-BD49BBF9-FE57-4346-9D37-964D573F6BEA,381,1963,"F. Imaz, Bertso guziak, Egan 1963 [1-3], 146-147 [= MEIG III, 110-111]. → XIII 423-424",https://wikibase.inguma.eus/entity/Q45034,1988-01-01T00:00:00Z,"F. Imaz, Bertso guziak"
https://wikibase.inguma.eus/entity/Q44414,https://wikibase.inguma.eus/entity/statement/Q44414-13C6831A-00D4-43F6-8C8B-A466A043A412,382,1963,"A. P. Iturriaga, Jolasak, Egan 1963 [1-3], 148-149 [= MEIG III, 111-113].; A. P. Iturriaga, Jolasak, Egan 1963 [1-3], 148-149 [= MEIG III, 111-113]. → XI 635-636",https://wikibase.inguma.eus/entity/Q45016,1988-01-01T00:00:00Z,"A. P. Iturriaga, Jolasak"
https://wikibase.inguma.eus/entity/Q44413,https://wikibase.inguma.eus/entity/statement/Q44413-72728A0C-8BAE-4BDA-BCB8-22397E11589F,383,1963,"[J. Kerexeta, A. Onaindia], Eguneroko Meza, Egan 1963 [4-6], 244-245 [= MEIG III, 127-128]. → XIII 443-444",https://wikibase.inguma.eus/entity/Q45030,1988-01-01T00:00:00Z,"J. Kerexeta, A. Onaindia, Eguneroko Meza"
https://wikibase.inguma.eus/entity/Q44409,https://wikibase.inguma.eus/entity/statement/Q44409-B9B4B416-888A-4C85-AAF4-EB0E308E5E91,387,1963,"B. A. Mogel, Ipui onak, Egan 1963 [4-6], 237 [= MEIG III, 122-123]. → XI 645-646",https://wikibase.inguma.eus/entity/Q44953,1988-01-01T00:00:00Z,"B. A. Mogel, Ipui onak"
https://wikibase.inguma.eus/entity/Q44408,https://wikibase.inguma.eus/entity/statement/Q44408-46685B7C-D8C0-4FD5-85D1-1A644EF5DC8D,388,1963,"J. Oteiza, Quousque tandem…! Ensayo de interpretación estética del alma vasca, Egan 1963 [1-3], 152-153 [= MEIG III, 117-119; EN, 269-270; GA, 231-232]. → XIII 518-520",https://wikibase.inguma.eus/entity/Q44874,1988-01-01T00:00:00Z,"J. Oteiza, Quousque tandem…! Ensayo de interpretación estética del alma vasca"
https://wikibase.inguma.eus/entity/Q44407,https://wikibase.inguma.eus/entity/statement/Q44407-28FC016C-7844-47B3-ACD1-46B5AAE03565,389,1963,"M. Soroa, Baratzan, Egan 1963 [4-6], 239 [= MEIG III, 124-125]. → XIII 528",https://wikibase.inguma.eus/entity/Q44954,1988-01-01T00:00:00Z,"M. Soroa, Baratzan"
https://wikibase.inguma.eus/entity/Q44405,https://wikibase.inguma.eus/entity/statement/Q44405-26A0A5CE-E9BE-4EAF-AB22-FFA839262FC5,390,1963,"N. Tauer, Bere idazkiak, Egan 1963 [1-3], 149-151 [= MEIG III, 114-115]. → X 327-328",https://wikibase.inguma.eus/entity/Q45035,1988-01-01T00:00:00Z,"N. Tauer, Bere idazkiak"
https://wikibase.inguma.eus/entity/Q44404,https://wikibase.inguma.eus/entity/statement/Q44404-7AC38949-8F0E-4B8C-A867-62D6C1A2ED53,391,1963,"A. M. Zabala, Periyaren zalapartak, Melitonaren bi senarrak; A. Larraitz, Mendibe’tarren larriyak; J. Mir, Utzi bearko!, Gizon bikañak, Egan 1963 [4-6], 235-236 [= MEIG III, 121].; A. M. Zabala, Periyaren zalapartak, Melitonaren bi senarrak; A. Larraitz, Mendibe’tarren larriyak; J. Mir, Utzi bearko!, Gizon bikañak, Egan 1963 [4-6], 235-236 [= MEIG III, 121]. → XIII 555",https://wikibase.inguma.eus/entity/Q45017,1988-01-01T00:00:00Z,"A. M. Zabala, Periyaren zalapartak"
https://wikibase.inguma.eus/entity/Q44403,https://wikibase.inguma.eus/entity/statement/Q44403-187D1223-CB12-4B83-B679-9A551143F8A1,392,1963,"J. Zaitegi, Berriz ere goldaketan, Egan 1963 [1-3], 144 [= MEIG III, 108-109]. → XIII 562-563",https://wikibase.inguma.eus/entity/Q45053,1988-01-01T00:00:00Z,"J. Zaitegi, Berriz ere goldaketan"
https://wikibase.inguma.eus/entity/Q44402,https://wikibase.inguma.eus/entity/statement/Q44402-E4B5816A-DB9D-4A90-8203-AF7BE687B4F3,393,1963,"[A. Zavala], Azpeitiko premiyoaren bertsoak (1893-1895), Egan 1963 [4-6], 236 [= MEIG III, 122].; [A. Zavala], Azpeitiko premiyoaren bertsoak (1893-1895), Egan 1963 [4-6], 236 [= MEIG III, 122]. → XIII 558",https://wikibase.inguma.eus/entity/Q45013,1988-01-01T00:00:00Z,"A. Zavala, Azpeitiko premiyoaren bertsoak (1893,1895)"
https://wikibase.inguma.eus/entity/Q44385,https://wikibase.inguma.eus/entity/statement/Q44385-6447B321-0FB5-4050-B224-50FD8FDD34CF,408,1964,"J. M. Arozamena, Donostia, capital de San Sebastián, Egan 1964 [1-6], 175 [= MEIG III, 134-135]. → XIII 332",https://wikibase.inguma.eus/entity/Q44969,1988-01-01T00:00:00Z,"J. M. Arozamena, Donostia"
https://wikibase.inguma.eus/entity/Q44384,https://wikibase.inguma.eus/entity/statement/Q44384-C94E62ED-8A23-4136-9330-78DDBCD70CED,409,1964,"P. Axular, Gero. Después [ed. L. Villasante], Egan 1964 [1-6], 176 [= BAP 20, 1964, 477-478; MEIG III, 135]. → XI 271",https://wikibase.inguma.eus/entity/Q44970,1988-01-01T00:00:00Z,"P. Axular, Gero. Después [ed. L. Villasante]"
https://wikibase.inguma.eus/entity/Q44381,https://wikibase.inguma.eus/entity/statement/Q44381-6F4458FF-506E-4FE7-8E15-FE675F83FD5E,411,1964,"Bertsolariak. Amar urteko bertso-paperak (1954-1963), Egan 1964 [1-6], 175 [= MEIG III, 134]. → XIII 363",https://wikibase.inguma.eus/entity/Q44966,1988-01-01T00:00:00Z,"Bertsolariak. Amar urteko bertso,paperak (1954,1963), Egan 1964 [1,6]"
https://wikibase.inguma.eus/entity/Q44379,https://wikibase.inguma.eus/entity/statement/Q44379-CC7E04D4-BA01-40E8-804E-B3831592DFA7,413,1964,"A. Cardaberaz, Euskeraren berri onak, Egan 1964 [1-6], 172-173 [= MEIG III, 132-133]. → XI 465; A. Cardaberaz, Euskeraren berri onak, Egan 1964 [1-6], 172-173 [= MEIG III, 132-133].",https://wikibase.inguma.eus/entity/Q45054,1988-01-01T00:00:00Z,"A. Cardaberaz, Euskeraren berri onak"
https://wikibase.inguma.eus/entity/Q44378,https://wikibase.inguma.eus/entity/statement/Q44378-4262DFF1-0A43-4557-9781-3A3CBC3278FF,414,1964,"J. V. Echagaray, Festara, Egan 1964 [1-6], 169-170 [= MEIG III, 131 -132]. → XI 633-634",https://wikibase.inguma.eus/entity/Q45055,1988-01-01T00:00:00Z,"J. V. Echagaray, Festara"
https://wikibase.inguma.eus/entity/Q44377,https://wikibase.inguma.eus/entity/statement/Q44377-9CE4C0DC-5410-440A-BD06-FFBB9A0EC213,415,1964,"M. Elicegui, A. Zavala, Pello Errotaren bizitza, bere alabak kontatua, Egan 1964 [1-6], 166-167 [= MEIG III, 129-130]. → XIII 373",https://wikibase.inguma.eus/entity/Q44967,1988-01-01T00:00:00Z,"M. Elicegui, A. Zavala"
https://wikibase.inguma.eus/entity/Q44375,https://wikibase.inguma.eus/entity/statement/Q44375-8CE96200-BF63-427B-B06F-4AA57C7D5B57,417,1964,"P. Larzabal, Senpere’n gertatua, Egan 1964 [1-6], 167-168 [= MEIG III, 130]. → XIII 451",https://wikibase.inguma.eus/entity/Q44977,1988-01-01T00:00:00Z,"P. Larzabal, Senpere’n gertatua"
https://wikibase.inguma.eus/entity/Q44374,https://wikibase.inguma.eus/entity/statement/Q44374-0A6AE0DF-5DD7-45C7-ADFC-203EDFE878AE,418,1964,"S. Salaverría, Neronek tirako nizkin, Egan 1964 [1-6], 173 [= MEIG III, 133-134]. → XIII 523",https://wikibase.inguma.eus/entity/Q45049,1988-01-01T00:00:00Z,"S. Salaverría, Neronek tirako nizkin"
https://wikibase.inguma.eus/entity/Q44373,https://wikibase.inguma.eus/entity/statement/Q44373-94BB91C4-2FAC-441A-BD97-46ED7DC48531,419,1964,"J. de Urquijo, Refranero vasco. Los Refranes y sentencias de 1596, BAP 21 (1964), 117-120 [= SHLV II, 799-801]. → XI 149-153",https://wikibase.inguma.eus/entity/Q44830,1988-01-01T00:00:00Z,"J. de Urquijo, Refranero vasco. Los Refranes y sentencias de 1596"
https://wikibase.inguma.eus/entity/Q44356,https://wikibase.inguma.eus/entity/statement/Q44356-F4D998AC-F55F-452D-BDB0-84C6D974DBA4,434,1965,"B. Estornés Lasa (ed.), Fantasía y realidad. Antología literaria vasca, Egan 1965 [1-6], 170-171 [= MEIG III, 143-144]. → XIII 385-386",https://wikibase.inguma.eus/entity/Q45059,1988-01-01T00:00:00Z,"B. Estornés Lasa (ed.), Fantasía y realidad. Antología literaria vasca"
https://wikibase.inguma.eus/entity/Q44355,https://wikibase.inguma.eus/entity/statement/Q44355-08AA40E4-F48E-43A4-8642-86A4A6E49837,435,1965,"Y. Etxaide, Gorrotoa lege, Egan 1965 [1-6], 159-161 [= MEIG III, 137-140; EN, 271-273; GA, 233-235]. → XIII 396-398",https://wikibase.inguma.eus/entity/Q44978,1988-01-01T00:00:00Z,"Y. Etxaide, Gorrotoa lege"
https://wikibase.inguma.eus/entity/Q44354,https://wikibase.inguma.eus/entity/statement/Q44354-177C1FB1-E3F1-40B4-9ED3-0F07AE0F7031,436,1965,"I. Fagoaga, Unamuno a orillas del Bidasoa y otros ensayos, Egan 1965 [1-6], 173-174 [= MEIG III, 145-146]. → XIII 407-408",https://wikibase.inguma.eus/entity/Q44972,1988-01-01T00:00:00Z,"I. Fagoaga, Unamuno a orillas del Bidasoa y otros ensayos"
https://wikibase.inguma.eus/entity/Q44351,https://wikibase.inguma.eus/entity/statement/Q44351-8EC8EF03-9799-419F-9087-C50DD3495C1C,439,1965,"A. M. Labayen, Teatro éuskaro. Notas para una historia del arte dramático vasco, Egan 1965 [1-6], 175-176 [= MEIG III, 148]. → XIII 446; A. M. Labayen, Teatro éuskaro. Notas para una historia del arte dramático vasco, Egan 1965 [1-6], 175-176 [= MEIG III, 148].",https://wikibase.inguma.eus/entity/Q45012,1988-01-01T00:00:00Z,"A. M. Labayen, Teatro éuskaro. Notas para una historia del arte dramático vasco"
https://wikibase.inguma.eus/entity/Q44349,https://wikibase.inguma.eus/entity/statement/Q44349-3E48703C-3D58-4BE1-A53C-F4139606B781,440,1965,"M. Lecuona, Literatura oral vasca, Egan 1965 [1-6], 176 [= MEIG III, 148-149]. → XIII 455",https://wikibase.inguma.eus/entity/Q44973,1988-01-01T00:00:00Z,"M. Lecuona, Literatura oral vasca"
https://wikibase.inguma.eus/entity/Q44346,https://wikibase.inguma.eus/entity/statement/Q44346-20421C38-CF09-4678-83FC-D4714559B221,443,1965,"L. M. Mujika, Bide-giroak, Egan 1965 [1-6], 165-167 [= MEIG III, 140-143]. → XIII 477-479",https://wikibase.inguma.eus/entity/Q44880,1988-01-01T00:00:00Z,"L. M. Mujika, Bide,giroak"
https://wikibase.inguma.eus/entity/Q44345,https://wikibase.inguma.eus/entity/statement/Q44345-DE0EAADF-21F5-4F9B-B070-19E1C2620748,444,1965,"L. P. Peña Santiago, La ‘argizaiola’ vasca, Egan 1965 [1-6], 173 [= MEIG III, 145]. → XIV 557",https://wikibase.inguma.eus/entity/Q44974,1988-01-01T00:00:00Z,"L. P. Peña Santiago, La ‘argizaiola’ vasca"
https://wikibase.inguma.eus/entity/Q44344,https://wikibase.inguma.eus/entity/statement/Q44344-D140F460-F942-4405-9FC0-EC79D6ABC987,445,1965,"J. Urquijo, Refranero vasco. Los Refranes y sentencias de 1596, Egan 1965 [1-6], 174-175 [= MEIG III, 146-147]. → XI 155-156",https://wikibase.inguma.eus/entity/Q44875,1988-01-01T00:00:00Z,"J. Urquijo, Refranero vasco. Los Refranes y sentencias de 1596"
https://wikibase.inguma.eus/entity/Q44335,https://wikibase.inguma.eus/entity/statement/Q44335-CED9942E-0ED2-4F20-9957-967D2A0A215D,453,1966,"«Tradición viva y letra muerta», Homenaje a don José Miguel de Barandiarán, Bilbao 1966, II, 121-145 [= SHLV II, 729-740]. → XI 9-26",https://wikibase.inguma.eus/entity/Q44772,1988-01-01T00:00:00Z,Tradición viva y letra muerta
https://wikibase.inguma.eus/entity/Q44334,https://wikibase.inguma.eus/entity/statement/Q44334-DBA2A4A6-645E-416E-BB9B-53B301B25FB2,454,1966,"J. Coromines, Estudis de toponímia catalana. I, BAP 22 (1966), 283-290 [= SHLV II, 620-626]. → IX 343-352",https://wikibase.inguma.eus/entity/Q44819,1988-01-01T00:00:00Z,"J. Coromines, Estudis de toponímia catalana. I"
https://wikibase.inguma.eus/entity/Q44641,https://wikibase.inguma.eus/entity/statement/Q44641-2F6DC74E-08EE-478C-A3D2-CC69EB4F9E66,460,1967,"«Hispánico antiguo y vasco», La gran enciclopedia vasca, Bilbao 1967, II, 76-82.",https://wikibase.inguma.eus/entity/Q40099,1958-01-01T00:00:00Z,Hispánico antiguo y vasco
https://wikibase.inguma.eus/entity/Q44641,https://wikibase.inguma.eus/entity/statement/Q44641-2F6DC74E-08EE-478C-A3D2-CC69EB4F9E66,460,1967,"«Hispánico antiguo y vasco», La gran enciclopedia vasca, Bilbao 1967, II, 76-82.",https://wikibase.inguma.eus/entity/Q44796,1988-01-01T00:00:00Z,Hispánico antiguo y vasco
https://wikibase.inguma.eus/entity/Q44320,https://wikibase.inguma.eus/entity/statement/Q44320-9A05E2DC-DAD2-4371-8E73-91251180A859,469,1967,"P. Altuna, Euskera, ire laguna!, Egan 1967 [1-6], 131-132 [= MEIG III, 153-154]. → X 678-679",https://wikibase.inguma.eus/entity/Q44979,1988-01-01T00:00:00Z,"P. Altuna, Euskera"
https://wikibase.inguma.eus/entity/Q44318,https://wikibase.inguma.eus/entity/statement/Q44318-51978AC4-BC82-4051-AE1D-4AC3BCF8C883,470,1967,"Bitaño [N. Alzola], Atalak, Egan 1967 [1-6], 116-117 [= MEIG III, 151-152]. → XIII 365-366",https://wikibase.inguma.eus/entity/Q45065,1988-01-01T00:00:00Z,"Bitaño [N. Alzola], Atalak"
https://wikibase.inguma.eus/entity/Q44305,https://wikibase.inguma.eus/entity/statement/Q44305-14E4B501-D3B2-469D-AD89-022386B538EE,484,1968,"[con M. Agud], «Nombres de la comadreja en el País Vasco», ASJU 2 (1968), 73-85 [= SHLV II, 528-537]. → VIII 391-403",https://wikibase.inguma.eus/entity/Q44834,1988-01-01T00:00:00Z,Nombres de la comadreja en el País Vasco
https://wikibase.inguma.eus/entity/Q44639,https://wikibase.inguma.eus/entity/statement/Q44639-9BCE0C1D-1EEA-4669-9E88-60ABA61CD964,490,1969,"«Literatura en lengua vasca», G. Díaz-Plaja (dir.), Historia general de las literaturas hispánicas, Barcelona 1969, V, 339-386.",https://wikibase.inguma.eus/entity/Q40100,1958-01-01T00:00:00Z,Literatura en lengua vasca
https://wikibase.inguma.eus/entity/Q44285,https://wikibase.inguma.eus/entity/statement/Q44285-6158A851-5E02-4DC1-9BA5-A87C640BE90C,503,1971,"«[Eleizaldez] Mitxelena jaunaren hitzen laburpena, Eleizaldez», Euskera 16 (1971), 73-76 [= MEIG VIII, 53-56]. → X 295-298",https://wikibase.inguma.eus/entity/Q45074,1988-01-01T00:00:00Z,"[Eleizaldez] Mitxelena jaunaren hitzen laburpena, Eleizaldez"
https://wikibase.inguma.eus/entity/Q44260,https://wikibase.inguma.eus/entity/statement/Q44260-CDFEBCFF-9773-4C4B-B8D2-60F806A0B1C3,539,1973,"«Notas de toponimia», Segunda semana internacional de antropología vasca, Bilbao 1973, 381-383.",https://wikibase.inguma.eus/entity/Q40265,1973-01-01T00:00:00Z,Notas de toponimia
https://wikibase.inguma.eus/entity/Q44257,https://wikibase.inguma.eus/entity/statement/Q44257-A2C9A4BF-A8C8-43D3-B11C-C089A9823174,540,1973,"«Préstamos lingüísticos del latín al euskera», Segunda semana internacional de antropología vasca, Bilbao 1973, 385-386.",https://wikibase.inguma.eus/entity/Q40267,1973-01-01T00:00:00Z,Préstamos lingüísticos del latín al euskera
https://wikibase.inguma.eus/entity/Q44256,https://wikibase.inguma.eus/entity/statement/Q44256-054827E4-ACCB-4287-B9BD-BBD363F2D2A4,541,1973,"«Romanización de Guipúzcoa», Segunda semana internacional de antropología vasca, Bilbao 1973, 335-337.",https://wikibase.inguma.eus/entity/Q40268,1973-01-01T00:00:00Z,Romanización de Guipúzcoa
https://wikibase.inguma.eus/entity/Q44243,https://wikibase.inguma.eus/entity/statement/Q44243-B2748DC4-F933-4BA5-932C-52F26873144A,546,1974,"«‘Dama batek jartzia orrenbeste lege…’», Zeruko argia, 1974-X-6, 3 [= MEIG VIII, 31-33; EN, 437-439; GA, 375-377]. → XIV 161-163",https://wikibase.inguma.eus/entity/Q45076,1988-01-01T00:00:00Z,‘Dama batek jartzia orrenbeste lege…’
https://wikibase.inguma.eus/entity/Q44232,https://wikibase.inguma.eus/entity/statement/Q44232-71B1CEF8-841D-4252-BB72-F929C0A59375,557,1975,"""Begiarmen, Sei idazle plazara"", Anaitasuna 1975-I-15, 8-9 [= MEIG VIII, 39-42; EN, 441-444; GA, 379-382]. → XIV 169-172",https://wikibase.inguma.eus/entity/Q45070,1988-01-01T00:00:00Z,"Begiarmen, Sei idazle plazara"
https://wikibase.inguma.eus/entity/Q44216,https://wikibase.inguma.eus/entity/statement/Q44216-859B657D-6F89-4144-9FC0-DACD62A8D191,573,1976,"«Lexicografía técnica», Tercera semana de antropología vasca, Bilbao 1976, 359-371 [= SHLV I, 400- 408]. → VIII 215-227",https://wikibase.inguma.eus/entity/Q44773,1988-01-01T00:00:00Z,Lexicografía técnica
https://wikibase.inguma.eus/entity/Q44210,https://wikibase.inguma.eus/entity/statement/Q44210-36F23D8E-D7AF-4260-982F-EFE105805699,580,1978,"«Hitzaurrea»: Udal izendegia, Euskera 23 (1978), 313-316 [= MEIG VIII, 114-118; v. 617]. → X 119-122",https://wikibase.inguma.eus/entity/Q45078,1988-01-01T00:00:00Z,Udal Izendegia: Hitzaurrea
https://wikibase.inguma.eus/entity/Q44204,https://wikibase.inguma.eus/entity/statement/Q44204-F349B1F7-FE12-4D6B-BA02-8A00BAD2E942,587,1978,"«Alguna coincidencia interdialectal»: «Miscelánea filológica vasca, I, 5», FLV 11 (1978), 225-228 [= PT, 382-385; v. 599]. → VII 315-319",https://wikibase.inguma.eus/entity/Q44760,1987-01-01T00:00:00Z,Alguna coincidencia interdialectal
https://wikibase.inguma.eus/entity/Q44203,https://wikibase.inguma.eus/entity/statement/Q44203-CFC82E91-0783-4DF0-BE30-26C1D74DFC3E,588,1978,"«Al pie de la letra»: «Miscelánea filológica vasca, II, 1», FLV 10 (1978), 389-393 [= PT, 387-391; v. 600]. → XI 107-112",https://wikibase.inguma.eus/entity/Q44759,1987-01-01T00:00:00Z,Al pie de la letra
https://wikibase.inguma.eus/entity/Q44199,https://wikibase.inguma.eus/entity/statement/Q44199-6B09FA8C-EF04-42F9-B903-6B4B9097ACB2,591,1978,"«Aspectos de la métrica de Aresti»: «Miscelánea filológica vasca, II, 4», FLV 10 (1978), 406-413 [= PT, 404-410; v. 600]. → XIII 317-326",https://wikibase.inguma.eus/entity/Q44762,1987-01-01T00:00:00Z,Aspectos de la métrica de Aresti
https://wikibase.inguma.eus/entity/Q44198,https://wikibase.inguma.eus/entity/statement/Q44198-AC391CD6-CD10-48F4-8BB6-5CA58239B0D9,592,1978,"«El Nuevo Testamento de Leiçarraga»: «Miscelánea filológica vasca, I, 3», FLV 11 (1978), 219 [= PT, 376-377; v. 599]. → XI 121-123",https://wikibase.inguma.eus/entity/Q44735,1987-01-01T00:00:00Z,El Nuevo Testamento de Leiçarraga
https://wikibase.inguma.eus/entity/Q44189,https://wikibase.inguma.eus/entity/statement/Q44189-7FF5B416-9397-4D96-8A1D-3E2B9B307851,601,1978,"«Oldoztu: ¿pensar o no pensar?»: «Miscelánea filológica vasca, I, 1», FLV 10 (1978), 205-208 [= PT, 363-366; v. 599]. → VII 443-447",https://wikibase.inguma.eus/entity/Q44745,1987-01-01T00:00:00Z,Oldoztu: ¿pensar o no pensar?
https://wikibase.inguma.eus/entity/Q44188,https://wikibase.inguma.eus/entity/statement/Q44188-46B6E8FA-1A92-41D4-8C3E-EF99C6027285,602,1978,"«Para la historia de la ortografía vasca»: «Miscelánea filológica vasca, II, 2», FLV 10 (1978), 393-397 [= PT, 391-395; v. 600]. → XI 403-409",https://wikibase.inguma.eus/entity/Q44752,1987-01-01T00:00:00Z,Para la historia de la ortografía vasca
https://wikibase.inguma.eus/entity/Q44187,https://wikibase.inguma.eus/entity/statement/Q44187-D69A7A81-CAD7-4302-B98C-D73C35A56A9D,603,1978,"«Relato y orden de palabras»: «Miscelánea filológica vasca, I, 4», FLV 11 (1978), 220-225 [= PT, 377-382; v. 599]. → VII 321-327",https://wikibase.inguma.eus/entity/Q44743,1987-01-01T00:00:00Z,Relato y orden de palabras
https://wikibase.inguma.eus/entity/Q44184,https://wikibase.inguma.eus/entity/statement/Q44184-BC19FA24-754C-483D-B08E-4B6662D951DC,607,1978,"«Vasc. on da / gauza ona da»: «Miscelánea filológica vasca, I, 2», FLV 11 (1978), 208-218 [= PT, 366-376; v. 599]. → VII 301-314",https://wikibase.inguma.eus/entity/Q44749,1987-01-01T00:00:00Z,Vasc. on da / gauza ona da
https://wikibase.inguma.eus/entity/Q44183,https://wikibase.inguma.eus/entity/statement/Q44183-676885AD-6E76-4AF3-BFD4-A802443983EE,608,1978,"«Xokudi y otros en Barrutia»: «Miscelánea filológica vasca, II, 3», FLV 10 (1978), 398-406 [= PT, 395-404; v. 600]. → XI 411-422",https://wikibase.inguma.eus/entity/Q44753,1987-01-01T00:00:00Z,Xokudi y otros en Barrutia
https://wikibase.inguma.eus/entity/Q44182,https://wikibase.inguma.eus/entity/statement/Q44182-F05A0148-3881-4511-9F47-270AA8FCDBB2,609,1979,"«Algo más sobre grafías de Refranes y sentencias»: «Miscelánea filológica vasca, III, 2», FLV 11 (1979), 220-225 [= PT, 418-423; v. 621]. → XI 169-175",https://wikibase.inguma.eus/entity/Q44754,1987-01-01T00:00:00Z,Algo más sobre grafías de Refranes y sentencias
https://wikibase.inguma.eus/entity/Q44180,https://wikibase.inguma.eus/entity/statement/Q44180-979AC1AC-812C-49CC-B889-82600AC4A1B2,610,1979,"«Algunas dudas sobre gurenda»: «Miscelánea filológica vasca, III, 4», FLV 11 (1979), 230-236 [= PT, 427-433; v. 621]. → VIII 449-456",https://wikibase.inguma.eus/entity/Q44736,1987-01-01T00:00:00Z,Algunas dudas sobre gurenda
https://wikibase.inguma.eus/entity/Q44179,https://wikibase.inguma.eus/entity/statement/Q44179-FD043F7F-9A33-4A46-A6A5-C4D642016DC9,611,1979,"«Algunas observaciones sobre los cantares de la quema de Mondragón»: «Miscelánea filológica vasca, IV, 3», FLV 11 (1979), 397-406 [= PT, 454-463; v. 622]. → XI 41-51",https://wikibase.inguma.eus/entity/Q44758,1987-01-01T00:00:00Z,Algunas observaciones sobre los cantares de la quema de Mondragón
https://wikibase.inguma.eus/entity/Q44178,https://wikibase.inguma.eus/entity/statement/Q44178-A156319B-E108-4ECC-88F7-80AEE85DB597,612,1979,"«‘Arratsaldea zan alakoa’»: «Miscelánea filológica vasca, III, 3», FLV 11 (1979), 226-230 [= PT, 423-427; v. 621]. → VII 329-334",https://wikibase.inguma.eus/entity/Q44740,1987-01-01T00:00:00Z,‘Arratsaldea zan alakoa’
https://wikibase.inguma.eus/entity/Q44177,https://wikibase.inguma.eus/entity/statement/Q44177-33B00E60-533C-4DC7-B7A3-7F390DCAC47F,613,1979,"«De nuevo sobre el texto de Barrutia»: «Miscelánea filológica vasca, IV, 1», FLV 11 (1979), 377-379 [= PT, 435-437; v. 622]. → XI 423-425",https://wikibase.inguma.eus/entity/Q44741,1987-01-01T00:00:00Z,De nuevo sobre el texto de Barrutia
https://wikibase.inguma.eus/entity/Q44167,https://wikibase.inguma.eus/entity/statement/Q44167-41D73119-02BB-45EE-94AA-9B262A21E520,625,1979,"«Vizc. a- con temas demostrativos»: «Miscelánea filológica vasca, IV, 2», FLV 11 (1979), 379-397 [= PT, 437-454; v. 622]. → VII 213-234",https://wikibase.inguma.eus/entity/Q44767,1987-01-01T00:00:00Z,Vizc. a- con temas demostrativos
https://wikibase.inguma.eus/entity/Q44174,https://wikibase.inguma.eus/entity/statement/Q44174-F524952E-B0B1-498C-A600-258D3D9334B6,645,1981,"«Gabriel Aresti eta Egan», G. Aresti, Ipuinak, Donostia 1981, 12-16.",https://wikibase.inguma.eus/entity/Q44029,1979-01-01T00:00:00Z,Gabriel Aresti eta 'Egan'
https://wikibase.inguma.eus/entity/Q44174,https://wikibase.inguma.eus/entity/statement/Q44174-F524952E-B0B1-498C-A600-258D3D9334B6,645,1981,"«Gabriel Aresti eta Egan», G. Aresti, Ipuinak, Donostia 1981, 12-16.",https://wikibase.inguma.eus/entity/Q44958,1988-01-01T00:00:00Z,Gabriel Aresti eta Egan
https://wikibase.inguma.eus/entity/Q44139,https://wikibase.inguma.eus/entity/statement/Q44139-4B590EC7-01AB-4792-9A0E-7FFD7F2A5FD5,654,1981,"[con A. Tovar y E. Otte], «Nuevo y más extenso texto arcaico vasco: de una carta del primer Obispo de México, Fray Juan de Zumárraga», Euskera 26 (1981), 5-14 [= SHLV II, 748-755]. → XI 67-77",https://wikibase.inguma.eus/entity/Q44838,1988-01-01T00:00:00Z,"Nuevo y más extenso texto arcaico vasco: de una carta del primer Obispo de México, Fray Juan de Zumárraga"
https://wikibase.inguma.eus/entity/Q44110,https://wikibase.inguma.eus/entity/statement/Q44110-0753DC2F-64AF-4A12-BB74-8594563746CF,686,1984,"«[Ossian Preis 1983. Koldo Mitxelena jaunaren hitzak. Traducción de las palabras del Prof. Dr. Luis Michelena]», Stiftung FVS zu Hamburg, Verleihung des Ossian-Preises 1983 an Herrn Prof. Dr. Dr. h. c. Luis Michelena am 10. März 1983 in Vitoria, [Hamburg 1984], 17-23 [v. 711, 745]. → XIV 263-269",https://wikibase.inguma.eus/entity/Q32216,1987-01-01T00:00:00Z,Koldo Mitxelena jaunaren hitzak Ossian saria jasotzean
https://wikibase.inguma.eus/entity/Q44103,https://wikibase.inguma.eus/entity/statement/Q44103-3B6A97C6-B08E-4DBA-9C74-64FFAE2AC814,694,1985,"«Epílogo [y lema]»: L. Michelena, Lengua e historia, Madrid 1985, 7 y 477-487 [v. 691]. → X 555-569",https://wikibase.inguma.eus/entity/Q40385,1985-01-01T00:00:00Z,Lengua e historia
https://wikibase.inguma.eus/entity/Q44434,https://wikibase.inguma.eus/entity/statement/Q44434-A972990C-22B3-48C7-AFA1-554E54DEEE4D,700,1986,"""Lenguas y protolenguas"", Salamanca 1986, 2.ª impr. [v. 728].",https://wikibase.inguma.eus/entity/Q40166,1963-01-01T00:00:00Z,Lenguas y protolenguas
https://wikibase.inguma.eus/entity/Q44083,https://wikibase.inguma.eus/entity/statement/Q44083-C35D61BD-4A51-45BC-8AB7-7143F6C9A67B,716,1987,"«Rectificaciones y enmiendas»: L. Michelena, Palabras y textos, Vitoria 1987, 467-492 [v. 707]. → X 583-613",https://wikibase.inguma.eus/entity/Q44737,1987-01-01T00:00:00Z,Rectificaciones y enmiendas
https://wikibase.inguma.eus/entity/Q44566,https://wikibase.inguma.eus/entity/statement/Q44566-FC5BF052-E842-4945-BA54-7E6058D30C62,719,1988,"""Historia de la literatura vasca"", San Sebastián 1988 [v. 744].",https://wikibase.inguma.eus/entity/Q40130,1960-01-01T00:00:00Z,Historia de la literatura vasca
https://wikibase.inguma.eus/entity/Q44255,https://wikibase.inguma.eus/entity/statement/Q44255-2D956F54-AE8B-404D-818A-775E641C6496,724,1989,"""Apellidos vascos"", San Sebastián 1989 [v. 24, 64].",https://wikibase.inguma.eus/entity/Q40037,1953-01-01T00:00:00Z,Apellidos vascos
https://wikibase.inguma.eus/entity/Q44255,https://wikibase.inguma.eus/entity/statement/Q44255-2D956F54-AE8B-404D-818A-775E641C6496,724,1989,"""Apellidos vascos"", San Sebastián 1989 [v. 24, 64].",https://wikibase.inguma.eus/entity/Q44723,1973-01-01T00:00:00Z,Apellidos vascos
https://wikibase.inguma.eus/entity/Q44434,https://wikibase.inguma.eus/entity/statement/Q44434-3C58696D-F7AC-40F9-BA1C-5E6E5B079B86,728,1990,"""Lenguas y protolenguas"", San Sebastián 1990, 3.ª impr. [v. 700].",https://wikibase.inguma.eus/entity/Q40166,1963-01-01T00:00:00Z,Lenguas y protolenguas
https://wikibase.inguma.eus/entity/Q44400,https://wikibase.inguma.eus/entity/statement/Q44400-1CFB6474-523E-4B3F-AD7D-73A061C5290B,729,1990,"""Textos arcaicos vascos"", San Sebastián 1990, 2.ª impr.",https://wikibase.inguma.eus/entity/Q40173,1964-01-01T00:00:00Z,Textos arcaicos vascos
https://wikibase.inguma.eus/entity/Q44274,https://wikibase.inguma.eus/entity/statement/Q44274-5723354A-5902-4D6D-8BE1-AAB3F733313B,730,1990,"""Zenbait hitzaldi"", Donostia 1990, 2. inpr. [v. 626bis].",https://wikibase.inguma.eus/entity/Q40253,1972-01-01T00:00:00Z,Zenbait Hitzaldi
https://wikibase.inguma.eus/entity/Q44117,https://wikibase.inguma.eus/entity/statement/Q44117-0EABB8E5-5924-451C-A776-901500B32052,738,1996,"«Atarikoak»: I. Sarasola, Euskal hiztegia, Donostia 1996, i-xiii.",https://wikibase.inguma.eus/entity/Q40845,1988-01-01T00:00:00Z,Aurkezpena
https://wikibase.inguma.eus/entity/Q44117,https://wikibase.inguma.eus/entity/statement/Q44117-0EABB8E5-5924-451C-A776-901500B32052,738,1996,"«Atarikoak»: I. Sarasola, Euskal hiztegia, Donostia 1996, i-xiii.",https://wikibase.inguma.eus/entity/Q44031,1984-01-01T00:00:00Z,Aurkezpena
https://wikibase.inguma.eus/entity/Q44117,https://wikibase.inguma.eus/entity/statement/Q44117-0EABB8E5-5924-451C-A776-901500B32052,738,1996,"«Atarikoak»: I. Sarasola, Euskal hiztegia, Donostia 1996, i-xiii.",https://wikibase.inguma.eus/entity/Q45045,1988-01-01T00:00:00Z,Aurkezpena
https://wikibase.inguma.eus/entity/Q44068,https://wikibase.inguma.eus/entity/statement/Q44068-7B231217-D84B-40DA-9F06-9B51746AD09D,740,1998,"«Comparación y reconstrucción lingüísticas», FLV 30 (1998), 7-23.",https://wikibase.inguma.eus/entity/Q40430,1995-01-01T00:00:00Z,Problemas generales de la reconstrucción y la posición del grupo de lenguas indoeuropeas del Asia Menor
https://wikibase.inguma.eus/entity/Q44566,https://wikibase.inguma.eus/entity/statement/Q44566-3581CA9A-30BE-47B2-AA91-D3334FFBBBE5,744,"""Historia de la literatura vasca"", San Sebastián 2001 [v. 719].","""Historia de la literatura vasca"", San Sebastián 2001 [v. 719].",https://wikibase.inguma.eus/entity/Q40130,1960-01-01T00:00:00Z,Historia de la literatura vasca
https://wikibase.inguma.eus/entity/Q44110,https://wikibase.inguma.eus/entity/statement/Q44110-D1FC6341-0E0B-44ED-B95E-E4D91A05C125,745,"«Goiznabar-zantzuak (Ossian Saria hartzean)», Landazuri 11-12-13 (2005), 5-7.","«Goiznabar-zantzuak (Ossian Saria hartzean)», Landazuri 11-12-13 (2005), 5-7.",https://wikibase.inguma.eus/entity/Q32216,1987-01-01T00:00:00Z,Koldo Mitxelena jaunaren hitzak Ossian saria jasotzean
