key	oocc
Y9HHG5AF	OOCC #1
W5L399B5	OOCC #10
DQJBAUJH	OOCC #100
2WKUNQIY	OOCC #101
WD8KLE2I	OOCC #102
JNLV6S94	OOCC #103
MTLXA2L9	OOCC #104
TX284QUF	OOCC #105
KX2728HS	OOCC #106
NGCD77B3	OOCC #107
ASXB4W92	OOCC #108
MVJFIJU9	OOCC #109
IZ44867G	OOCC #11
2VUZ57NS	OOCC #110
LS793S23	OOCC #111
NG9RXXVK	OOCC #112
JGT8VRYZ	OOCC #113
N3BM9ASB	OOCC #114
2REQZLC3	OOCC #115
FNRNG53H	OOCC #116
SUPJDRYZ	OOCC #117
E4AYZCY3	OOCC #118
8RPQWY48	OOCC #119
WHTA5YKX	OOCC #12
5DSFGTQI	OOCC #120
MYMMIQWU	OOCC #121
UJEPD4LM	OOCC #122
25ITHUCD	OOCC #123
UT2P3W2X	OOCC #124
WSPVA4XE	OOCC #125
MQHUA78C	OOCC #126
6EEVUUAC	OOCC #127
RDDPM6NZ	OOCC #128
XJ5PTCC4	OOCC #129
8YADIYDS	OOCC #13
JIAB5KZS	OOCC #130
YU9XHNLV	OOCC #131
U2TB86ZP	OOCC #132
4YIJ5KCY	OOCC #133
6C9KVQKB	OOCC #134
LND5MYBK	OOCC #135
INFJ5I7E	OOCC #136
FHVWM348	OOCC #137
44RD34I2	OOCC #138
W3Q65PPK	OOCC #139
LT7K3HQV	OOCC #14
UR7X5YFT	OOCC #140
N7XMCBE6	OOCC #141
7HMCVEJF	OOCC #142
HJW29KGM	OOCC #143
NAXVEIR4	OOCC #144
9IF3ZU2I	OOCC #145
U6VU8J9Q	OOCC #146
9ATMVAT5	OOCC #147
YBCZJE6D	OOCC #148
IFTQGF5B	OOCC #149
ISNVYA58	OOCC #15
3DBAG2SF	OOCC #150
Z43Y92ZB	OOCC #151
YVSDBCGJ	OOCC #152
H7T9VLGW	OOCC #153
U3773EU5	OOCC #154
72JZKX8I	OOCC #155
QHCSCHQA	OOCC #156
ML7VFXH2	OOCC #157
AWQ99KSF	OOCC #158
S6IKREJF	OOCC #159
GBBQFE2N	OOCC #16
X8V64MT2	OOCC #160
SKE3EY9M	OOCC #161
5H8AFISZ	OOCC #162
836CIK4Z	OOCC #163
EQYC6N9G	OOCC #164
N3SVNPZ2	OOCC #165
ZI2W9ZAK	OOCC #166
YH4BX73J	OOCC #167
NP5LTHDK	OOCC #168
EABQDEX6	OOCC #169
6KNAHCT5	OOCC #17
9RQGQNE3	OOCC #170
4VR6MZA6	OOCC #171
CL77NUIK	OOCC #173
KRXCV8XF	OOCC #174
TCLP54VR	OOCC #175
IMEX5WU7	OOCC #176
TQ2P3KRR	OOCC #177
CLZUVAE6	OOCC #178
PIL7QP6N	OOCC #179
LPZNWRGI	OOCC #18
3AVP2KMU	OOCC #180
B9FEN32R	OOCC #181
GWECUC2K	OOCC #182
HT9BWSIQ	OOCC #184
IX6WV2BR	OOCC #185
SAMWLLVF	OOCC #186
2LJTX69E	OOCC #187
TEUBP9M8	OOCC #188
LSY2NJPP	OOCC #189
RLBPYBJP	OOCC #19
EJF2IE8Z	OOCC #190
C78AZKZD	OOCC #191
C8HFSAXN	OOCC #192
Q7JJJEK3	OOCC #193
U3ZPWD8E	OOCC #194
2J52SCAP	OOCC #196
SIAD8GL6	OOCC #197
SEK26ZSM	OOCC #198
FYN28Y43	OOCC #199
8KTX89GK	OOCC #2
TJ43EUZ7	OOCC #20
AE763BTG	OOCC #200
U2SRJFWQ	OOCC #201
XDPS5LYU	OOCC #202
7K7HEM73	OOCC #203
MW4ZNKH8	OOCC #204
Z7W69CEZ	OOCC #205
E9JPCDK8	OOCC #206
T25J9YYL	OOCC #207
T738QBCE	OOCC #208
UITDT2YU	OOCC #209
N9U46N93	OOCC #21
8B7U6MC8	OOCC #210
2M8K3VEE	OOCC #211
GJNSGKXY	OOCC #212
LRSPGANY	OOCC #213
XBTB92HX	OOCC #214
75U73PS8	OOCC #215
CDPS68DI	OOCC #216
JPPW9WYI	OOCC #217
PUFMNZ63	OOCC #218
F8GNEUQX	OOCC #219
CMAATXCI	OOCC #22
SUJTSCU5	OOCC #220
SR3ZE5TM	OOCC #221
7VGMQWCX	OOCC #222
T8PLCXG2	OOCC #223
9GJMTLSA	OOCC #224
F5KW9GW4	OOCC #225
NULMDRBQ	OOCC #226
8DP8VN25	OOCC #227
DTN8YR6C	OOCC #228
4WCWBUBH	OOCC #229
6N2VBUNJ	OOCC #23
QMRKPURF	OOCC #230
76AAHVTI	OOCC #231
T88FEHLX	OOCC #232
8X5VHCG4	OOCC #233
9V7BJS6Z	OOCC #234
XDH8TUDS	OOCC #235
59DKE2A7	OOCC #236
9LK25WXH	OOCC #237
X4KLSU86	OOCC #238
L53EQGFQ	OOCC #239
RBV6PLAF	OOCC #240
7XUTL5FL	OOCC #241
UW3RRIY8	OOCC #242
MMS62I9D	OOCC #243
BXD92QSQ	OOCC #244
ZVHGQPQS	OOCC #245
KLHX847V	OOCC #246
8826ZJ4Z	OOCC #247
GDI9MP29	OOCC #248
VD7CQ3RX	OOCC #249
ZZDCSEPA	OOCC #25
H68L3DPB	OOCC #250
KLHTEQSZ	OOCC #252
NM3A2BSX	OOCC #253
CV6CPR9F	OOCC #254
Y9FBSGKQ	OOCC #256
JB642V4M	OOCC #257
J36HABPB	OOCC #258
PM2RGWP8	OOCC #259
EKF29ZF5	OOCC #26
BD9MM46Q	OOCC #260
X39KMCHR	OOCC #261
AFB4CQUI	OOCC #262
SK7ZFW2J	OOCC #263
27P9NJ7X	OOCC #264
UWEI8DHJ	OOCC #265
7JP2266N	OOCC #266
EH672RLN	OOCC #267
CEK5NDHT	OOCC #268
2Z5D32LJ	OOCC #269
PE859IJH	OOCC #27
3RGMUT56	OOCC #270
YY62UAX2	OOCC #271
9B8IY73Q	OOCC #272
KRND2LWZ	OOCC #273
JLSCBSYS	OOCC #274
PJNKNQTH	OOCC #275
CQV5APNP	OOCC #276
Y3I2GC4U	OOCC #277
77TK7CDB	OOCC #278
HABVKDR4	OOCC #28
VYQWQAPY	OOCC #280
E6JE8IV3	OOCC #281
SH63BCHY	OOCC #282
6ZE33H9U	OOCC #283
PVWGMK4E	OOCC #284
9PFFFDG8	OOCC #285
L6I9WLLT	OOCC #286
WWC7E9LX	OOCC #287
KYJ5P9VF	OOCC #288
4BE95V4Q	OOCC #289
E6SQQ3PT	OOCC #29
UBIJVU9F	OOCC #290
ZD66V9EQ	OOCC #291
NBEWGY3R	OOCC #292
VHIHT3XB	OOCC #293
X2QDSTDH	OOCC #294
KE5G9XUD	OOCC #295
WH6YBVC6	OOCC #296
D6W9IWQE	OOCC #297
C6II8AAP	OOCC #298
NHPXGQRK	OOCC #299
T8QRYCZT	OOCC #3
XP8U8GNU	OOCC #30
9W4SMDIK	OOCC #300
FKWS4T87	OOCC #301
HBDV2QYX	OOCC #302
UUWJR24P	OOCC #303
EHALX3B5	OOCC #304
CNFELHRU	OOCC #305
GQUUM3LW	OOCC #306
HHM5LPP3	OOCC #307
8XMZ6QEP	OOCC #308
KUJQVBQG	OOCC #309
K63PXF5S	OOCC #31
XB4XSQ7B	OOCC #310
A6IBLNU8	OOCC #311
UN68NQJG	OOCC #312
V69YB9LG	OOCC #313
3NN2BFCD	OOCC #314
RSURTTJW	OOCC #315
S5YAUBH7	OOCC #316
BKIEF5JY	OOCC #317
J8DTKJJE	OOCC #318
SCLCIG3T	OOCC #319
X9NKNISX	OOCC #32
7VXQZP4S	OOCC #320
2UV9A72S	OOCC #322
98FTWR5Y	OOCC #323
IBPHMU4S	OOCC #324
I3LL2ZFY	OOCC #325
MS8AS83V	OOCC #326
FKE8MCRS	OOCC #327
T4U26T8P	OOCC #328
K7ESL728	OOCC #329
7Z5BQ3NX	OOCC #33
LEVEBZ8N	OOCC #330
HZF7LH4D	OOCC #331
P2HJGZ68	OOCC #332
VRMF2K9U	OOCC #333
49CEKMTJ	OOCC #334
BJYI9KR8	OOCC #335
ILVNX9FD	OOCC #336
58AUAQNC	OOCC #337
A9AVM54I	OOCC #338
YBSUGY9G	OOCC #339
D8HU52U2	OOCC #34
9TZE633K	OOCC #340
UDD3X3RG	OOCC #341
MJP3LKCM	OOCC #342
HUKGC75B	OOCC #343
HQ4VKAGX	OOCC #344
AIMSXGCE	OOCC #345
4YMEMMU7	OOCC #346
QJ4TAEV7	OOCC #347
8JY4GCDI	OOCC #348
44GK995C	OOCC #349
K9VM8QRW	OOCC #35
45564MR6	OOCC #350
K795C8X4	OOCC #351
A7VQ6IJN	OOCC #352
IJUFSR23	OOCC #353
VH387TUY	OOCC #354
LMW55MLR	OOCC #355
SHLFHPP5	OOCC #356
T62FLR38	OOCC #357
YWGTD3V5	OOCC #358
RRKGCGQY	OOCC #359
QWM7RP2F	OOCC #36
GHG9EYEH	OOCC #360
XJGK3X2Z	OOCC #361
WH8PHPFJ	OOCC #362
HBWZQEYL	OOCC #363
PVJ3YCSX	OOCC #364
5ID4TDCL	OOCC #365
KBYKP9EZ	OOCC #366
5DZZARLI	OOCC #367
I765PJF8	OOCC #368
HFK2KYVY	OOCC #369
SJAJW3PX	OOCC #37
4FXUK5ZX	OOCC #370
R4WBMDK2	OOCC #371
6QRN6QH5	OOCC #372
D6BJFVK6	OOCC #373
V7KY254M	OOCC #374
3G5WKLVL	OOCC #375
6WNQ9EJD	OOCC #376
EZXSYQ97	OOCC #377
BC22U7QA	OOCC #378
I5QYKBSF	OOCC #379
8UGG8IUF	OOCC #38
DDEHTJVA	OOCC #380
C72V6J8Q	OOCC #381
73C67FQC	OOCC #382
S4VH35IP	OOCC #383
J43MRMYF	OOCC #384
HDCSHXBB	OOCC #385
EUXR6FWC	OOCC #386
NZJWHWX6	OOCC #387
RX9AGRHV	OOCC #388
JA8J6K4Y	OOCC #389
I5M2BJUI	OOCC #39
WYFEPAUD	OOCC #390
E2PA7ZCU	OOCC #391
22FC8XU5	OOCC #392
BKXIFGTA	OOCC #393
FT7CMTRP	OOCC #394
59R7GI6W	OOCC #395
LFPRWK8N	OOCC #396
UMQV6G85	OOCC #397
5Z2I82VN	OOCC #398
PSPJQESA	OOCC #399
XEZXR9DJ	OOCC #4
B2VS2V9N	OOCC #40
LC79Q9RF	OOCC #400
DWVA7ZZ4	OOCC #401
YD5TG8XS	OOCC #402
PPW4WTTG	OOCC #403
KNKZIIL5	OOCC #404
3R2BF9UI	OOCC #405
W3EXZHNZ	OOCC #406
UM93FEPW	OOCC #407
UISFME27	OOCC #408
7QZT5V5C	OOCC #409
J8JJIRM2	OOCC #41
AIA56GWK	OOCC #410
HMEECH4J	OOCC #411
7DHRJ3ES	OOCC #412
QC6XG8WQ	OOCC #413
KBMYX3E7	OOCC #414
3VK5NZ8G	OOCC #415
8UGQCL2H	OOCC #416
FX25NYCR	OOCC #417
EMB98SP4	OOCC #418
L9IQ5EGE	OOCC #419
95FHHSHW	OOCC #42
KNT3B3JT	OOCC #420
LH9JQ3RM	OOCC #421
UKIQJK92	OOCC #422
SY6DFT7I	OOCC #423
6JDFF7YB	OOCC #424
A6BCNJW5	OOCC #425
GQKKURB7	OOCC #426
MKUEKAMA	OOCC #427
KVK9AGLM	OOCC #428
XIE59BXX	OOCC #429
3FNIG3L8	OOCC #43
GLHBVPQ5	OOCC #430
GYER3NWY	OOCC #431
HGFRWEN8	OOCC #432
43HWNQXB	OOCC #433
S2BFDWDR	OOCC #434
5FT97BME	OOCC #435
XWBBHKIT	OOCC #436
BC9BIMNM	OOCC #437
H8IXJVFH	OOCC #438
GJEHK42R	OOCC #439
W4X3N7K3	OOCC #44
EIE3L4GV	OOCC #440
QSJEQ6QV	OOCC #441
FTIPZMIN	OOCC #442
RHAARQA7	OOCC #443
XRCR8VVX	OOCC #444
S4ZNGVSI	OOCC #445
BC2J5WZ3	OOCC #446
RKSSEXT3	OOCC #447
3GHA87NC	OOCC #448
K3UJ9CC6	OOCC #449
PL8NM4BN	OOCC #45
QH6Q2EFF	OOCC #450
96N7XH7L	OOCC #451
VD3DM2VW	OOCC #452
A54XNIR2	OOCC #453
ADGWL574	OOCC #454
WGR4YBM7	OOCC #455
VU6YQGHK	OOCC #456
YLZZMAQ6	OOCC #458
IA57VPF2	OOCC #459
I3C4NI5U	OOCC #46
VAKC3AT3	OOCC #461
YN346FIU	OOCC #462
LS7YWC5N	OOCC #463
65EC7ACJ	OOCC #464
HE5EA6SW	OOCC #465
4VZZXNCZ	OOCC #466
LSGMASQA	OOCC #467
G7AQQEZK	OOCC #468
XHFHYSJL	OOCC #469
LA4USR9S	OOCC #47
KL8Z2YLM	OOCC #470
AWGUV37R	OOCC #471
3VZTTS7U	OOCC #472
3GIFMW8Q	OOCC #473
ZUD9E3TD	OOCC #474
TIG2KVU8	OOCC #475
MDXTI9LC	OOCC #476
GL6NMMF5	OOCC #477
M4K92P9I	OOCC #48
YM3VN5MH	OOCC #480
4IEPYAR6	OOCC #481
VILT6I2T	OOCC #482
QFUEEVTD	OOCC #483
NNRXWR2X	OOCC #484
DU2PKMUS	OOCC #485
KDESUIFE	OOCC #486
ZUU6R7Z3	OOCC #487
IE77GD3N	OOCC #489
TNIXGUCT	OOCC #49
87AB5PRI	OOCC #491
MAAEG59R	OOCC #492
UW2WJXUQ	OOCC #493
PBBWQR5V	OOCC #494
EMES4Q9V	OOCC #495
MD8T2WQT	OOCC #496
CS3TGNGR	OOCC #497
59H2XIIZ	OOCC #498
A5TGKSBL	OOCC #499
2VXRI7PJ	OOCC #5
JIBUA5YR	OOCC #50
CBX4EDV3	OOCC #500
36MYV5AV	OOCC #501
NFTXLYFV	OOCC #502
TY9G3X6Y	OOCC #503
7N9SZECA	OOCC #504
5GKXY922	OOCC #505
D2LIPMP7	OOCC #506
GHWLSPPR	OOCC #507
M9C797GN	OOCC #508
W8LEP5TT	OOCC #509
63Q5XW7I	OOCC #51
VV9J8P2E	OOCC #510
SLS65T98	OOCC #511
P889VIVZ	OOCC #512
QNDETF4N	OOCC #514
9BQCCM3T	OOCC #515
CF55VGTP	OOCC #516
M2W3PYIR	OOCC #517
YRBU7M6K	OOCC #518
QS5ALG85	OOCC #519
LWLUS2HC	OOCC #52
AKQXAKY6	OOCC #520
H6X7VZZL	OOCC #521
CD8U2LWI	OOCC #522
CGZ9D4ZT	OOCC #523
BLH8J4VE	OOCC #524
W6TG8TS5	OOCC #525
Y5WG2BNB	OOCC #526
FMTHDJ3B	OOCC #527
E2WVQMRK	OOCC #529
BA78SG7F	OOCC #53
95967G2D	OOCC #530
IIG3GYPI	OOCC #531
5DF39AC9	OOCC #532
VFZI4YIV	OOCC #533
T9RBFH7X	OOCC #534
IHZLVTTC	OOCC #535
6DZFD8Y2	OOCC #536
X3CML3J5	OOCC #537
73QZJN4L	OOCC #538
MD2WPWJZ	OOCC #54
MABJGWI3	OOCC #542
9RLF52G8	OOCC #543
8MHV4TMN	OOCC #544
BZV6YPGC	OOCC #545
WNLY6T83	OOCC #546
LIYV35VA	OOCC #547
ELDEUJDY	OOCC #548
6F9GYS3U	OOCC #549
W6ZIDJMH	OOCC #55
4QVT8I2M	OOCC #550
BJQQWBQF	OOCC #551
ZRPCP7G8	OOCC #552
ZQHCW3EV	OOCC #554
7NVV2N6A	OOCC #555
M2THBDJW	OOCC #556
QIM9MPB6	OOCC #557
8N4IS9J7	OOCC #558
7UAQVJXE	OOCC #559
FRC5P36G	OOCC #56
IBLSCKIM	OOCC #560
NRFCEDL4	OOCC #561
547BHJHP	OOCC #562
VR7638RA	OOCC #564
M3VJPLGN	OOCC #565
RGLKG6K5	OOCC #566
KTY9ZB3E	OOCC #567
98LBZ4R7	OOCC #569
X34S2CXS	OOCC #57
HYKWRGKP	OOCC #570
2MUCQB5F	OOCC #571
6Q3IAHCB	OOCC #572
QV84H7WT	OOCC #573
3K7UW47G	OOCC #574
YD4C27RS	OOCC #577
T6NFASRZ	OOCC #578
E59DLCTR	OOCC #579
ZRS8JFJM	OOCC #58
HCUN4D7A	OOCC #580
MK9ZTEX2	OOCC #581
RYH8J89J	OOCC #583
2SH2GTC9	OOCC #584
ZG8LSLJ7	OOCC #585
AL4BNPPU	OOCC #586
PDFYIHMZ	OOCC #587
2YLWMSYB	OOCC #588
THMKRP99	OOCC #589
UJP6QYW3	OOCC #59
XYB7CMPD	OOCC #590
I4MXYU48	OOCC #591
YCGQPD7Y	OOCC #592
WR8XUPZT	OOCC #593
RLRATN6W	OOCC #594
XW9L879X	OOCC #595
YLC8EG5D	OOCC #596
PZS4Z5IR	OOCC #597
7M2B75HQ	OOCC #598
7QFXHGSM	OOCC #6
IGE8BKWA	OOCC #60
V8BHHZ2D	OOCC #601
988VALVU	OOCC #602
9NQZTWJA	OOCC #603
LZ24VHRN	OOCC #605
Q72IE72P	OOCC #606
BQVX6ZWM	OOCC #607
85MC3RBZ	OOCC #608
DUDKHQ7L	OOCC #609
9YEFEB26	OOCC #61
ULMNPIDI	OOCC #610
9QZMLYLC	OOCC #611
2GF4ZNE2	OOCC #612
LP23Z5RL	OOCC #613
FQ9YNEUG	OOCC #614
6UEANXNN	OOCC #615
TXC77DPT	OOCC #616
7HWJA4TV	OOCC #618
UWDSC6FD	OOCC #619
3XJBDAQP	OOCC #62
PZAUAXD7	OOCC #620
XK3YIUMX	OOCC #623
JSEAKNJA	OOCC #624
YY37C7KK	OOCC #625
NKD9MQXV	OOCC #626
2C2ITUGT	OOCC #627
WZD5BIPP	OOCC #628
5VVHRQAF	OOCC #629
DG29LRDN	OOCC #63
SP7ISL2T	OOCC #630
PUN6V3FH	OOCC #631
UMIJ7UBG	OOCC #632
QCS3GVAJ	OOCC #633
SGT39SUN	OOCC #634
3WIU4URJ	OOCC #636
VNCGWRAM	OOCC #637
QIXMGP6N	OOCC #639
L9A3SZ3H	OOCC #640
HCHA2JZB	OOCC #641
JH893C9V	OOCC #642
EMDYX9XC	OOCC #643
QNUHESC6	OOCC #644
8IKGIX5G	OOCC #646
Q8S45HTG	OOCC #647
VSHLAI7K	OOCC #648
T8AKDZSP	OOCC #649
9FPDKEMB	OOCC #65
5EEFVNQ5	OOCC #650
MJJPM7IH	OOCC #651
Q2A8V8GV	OOCC #652
CU4CN48E	OOCC #653
5LB88IXD	OOCC #654
3VMXHDL4	OOCC #655
K3GIUMSG	OOCC #656
UKGH7V5V	OOCC #659
SZ9AL3ZL	OOCC #66
DPHKP4MH	OOCC #660
A7PPW7FP	OOCC #661
FIFDASB8	OOCC #662
8L37C328	OOCC #663
REL96K3A	OOCC #664
7QTM92L5	OOCC #665
7R6VK4VU	OOCC #666
AZRRRUPF	OOCC #667
XJZFHIQ5	OOCC #669
6X7HLK7F	OOCC #67
9NY6NFKF	OOCC #670
HKCLXHV5	OOCC #671
MGSMJ4Q8	OOCC #673
GS7R9NFG	OOCC #674
HU6AFXTJ	OOCC #675
9UD9IYIA	OOCC #676
6ZFB6CCJ	OOCC #677
GBG9VAEU	OOCC #678
JH3G9DSY	OOCC #679
JNQBX949	OOCC #68
TKS9JKSY	OOCC #680
VP5C3QX7	OOCC #681
S2YV2BTR	OOCC #684
4MQLMJAW	OOCC #685
9YFAP53V	OOCC #686
Y5596VNZ	OOCC #687
QQZ95TNS	OOCC #688
3ZGLANLT	OOCC #689
NPZJVWN2	OOCC #69
CL2LN8HU	OOCC #692
NH5EEU8R	OOCC #693
XMRGQCMQ	OOCC #694
M38FHESK	OOCC #695
6DKSZ3GK	OOCC #696
4XSHLKP4	OOCC #697
A9F84SFW	OOCC #698
4HRBL4CH	OOCC #699
6XIK7H8W	OOCC #7
S4R82R8R	OOCC #70
XZFHYC83	OOCC #701
AA88WBST	OOCC #702
FYN2AZWX	OOCC #703
UWH6PXFM	OOCC #704
5T2IZ9RZ	OOCC #705
6Q7RQIUQ	OOCC #708
WUSKXWS8	OOCC #709
RZ8GR4UE	OOCC #71
P57GPIH5	OOCC #710
9LQVRXI6	OOCC #712
BE89FBVG	OOCC #713
LV8RFJFJ	OOCC #715
ISPAKLD7	OOCC #716
ZIKKE74Q	OOCC #717
3N7M6ACE	OOCC #72
BNDNY8VX	OOCC #721
NX2IDBTX	OOCC #722
ASD6ACHQ	OOCC #723
LJIBBAMI	OOCC #725
7NNUXES8	OOCC #726
KIYTBVLL	OOCC #73
DPMBEE66	OOCC #731
SRZPAAYA	OOCC #732
H9EUFGYH	OOCC #733
RCLVJ48X	OOCC #734
8S7BI8A4	OOCC #735
7DDK69KM	OOCC #736
U2B2LNBC	OOCC #737
WTG3M4VH	OOCC #74
AUQMQ8M2	OOCC #75
MRGCSL4Q	OOCC #76
TXP4ZZ3G	OOCC #77
TF9K7EU3	OOCC #78
YXZBZVSK	OOCC #8
M689S8BL	OOCC #80
5VKE255K	OOCC #81
9V933ZBN	OOCC #82
XSKTJQHN	OOCC #83
ZRWX826Z	OOCC #84
R9KUT9VS	OOCC #85
HC8DQELA	OOCC #86
V4KFG5LC	OOCC #87
2ZPT3J43	OOCC #88
9NNQXU6K	OOCC #89
WYAQ5GZI	OOCC #9
4BIIMVX4	OOCC #90
PFMKRN88	OOCC #91
BXK4TCLK	OOCC #92
KLXLE6Q3	OOCC #93
6NBTZ3LZ	OOCC #94
C9BMJL86	OOCC #95
L89Y4B4H	OOCC #96
PHFK95KS	OOCC #97
QG87BF4E	OOCC #98
N7KWHAHW	OOCC #99
