zbk,Gazteleraz,Gazteleraz 2,Wikidata 2,Wikidata,Euskaraz,Euskaraz 2,kale mota
4698,LA HAYA,La Haya,Q36600,Q36600,HAGA KALEA,HAGA KALEA,CALLE
1920,LA IGLESIA,LA IGLESIA,,,ELIZA KALEA,ELIZA KALEA,CALLE
4768,"LA ILIADA, PASEO DE",Ilíada,Q8275,Q8275,ILIADA  IBILBIDEA,ILIADA  IBILBIDEA,PASEO
4710,"LA ILUSTRACION, AVENIDA DE",LA ILUSTRACION,,,ILUSTRAZIOAREN HIRIBIDEA,ILUSTRAZIOAREN HIRIBIDEA,AVENIDA
4941,"LA LARRA, PASEO DE",LA LARRA,,,LARRA IBILBIDEA,LARRA IBILBIDEA,PASEO
2150,LA LIBERTAD,LA LIBERTAD,,,ASKATASUN KALEA,ASKATASUN KALEA,CALLE
4662,"LA LIBERTAD , JARDINES DE",LA LIBERTAD,,,ASKATASUNAREN LORATEGIA,ASKATASUNAREN LORATEGIA,JARDIN
4984,"LA MEMORIA, PLAZA DE",LA MEMORIA,,,MEMORIAREN PLAZA,MEMORIAREN PLAZA,PLAZA
4700,"LA MUSICA, PASEO DE",LA MUSICA,,,MUSIKAREN IBILBIDEA,MUSIKAREN IBILBIDEA,PASEO
2160,LA PALOMA,LA PALOMA,,,LA PALOMA KALEA,LA PALOMA KALEA,CALLE
3000,LA PAZ,LA PAZ,,,BAKE KALEA,BAKE KALEA,CALLE
2170,LA PEÑA,LA PEÑA,,,HAITZ KALEA,HAITZ KALEA,CALLE
2180,LA PRESA,LA PRESA,,,PRESA KALEA,PRESA KALEA,CALLE
3200,"LA PROVINCIA, PLAZA DE",LA PROVINCIA,,,PROBINTZIA PLAZA,PROBINTZIA PLAZA,PLAZA
2190,LA RIBERA,LA RIBERA,,,IBAIALDE KALEA,IBAIALDE KALEA,CALLE
4508,LA SALCEDA,La Salceda,Q95621137,,SALCEDA KALEA,SALCEDA KALEA,CALLE
3840,"LA SENDA, PASEO DE",LA SENDA,,,SENDA IBILBIDEA,SENDA IBILBIDEA,PASEO
3920,"LA SOLEDAD, CANTON DE",LA SOLEDAD,,,BAKARDADE KANTOIA,BAKARDADE KANTOIA,CANTON
4750,"LA UNESCO , PASEO DE",UNESCO,Q7809,,UNESCOREN IBILBIDEA,UNESCOREN IBILBIDEA,PASEO
4716,"LA UNICEF , PASEO DE",UNICEF,Q740308,,UNICEFEN IBILBIDEA,UNICEFEN IBILBIDEA,PASEO
4682,"LA UNION , PLAZA DE",LA UNION,,,EUROPAR BATASUNAREN PLAZA,EUROPAR BATASUNAREN PLAZA,PLAZA
2490,"LA UNIVERSIDAD, PASEO DE",LA UNIVERSIDAD,,,UNIBERTSITATEKO IBILBIDEA,UNIBERTSITATEKO IBILBIDEA,PASEO
4745,LA VALLETTA,La Valeta,Q23800,Q23800,VALLETTA KALEA,VALLETTA KALEA,CALLE
4320,"LA ZUMAQUERA, PASEO DE",paseo de la Zumaquera,Q108202788,Q108202788,ZUMAKADI IBILBIDEA,ZUMAKADI IBILBIDEA,PASEO
4330,"LA ZUMAQUERA, PLAZUELA DE",plaza de la Zumaquera,Q118603646,Q118603646,ZUMAKADI PLAZATXOA,ZUMAKADI PLAZATXOA,PLAZUELA
4760,LABASTIDA,Labastida,Q1155351,Q1155351,BASTIDA KALEA,BASTIDA KALEA,CALLE
4798,"LABRAZA, PASEO DE",Labraza,Q2600549,Q2600549,LABRAZA IBILBIDEA,LABRAZA IBILBIDEA,PASEO
2127,LAKUABURUA,LAKUABURUA,,,LAKUABURUA KALEA,LAKUABURUA KALEA,CALLE
4667,LANBARRIA,LANBARRIA,,,LANBARRI KALEA,LANBARRI KALEA,CALLE
4782,LANCIEGO,Lanciego,Q1443959,Q1443959,LANTZIEGO KALEA,LANTZIEGO KALEA,CALLE
4945,LANDA,LANDA,,,LANDA KALEA,LANDA KALEA,CALLE
2192,LANDABERDE,calle de Landaberde,Q123379036,Q123379036,LANDABERDE KALEA,LANDABERDE KALEA,CALLE
4611,LANDABIÑA,LANDABIÑA,,,LANDABIÑA KALEA,LANDABIÑA KALEA,CALLE
2152,LANDALUZEA,LANDALUZEA,,,LANDALUZEA KALEA,LANDALUZEA KALEA,CALLE
4816,LAPUEBLA DE LABARCA,Lapuebla de Labarca,Q1445242,Q1445242,LAPUEBLA DE LABARCA KALEA,LAPUEBLA DE LABARCA KALEA,CALLE
4581,LAPURDI,Labort,Q671023,Q671023,LAPURDI KALEA,LAPURDI KALEA,CALLE
2194,LARRABAZTERRA,LARRABAZTERRA,,,LARRABAZTERRA KALEA,LARRABAZTERRA KALEA,CALLE
2200,LARRAGANA,LARRAGANA,,,LARRAGANA KALEA,LARRAGANA KALEA,CALLE
4918,LARRANGOITI,LARRANGOITI,,Q12261919,LARRANGOITI KALEA,LARRANGOITI KALEA,CALLE
4894,LARREA,Larrea,Q2743345,,LARREA KALEA,LARREA KALEA,CALLE
4503,LARRIMBE,Larrimbe,Q3218002,Q3218002,LARRINBE KALEA,LARRINBE KALEA,CALLE
4935,LARRINPEA,LARRINPEA,,,LARRINPEA KALEA,LARRINPEA KALEA,CALLE
4947,LARRINTZAR,Marieta-Larrínzar,Q21051978,,LARRINTZAR KALEA,LARRINTZAR KALEA,CALLE
2210,LAS ACACIAS,LAS ACACIAS,,,AKAZIA KALEA,AKAZIA KALEA,CALLE
2212,"LAS ANTILLAS, PASAJE",Antillas,Q166131,Q166131,ANTILLETAKO PASABIDEA,ANTILLETAKO PASABIDEA,PASAJE
4624,LAS ARENAS,LAS ARENAS,,,AREATZA KALEA,AREATZA KALEA,CALLE
4957,LAS CALLEJAS,LAS CALLEJAS,,,LAS CALLEJAS KALEA,LAS CALLEJAS KALEA,CALLE
715,LAS CALZADAS,LAS CALZADAS,,Q20256995,GALTZADA KALEA,GALTZADA KALEA,CALLE
820,"LAS CARNICERIAS, CANTON DE",LAS CARNICERIAS,,,HARATEGI KANTOIA,HARATEGI KANTOIA,CANTON
1470,LAS ESCUELAS,LAS ESCUELAS,,,ESKOLA KALEA,ESKOLA KALEA,CALLE
4992,"LAS NAIPERAS, PLAZA/ EMAKUME KARTAGILEEN PLAZA",LAS NAIPERAS,,,EMAKUME KARTAGILEEN PLAZA,EMAKUME KARTAGILEEN PLAZA,PLAZA
4762,LAS NEVERAS,LAS NEVERAS,,,NEBERA KALEA,NEBERA KALEA,CALLE
3210,"LAS PROVINCIAS VASCONGADAS, PLAZA DE",plaza de las Provincias Vascongadas,Q118662359,,HIRU PROBINTZIEN PLAZA,HIRU PROBINTZIEN PLAZA,PLAZA
4675,LAS ROTURAS,calle de las Roturas,Q123469036,,LAS ROTURAS KALEA,LAS ROTURAS KALEA,CALLE
2230,LAS TRIANAS,calle de las Trianas,Q118601749,,TRIANA KALEA,TRIANA KALEA,CALLE
6470,LASARTE,Lasarte,Q627647,,LASARTE,LASARTE,ENTIDAD
2229,LASCARAY,calle de Lascaray,Q118274605,,LASKARAI KALEA,LASKARAI KALEA,CALLE
4808,LASERNA,Laserna,Q3218292,,SERNA KALEA,SERNA KALEA,CALLE
3115,"LAUBIDEA, PLAZUELA DE",LAUBIDEA,,,LAUBIDEA PLAZATXOA,LAUBIDEA PLAZATXOA,PLAZUELA
4757,LECH WALESA,Lech Wałęsa,Q444,,LECH WALESA KALEA,LECH WALESA KALEA,CALLE
6480,LEGARDA,Legarda,Q623433,,LEGARDA,LEGARDA,ENTIDAD
4704,LEGAZPI,LEGAZPI,,,LEGAZPI KALEA,LEGAZPI KALEA,CALLE
2235,LEGUNBE,Legunbe,Q12262068,Q12262068,LEGUNBE KALEA,LEGUNBE KALEA,CALLE
485,LEHENDAKARI AGUIRRE,calle del Lehendakari Aguirre,Q115474899,,AGIRRE LEHENDAKARIAREN KALEA,AGIRRE LEHENDAKARIAREN KALEA,CALLE
2240,LEON,LEON,,,LEON KALEA,LEON KALEA,CALLE
4526,LEONARDO DA VINCI,Leonardo da Vinci,Q762,,LEONARDO DA VINCI KALEA,LEONARDO DA VINCI KALEA,CALLE
2250,LEONCIO GARNIER,LEONCIO GARNIER,,,LEONCE GARNIER KALEA,LEONCE GARNIER KALEA,CALLE
6490,LERMANDA,Lermanda,Q627172,,LERMANDA,LERMANDA,ENTIDAD
2255,LERMANDABIDEA,LERMANDABIDEA,,,LERMANDABIDEA,LERMANDABIDEA,CALLE
4810,LEZA,LEZA,,,LEZA KALEA,LEZA KALEA,CALLE
2260,LIMA,Lima,Q2868,,LIMA KALEA,LIMA KALEA,CALLE
4688,LISBOA,Lisboa,Q597,,LISBOA KALEA,LISBOA KALEA,CALLE
4600,LLEIDA,LLEIDA,,,LLEIDA KALEA,LLEIDA KALEA,CALLE
2270,"LLODIO, PLAZA",LLODIO,,,LAUDIO PLAZA,LAUDIO PLAZA,PLAZA
2280,LOGROÑO,LOGROÑO,,,LOGROÑO KALEA,LOGROÑO KALEA,CALLE
4689,"LONDRES ,AVENIDA DE",LONDRES,,,LONDRES HIRIBIDEA,LONDRES HIRIBIDEA,AVENIDA
2290,LOPE DE LARREA,Lope de Larrea,Q9023681,Q9023681,LOPE DE LARREA KALEA,LOPE DE LARREA KALEA,CALLE
6500,LOPIDANA,Lopidana,Q622883,Q622883,LOPIDA,LOPIDA,ENTIDAD
2300,LORENZO PRESTAMERO,Lorenzo Prestamero,Q2841379,Q2841379,LORENZO PRESTAMERO KALEA,LORENZO PRESTAMERO KALEA,CALLE
2305,LORETO DE ARRIOLA,Loreto de Arriola,Q123490868,Q123490868,LORETO ARRIOLA KALEA,LORETO ARRIOLA KALEA,CALLE
4574,LOS APRAIZ,LOS APRAIZ,,,APRAIZTARREN KALEA,APRAIZTARREN KALEA,CALLE
4748,LOS ARAMBURU,calle de los Arámburu,Q118601757,,ARANBURUTARREN KALEA,ARANBURUTARREN KALEA,CALLE
370,"LOS ARQUILLOS, ESCALERAS DE",Los Arquillos,Q596464,,ARKUPEKO ESKAILERAK,ARKUPEKO ESKAILERAK,ESCALERA
380,"LOS ARQUILLOS, PASEO DE",Los Arquillos,Q596464,,ARKUPEKO IBILBIDEA,ARKUPEKO IBILBIDEA,PASEO
435,LOS ASTRONOMOS,calle de los Astrónomos,Q55841426,,ASTRONOMO KALEA,ASTRONOMO KALEA,CALLE
4570,LOS BUESA,LOS BUESA,,,BUESATARREN KALEA,BUESATARREN KALEA,CALLE
3850,"LOS CANONIGOS, SENDA DE",LOS CANONIGOS,,,KALONJEEN ZIDORRA,KALONJEEN ZIDORRA,SENDA
4717,"LOS DERECHOS HUMANOS, AVENIDA DE",LOS DERECHOS HUMANOS,,,GIZA ESKUBIDEEN HIRIBIDEA,GIZA ESKUBIDEEN HIRIBIDEA,AVENIDA
3855,"LOS DONANTES DE SANGRE, SENDA DE",LOS DONANTES DE SANGRE,,,ODOL EMAILEEN ZIDORRA,ODOL EMAILEEN ZIDORRA,SENDA
2306,"LOS ECHANOVE, SENDA DE",senda de los Echánove,Q123469046,,ETXANOBETARREN ZIDORRA,ETXANOBETARREN ZIDORRA,SENDA
2308,"LOS GOROS, PLAZUELA DE",LOS GOROS,,,GORO PLAZATXOA,GORO PLAZATXOA,PLAZUELA
2310,LOS HERRAN,calle de los Herrán,Q115345696,Q115345696,HERRANDARREN KALEA,HERRANDARREN KALEA,CALLE
2320,"LOS HUETOS, AVENIDA DE",Los Huetos,Q11689543,Q11689543,OTO HIRIBIDEA,OTO HIRIBIDEA,AVENIDA
4847,"LOS HUMEDALES, PASEO DE",LOS HUMEDALES,,,HEZEGUNEEN IBILBIDEA,HEZEGUNEEN IBILBIDEA,PASEO
2330,LOS ISUNZA,calle de los Isunza,Q123434585,Q123434585,ISUNTZATARREN KALEA,ISUNTZATARREN KALEA,CALLE
2335,LOS MANTELI,calle de los Manteli,Q118364477,Q118364477,MANTELITARREN KALEA,MANTELITARREN KALEA,CALLE
4791,LOS MIÑONES DE ALAVA,calle de los Miñones de Álava,Q118287682,Q118287682,ARABAKO MIÑOIEN KALEA,ARABAKO MIÑOIEN KALEA,CALLE
2340,LOS MOLINOS,LOS MOLINOS,,,ERROTA KALEA,ERROTA KALEA,CALLE
2770,"LOS NAIPES, PLAZUELA DE",plazuela de los Naipes,Q118256431,Q118256431,KARTA PLAZA,KARTA PLAZA,PLAZUELA
2350,LOS NOGALES,LOS NOGALES,,,INTXAURRONDO KALEA,INTXAURRONDO KALEA,CALLE
2360,"LOS OLMOS, AVENIDA DE",LOS OLMOS,,,ZUMARREN HIRIBIDEA,ZUMARREN HIRIBIDEA,AVENIDA
3860,"LOS PUERTOS, SENDA DE",LOS PUERTOS,,,MENDATEEN ZIDORRA,MENDATEEN ZIDORRA,SENDA
2370,LOS SAEZ DE QUEJANA,calle de los Sáez de Quejana,Q118601596,Q118601596,SAEZ DE QUEJANATARREN KALEA,SAEZ DE QUEJANATARREN KALEA,CALLE
2380,LOS TILOS,LOS TILOS,,,EZKI KALEA,EZKI KALEA,CALLE
4931,"LOS TREVIÑESES, AVENIDA DE",LOS TREVIÑESES,,,TREBIÑUBIDE HIRIBIDEA,TREBIÑUBIDE HIRIBIDEA,AVENIDA
2390,"LOVAINA, PLAZA DE",Lovaina,Q574247,Q574247,LOVAINA PLAZA,LOVAINA PLAZA,PLAZA
4743,LUBIANA,Liubliana,Q437,Q437,LJUBLJANA KALEA,LJUBLJANA KALEA,CALLE
6510,LUBIANO,Lubiano,Q616219,Q616219,LUBINAO,LUBINAO,ENTIDAD
4870,LUIS ALAVA SAUTU,LUIS ALAVA SAUTU,,,LUIS ALABA SAUTU KALEA,LUIS ALABA SAUTU KALEA,CALLE
2400,LUIS HEINTZ,LUIS HEINTZ,,,LOUIS HEINTZ KALEA,LOUIS HEINTZ KALEA,CALLE
2410,LUIS MARIA URIARTE,Luis Maria Uriarte,Q12262688,Q12262688,LUIS MARIA URIARTE KALEA,LUIS MARIA URIARTE KALEA,CALLE
4665,LUIS OLARIAGA,Luis Olariaga,Q12262696,Q12262696,LUIS  OLARIAGA KALEA,LUIS  OLARIAGA KALEA,CALLE
4507,LUKURUMENDI,LUKURUMENDI,,,LUKURUMENDI KALEA,LUKURUMENDI KALEA,CALLE
4690,LUXEMBURGO,Luxemburgo,Q1842,Q1842,LUXENBURGO KALEA,LUXENBURGO KALEA,CALLE
4607,LUZURIO,LUZURIO,,,LUZURIO KALEA,LUZURIO KALEA,CALLE
2421,"MACHETE, ESCALERAS DEL",MACHETE,,,AIHOTZ PLAZAKO ESKAILERAK,AIHOTZ PLAZAKO ESKAILERAK,ESCALERA
2420,"MACHETE, PLAZA DEL",MACHETE,,,AIHOTZ PLAZA,AIHOTZ PLAZA,PLAZA
4653,MADRE TERESA DE CALCUTA,Teresa de Calcuta,Q30547,Q30547,KALKUTAKO TERESA KALEA,KALKUTAKO TERESA KALEA,CALLE
2430,MADRE VEDRUNA,Joaquina de Vedruna,Q288442,Q288442,AMA VEDRUNA KALEA,AMA VEDRUNA KALEA,CALLE
2440,MADRID,Madrid,Q2807,Q2807,MADRIL KALEA,MADRIL KALEA,CALLE
2450,MAGDALENA,MAGDALENA,,,MAGDALENA KALEA,MAGDALENA KALEA,CALLE
4724,MAHATMA GANDHI,Mahatma Gandhi,Q1001,Q1001,MAHATMA GANDHI KALEA,MAHATMA GANDHI KALEA,CALLE
4619,MAITE ZUÑIGA,Maite Zúñiga,Q457666,Q457666,MAITE ZUÑIGA KALEA,MAITE ZUÑIGA KALEA,CALLE
4943,MALIZ,MALIZ,,,MALIZ KALEA,MALIZ KALEA,CALLE
2455,MALIZHAEZA,MALIZHAEZA,,,MALIZHAEZA KALEA,MALIZHAEZA KALEA,CALLE
4587,MALTZAGA,Maltzaga,Q12262929,Q12262929,MALTZAGA KALEA,MALTZAGA KALEA,CALLE
6530,MANDOJANA,Mandojana,Q627137,Q627137,MANDOIA,MANDOIA,ENTIDAD
2460,MANUEL DIAZ DE ARCAYA,Manuel Díaz de Arcaya,Q12262969,Q12262969,MANUEL DIAZ DE ARKAIA KALEA,MANUEL DIAZ DE ARKAIA KALEA,CALLE
2470,MANUEL IRADIER,calle de Manuel Iradier,Q116140489,Q116140489,MANUEL IRADIER KALEA,MANUEL IRADIER KALEA,CALLE
4834,MAR BALTICO,Mar Báltico,Q545,Q545,ITSASO BALTIKOAREN KALEA,ITSASO BALTIKOAREN KALEA,CALLE
4838,MAR DEL NORTE,mar del Norte,Q1693,Q1693,IPAR ITSASOAREN KALEA,IPAR ITSASOAREN KALEA,CALLE
4833,MAR TIRRENO,mar Tirreno,Q38882,Q38882,TIRRENIAR ITSASOAREN KALEA,TIRRENIAR ITSASOAREN KALEA,CALLE
4989,"MARÍA CONCEPCIÓN LÓPEZ DE ARROIABE, PLAZA",Concepción López de Arróyabe y Lejarreta,Q21280585,Q21280585,"MARÍA CONCEPCIÓN LÓPEZ DE ARROIABE, PLAZA","MARÍA CONCEPCIÓN LÓPEZ DE ARROIABE, PLAZA",PLAZA
4988,"MARÍA PILAR DE ACEDO Y SARRIA, JARDINES",María del Pilar Acedo y Sarria,Q12263218,Q12263218,MARÍA PILAR DE ACEDO Y SARRIA LORATEGIA,MARÍA PILAR DE ACEDO Y SARRIA LORATEGIA,JARDIN
4986,"MARÍA SARMIENTO, PLAZA/ MARIA SARMIENTO PLAZA",María Sarmiento,Q56274166,Q56274166,MARIA SARMIENTO PLAZA,MARIA SARMIENTO PLAZA,PLAZA
6540,MARGARITA,MARGARITA,,,MARGARITA,MARGARITA,ENTIDAD
4851,MARGARITA NELKEN,Margarita Nelken,Q2817300,Q2817300,MARGARITA NELKEN KALEA,MARGARITA NELKEN KALEA,CALLE
4575,"MARIA DE MAEZTU, PARQUE",María de Maeztu,Q6761698,Q6761698,MARIA MAEZTU PARKEA,MARIA MAEZTU PARKEA,PARQUE
4867,MARIA LEJARRAGA GARCIA,María de la O Lejárraga,Q3816879,Q3816879,MARIA LEJARRAGA GARCIA KALEA,MARIA LEJARRAGA GARCIA KALEA,CALLE
4801,MARIA TERESA LEON,María Teresa León,Q2759438,Q2759438,MARIA TERESA LEON KALEA,MARIA TERESA LEON KALEA,CALLE
4872,MARIANA PINEDA MUÑOZ,Mariana Pineda,Q1158177,Q1158177,MARIANA PINEDA MUÑOZ KALEA,MARIANA PINEDA MUÑOZ KALEA,CALLE
2760,MARIANO SAN MIGUEL,Mariano San Miguel Urcelay,Q2462657,Q2462657,MARIANO SAN MIGUEL MUSIKARIAREN KALEA,MARIANO SAN MIGUEL MUSIKARIAREN KALEA,CALLE
4524,MARIE CURIE,Marie Curie,Q7186,Q7186,MARIE CURIE KALEA,MARIE CURIE KALEA,CALLE
4899,"MARIETA, PLAZA",MARIETA,,,MARIETA PLAZA,MARIETA PLAZA,PLAZA
2500,"MARQUES DE LA ALAMEDA, PLAZA DEL",plaza del Marqués de la Alameda,Q118256304,Q118256304,ALAMEDAKO MARKESAREN PLAZA,ALAMEDAKO MARKESAREN PLAZA,PLAZA
4868,MARTA MATA I GARRIGA,Marta Mata,Q3398832,Q3398832,MARTA MATA I GARRIGA KALEA,MARTA MATA I GARRIGA KALEA,CALLE
2530,"MARTIN DE SALINAS, PLAZA",MARTIN DE SALINAS,,,MARTIN SALINAS PLAZA,MARTIN SALINAS PLAZA,PLAZA
2533,MARTIN DE SARACIBAR,Martín de Saracíbar Lafuente,Q63861945,Q63861945,MARTIN SARAZIBAR KALEA,MARTIN SARAZIBAR KALEA,CALLE
4542,MARTIN FIZ,Martín Fiz,Q350862,Q350862,MARTIN FIZ KALEA,MARTIN FIZ KALEA,CALLE
4709,MARTIN LUTHER KING,Martin Luther King Jr.,Q8027,Q8027,MARTIN LUTHER KING KALEA,MARTIN LUTHER KING KALEA,CALLE
2520,MARTIN OLAVE,Martin Olave,Q16185898,Q16185898,MARTIN OLABE KALEA,MARTIN OLABE KALEA,CALLE
2535,MARTIN SUSAETA,calle de Martín Susaeta,Q123524368,Q123524368,MARTIN SUSAETA KALEA,MARTIN SUSAETA KALEA,CALLE
6550,MARTIODA,Mártioda,Q625339,Q625339,MARTIODA,MARTIODA,ENTIDAD
4778,MASPARRA,MASPARRA,,,MASPARRA KALEA,MASPARRA KALEA,CALLE
6560,MATAUKO,Matauco,Q616193,Q616193,MATAUKU,MATAUKU,ENTIDAD
2540,MATEO BENIGNO DE MORAZA,Mateo Benigno de Moraza,Q1277030,Q1277030,MATEO BENIGNO MORAZA KALEA,MATEO BENIGNO MORAZA KALEA,CALLE
4895,MATURANA,Maturana,Q3299992,Q3299992,MATURA KALEA,MATURA KALEA,CALLE
4620,"MAURICE RAVEL, JARDINES",Maurice Ravel,Q1178,Q1178,MAURICE RAVEL LORATEGIA,MAURICE RAVEL LORATEGIA,JARDIN
2550,"MAURICIO VALDIVIELSO, PLAZUELA",MAURICIO VALDIVIELSO,,,MAURICIO VALDIVIELSO PLAZATXOA,MAURICIO VALDIVIELSO PLAZATXOA,PLAZUELA
4645,"MAXIMO CASADO, JARDINES",Máximo Casado Carrera,Q109327366,Q109327366,MAXIMO CASADO LORATEGIA,MAXIMO CASADO LORATEGIA,JARDIN
2560,MAXIMO GUISASOLA,MAXIMO GUISASOLA,,,MAXIMO GISASOLA KALEA,MAXIMO GISASOLA KALEA,CALLE
4951,MAYOR,MAYOR,,,KALE NAGUSIA,KALE NAGUSIA,CALLE
3110,"MAYOR DE ABETXUKO, PLAZA",MAYOR DE ABETXUKO,,,PLAZA NAGUSIA,PLAZA NAGUSIA,PLAZA
2570,MEDICO TORNAY,calle del Médico Tornay,Q118601599,Q118601599,TORNAY MEDIKUAREN KALEA,TORNAY MEDIKUAREN KALEA,CALLE
4551,"MEDITERRANEO, AVENIDA DEL",Mediterráneo,Q4918,Q4918,MEDITERRANEOAREN HIRIBIDEA,MEDITERRANEOAREN HIRIBIDEA,AVENIDA
4878,MEKATEGI,MEKATEGI,,,MEKATEGI KALEA,MEKATEGI KALEA,CALLE
2583,MENDARO,Mendaro,Q629193,Q629193,MENDARO KALEA,MENDARO KALEA,CALLE
4506,MENDI,montaña,Q8502,Q8502,MENDI KALEA,MENDI KALEA,CALLE
4845,MENDIA,MENDIA,,,MENDIA KALEA,MENDIA KALEA,CALLE
4949,MENDIBE,Mendibil,Q58098578,Q58098578,MENDIBE KALEA,MENDIBE KALEA,CALLE
4965,"MENDIBE, PLAZA",Mendibil,Q58098578,Q58098578,MENDIBE PLAZA,MENDIBE PLAZA,PLAZA
2585,MENDIGORRITXU,MENDIGORRITXU,,,MENDIGORRITXU KALEA,MENDIGORRITXU KALEA,CALLE
4755,MENDIGULARRA,MENDIGULARRA,,,MENDIGULARRA KALEA,MENDIGULARRA KALEA,CALLE
6570,MENDIGUREN,Mendiguren,Q623410,Q623410,MENDIGUREN,MENDIGUREN,ENTIDAD
2755,MENDIKO BIDEA,MENDIKO BIDEA,,,MENDIKO BIDEA,MENDIKO BIDEA,CALLE
6580,MENDIOLA,Mendiola,Q630623,Q630623,MENDIOLA,MENDIOLA,ENTIDAD
2590,"MENDIOLA, CAMINO DE",Mendiola,Q630623,Q630623,MENDIOLABIDEA,MENDIOLABIDEA,CAMINO
4848,MENDITXO,Menditxo,Q95622718,Q95622718,MENDITXO KALEA,MENDITXO KALEA,CALLE
2597,MENDIZABALA,Mendizabala,Q12263427,Q12263427,MENDIZABALA KALEA,MENDIZABALA KALEA,CALLE
2600,MENDOZA,MENDOZA,,,MENDOZA KALEA,MENDOZA KALEA,CALLE
6585,MENDOZA,MENDOZA,,,MENDOZA,MENDOZA,ENTIDAD
2580,MEXICO,México,Q96,Q96,MEXIKO KALEA,MEXIKO KALEA,CALLE
6610,MIÑANO MENOR/MIÑAO GUTXIA,Miñano Menor,Q625469,Q625469,MIÑAOGUTXIA,MIÑAOGUTXIA,ENTIDAD
6600,MIÑAO/MIÑANO MAYOR,Miñano Mayor,Q625440,Q625440,MIÑAO,MIÑAO,ENTIDAD
2685,MICAELA PORTILLA,Micaela Portilla,Q3754076,Q3754076,MICAELA PORTILLA KALEA,MICAELA PORTILLA KALEA,CALLE
2695,"MIGUEL DE UNAMUNO, AVENIDA",Miguel de Unamuno,Q185085,,MIGUEL UNAMUNO HIRIBIDEA,MIGUEL UNAMUNO HIRIBIDEA,AVENIDA
4559,MIGUEL HERNANDEZ,Miguel Hernández,Q332088,,MIGUEL HERNANDEZ KALEA,MIGUEL HERNANDEZ KALEA,CALLE
4930,MIGUEL LATOURNEUR,Miguel Latourneur,Q123434321,Q123434321,MIGUEL LATOURNEUR KALEA,MIGUEL LATOURNEUR KALEA,CALLE
2690,MIGUEL MIEG,calle de Miguel Mieg,Q118603785,,MIGUEL MIEG KALEA,MIGUEL MIEG KALEA,CALLE
2700,"MIRADOR, PASEO DEL",MIRADOR,,,BEGIRATOKIKO IBILBIDEA,BEGIRATOKIKO IBILBIDEA,PASEO
2710,MIRANDA DE EBRO,Miranda de Ebro,Q11994,,MIRANDA DE EBRO KALEA,MIRANDA DE EBRO KALEA,CALLE
2720,MIRAVALLES,Miravalles,Q1228035,,MIRAVALLES KALEA,MIRAVALLES KALEA,CALLE
4655,MIREN MARTINEZ SAEZ DEL BURGO,MIREN MARTINEZ SAEZ DEL BURGO,,,MIREN MARTINEZ SAEZ DEL BURGO KALEA,MIREN MARTINEZ SAEZ DEL BURGO KALEA,CALLE
2751,"MOLINUEVO, PARQUE",MOLINUEVO,,,MOLINUEVO PARKEA,MOLINUEVO PARKEA,PARQUE
4536,MONASTERIO DE IRATXE,MONASTERIO DE IRATXE,,,IRATXEKO MONASTERIOAREN KALEA,IRATXEKO MONASTERIOAREN KALEA,CALLE
4567,MONASTERIO DE LEIRE,Monasterio de San Salvador de Leire,Q669194,Q669194,LEIREKO MONASTERIOAREN KALEA,LEIREKO MONASTERIOAREN KALEA,CALLE
6620,MONASTERIOGUREN,Monasterioguren,Q631024,Q631024,MONASTERIOGUREN,MONASTERIOGUREN,ENTIDAD
2730,MONDRAGON,MONDRAGON,,,ARRASATE KALEA,ARRASATE KALEA,CALLE
700,MONSEÑOR CADENA Y ELETA,calle del Monseñor Cadena y Eleta,Q118601380,,CADENA Y ELETA APEZPIKUAREN KALEA,CADENA Y ELETA APEZPIKUAREN KALEA,CALLE
2740,MONSEÑOR ESTENAGA,calle del Monseñor Estenaga,Q115345830,,ESTENAGA APEZPIKUAREN KALEA,ESTENAGA APEZPIKUAREN KALEA,CALLE
2750,MONSEÑOR MATEO MUGICA,MONSEÑOR MATEO MUGICA,,,MATEO MUXIKA APEZPIKUAREN KALEA,MATEO MUXIKA APEZPIKUAREN KALEA,CALLE
4911,MONTES DE VITORIA,montes de Vitoria,Q19862615,Q19862615,GASTEIZKO MENDIEN KALEA,GASTEIZKO MENDIEN KALEA,CALLE
4815,"MOREDA DE ALAVA, PASEO DE",Moreda de Álava,Q1442886,,MOREDA IBILBIDEA,MOREDA IBILBIDEA,PASEO
4673,MUNDIGALAY,MUNDIGALAY,,,MENDIGALAI KALEA,MENDIGALAI KALEA,CALLE
4715,"NACIONES UNIDAS, AVENIDA DE",Organización de las Naciones Unidas,Q1065,Q1065,NAZIO BATUEN HIRIBIDEA,NAZIO BATUEN HIRIBIDEA,AVENIDA
4800,NADINE GORDIMER,Nadine Gordimer,Q47619,Q47619,NADINE GORDIMER KALEA,NADINE GORDIMER KALEA,CALLE
4820,NAVARIDAS,Navaridas,Q1442870,,NAVARIDAS KALEA,NAVARIDAS KALEA,CALLE
2780,NAVARRA,Navarra,Q4018,,NAFARROA KALEA,NAFARROA KALEA,CALLE
2790,NAVARRO VILLOSLADA,Francisco Navarro Villoslada,Q3818039,,NAVARRO VILLOSLADA KALEA,NAVARRO VILLOSLADA KALEA,CALLE
4725,NELSON MANDELA,Nelson Mandela,Q8023,,NELSON MANDELA KALEA,NELSON MANDELA KALEA,CALLE
2810,NICARAGUA,Nicaragua,Q811,,NIKARAGUA KALEA,NIKARAGUA KALEA,CALLE
4744,NICOSIA,Nicosia,Q3856,,NIKOSIA KALEA,NIKOSIA KALEA,CALLE
2820,NIEVES CANO,NIEVES CANO,,Q56493104,NIEVES CANO KALEA,NIEVES CANO KALEA,CALLE
2840,"NUESTRA SEÑORA DE ESTIBALIZ, AVENIDA",avenida de Nuestra Señora de Estíbaliz,Q115403209,,ESTIBALIZKO ANDRE MARIAREN HIRIBIDEA,ESTIBALIZKO ANDRE MARIAREN HIRIBIDEA,AVENIDA
1270,"NUESTRA SEÑORA DE LOS DESAMPARADOS, PLAZA",NUESTRA SEÑORA DE LOS DESAMPARADOS,,,BABESGABETUEN ANDRE MARIAREN PLAZA,BABESGABETUEN ANDRE MARIAREN PLAZA,PLAZA
2830,NUESTRA SEÑORA DEL CABELLO,calle de Nuestra Señora del Cabello,Q115401962,,ADATSEKO ANDRE MARIAREN KALEA,ADATSEKO ANDRE MARIAREN KALEA,CALLE
2850,NUEVA DENTRO-JUDERIA,calle Nueva Dentro,Q57414285,,BARNEKALE BERRIA,BARNEKALE BERRIA,CALLE
2860,NUEVA FUERA,calle Nueva Fuera,Q57442914,,KANPOKALE BERRIA,KANPOKALE BERRIA,CALLE
2910,OÑATI,OÑATI,,,OÑATI KALEA,OÑATI KALEA,CALLE
2870,OBISPO BALLESTER,calle del Obispo Ballester,Q123501759,,BALLESTER APEZPIKUAREN KALEA,BALLESTER APEZPIKUAREN KALEA,CALLE
2880,OBISPO BIVERE,OBISPO BIVERE,,,BIVERE APEZPIKUAREN KALEA,BIVERE APEZPIKUAREN KALEA,CALLE
4730,"OBISPO RAMON FERNANDEZ DE PIEROLA, JARDINES",Ramón Fernández Piérola y Lopez de Luzuriaga,Q64735031,,RAMON FERNANDEZ DE PIEROLA APEZPIKUAREN LORATEGIA,RAMON FERNANDEZ DE PIEROLA APEZPIKUAREN LORATEGIA,JARDIN
4835,OCEANO ATLANTICO,océano Atlántico,Q97,,OZEANO ATLANTIKOAREN KALEA,OZEANO ATLANTIKOAREN KALEA,CALLE
4837,OCEANO PACIFICO,océano Pacífico,Q98,,OZEANO BAREAREN KALEA,OZEANO BAREAREN KALEA,CALLE
4608,OILAMENDI,OILAMENDI,,,OILAMENDI KALEA,OILAMENDI KALEA,CALLE
4896,OKARIZ,Okariz,Q95628894,,OKARIZ KALEA,OKARIZ KALEA,CALLE
2890,OLAGUIBEL,Justo Antonio de Olaguíbel,Q596471,Q596471,OLAGIBEL KALEA,OLAGIBEL KALEA,CALLE
4501,"OLARANBE, AVENIDA DE",Olarán,Q581313,Q581313,OLARANBE HIRIBIDEA,OLARANBE HIRIBIDEA,AVENIDA
2905,OLARIZU PARQUE,OLARIZU PARQUE,,,OLARIZUKO PARKEA,OLARIZUKO PARKEA,PARQUE
2900,"OLARIZU, AVENIDA DE",Olárizu,Q3042293,,OLARIZU HIRIBIDEA,OLARIZU HIRIBIDEA,AVENIDA
6650,OREITIA,Oreitia,Q620778,Q620778,OREITIA,OREITIA,ENTIDAD
4050,OREITIASOLO,OREITIASOLO,,,OREITIASOLO KALEA,OREITIASOLO KALEA,CALLE
4055,"OREITIASOLO, PASAJE DE",OREITIASOLO,,,OREITIASOLOKO PASABIDEA,OREITIASOLOKO PASABIDEA,PASAJE
4554,ORI,ORI,,,ORI KALEA,ORI KALEA,CALLE
4604,ORIO,ORIO,,,ORIO KALEA,ORIO KALEA,CALLE
4753,ORTUOSTE,ORTUOSTE,,Q123057522,ORTUOSTE KALEA,ORTUOSTE KALEA,CALLE
2930,OSINAGEA,OSINAGEA,,,OSINAGEA KALEA,OSINAGEA KALEA,CALLE
6670,OTAZU,Otazu,Q620776,,OTAZU,OTAZU,ENTIDAD
6430,OTOGOIEN/HUETO ARRIBA,Hueto Arriba,Q621775,Q621775,OTOGOIEN,OTOGOIEN,ENTIDAD
4714,OYON,Oyón,Q581589,,OION KALEA,OION KALEA,CALLE
2940,PABLO DE XERICA,PABLO DE XERICA,,,PABLO XERICA KALEA,PABLO XERICA KALEA,CALLE
2945,PABLO MORILLO,calle de Pablo Morillo,Q123469038,,PABLO MORILLO KALEA,PABLO MORILLO KALEA,CALLE
4583,PABLO NERUDA,Pablo Neruda,Q34189,,PABLO NERUDA KALEA,PABLO NERUDA KALEA,CALLE
4828,PABLO PICASSO,Pablo Picasso,Q5593,,PABLO PICASSO KALEA,PABLO PICASSO KALEA,CALLE
2948,PADULETA,PADULETA,,,PADULETA KALEA,PADULETA KALEA,CALLE
4616,PADURAGOIA,PADURAGOIA,,,PADURAGOIA KALEA,PADURAGOIA KALEA,CALLE
4817,"PAGANOS, PASEO DE",Páganos,Q3411468,,PAGANOS IBILBIDEA,PAGANOS IBILBIDEA,PASEO
2965,PAGOGAN,PAGOGAN,,,PAGOGAN KALEA,PAGOGAN KALEA,CALLE
2950,PALACIO,PALACIO,,,JAUREGI KALEA,JAUREGI KALEA,CALLE
2960,PALENCIA,Palencia,Q8378,,PALENTZIA KALEA,PALENTZIA KALEA,CALLE
4533,PAMPLONA-IRUÑEA,calle de Pamplona-Iruñea,Q123434587,Q10282,IRUÑEA KALEA,IRUÑEA KALEA,CALLE
2970,PANAMA,Panamá,Q804,,PANAMA KALEA,PANAMA KALEA,CALLE
2980,PARAGUAY,PARAGUAY,,,PARAGUAI KALEA,PARAGUAI KALEA,CALLE
4684,"PARIS ,AVENIDA DE",París,Q90,,PARIS HIRIBIDEA,PARIS HIRIBIDEA,AVENIDA
180,"PASCUAL DE ANDAGOYA, PLAZA",Pascual de Andagoya,Q29232,Q29232,PASCUAL ANDAGOIA PLAZA,PASCUAL ANDAGOIA PLAZA,PLAZA
2995,PAULA MONTAL,PAULA MONTAL,,Q440088,PAULA MONTAL KALEA,PAULA MONTAL KALEA,CALLE
3010,PEDRO DE ASUA,Pedro Asúa Mendía,Q18424194,Q18424194,PEDRO ASUA KALEA,PEDRO ASUA KALEA,CALLE
3020,PEDRO EGAÑA,Pedro Egaña,Q5401956,Q5401956,PEDRO EGAÑA KALEA,PEDRO EGAÑA KALEA,CALLE
3028,"PEDRO IGNACIO BARRUTIA, SENDA",Pedro Ignacio de Barrutia,Q11940705,,PEDRO IGNACIO BARRUTIA ZIDORRA,PEDRO IGNACIO BARRUTIA ZIDORRA,SENDA
3025,PEDRO ORBEA,Pedro Orbea Orbea,Q61117143,Q61117143,PEDRO ORBEA KALEA,PEDRO ORBEA KALEA,CALLE
4558,PEDRO SALINAS,Pedro Salinas,Q379789,,PEDRO SALINAS KALEA,PEDRO SALINAS KALEA,CALLE
4881,PELINGANA,PELINGANA,,,PELINGANA KALEA,PELINGANA KALEA,CALLE
3029,"PEPE UBIS, PLAZA",plaza de Pepe Ubis,Q118664999,,PEPE UBIS PLAZA,PEPE UBIS PLAZA,PLAZA
4784,"PEREGRINO, PASEO DEL",PEREGRINO,,,ERROMESEN IBILBIDEA,ERROMESEN IBILBIDEA,PASEO
4751,PERRETAGANA,PERRETAGANA,,,PERRETAGANA KALEA,PERRETAGANA KALEA,CALLE
4670,PERRETXIN,calle de Perretxin,Q123469040,,PERRETXIN KALEA,PERRETXIN KALEA,CALLE
3040,PERU,PERU,,,PERU KALEA,PERU KALEA,CALLE
3050,PINTOR ADRIAN ALDECOA,Adrián Aldecoa,Q8189871,,ADRIAN ALDEKOA MARGOLARIAREN KALEA,ADRIAN ALDEKOA MARGOLARIAREN KALEA,CALLE
3063,PINTOR ANGEL SAENZ DE UGARTE,Ángel Sáenz de Ugarte,Q65015592,,ANGEL SAENZ DE UGARTE MARGOLARIAREN KALEA,ANGEL SAENZ DE UGARTE MARGOLARIAREN KALEA,CALLE
3089,PINTOR AURELIO VERA-FAJARDO,Aurelio Vera-Fajardo Picatoste,,,AURELIO VERA-FAJARDO MARGOLARIAREN KALEA,AURELIO VERA-FAJARDO MARGOLARIAREN KALEA,CALLE
3067,PINTOR CARLOS SAEZ DE TEJADA,PINTOR CARLOS SAEZ DE TEJADA,,,CARLOS SAEZ DE TEJADA MARGOLARIAREN KALEA,CARLOS SAEZ DE TEJADA MARGOLARIAREN KALEA,CALLE
3065,PINTOR CLEMENTE ARRAIZ,Clemente Arraiz,Q113990058,,CLEMENTE ARRAIZ MARGOLARIAREN KALEA,CLEMENTE ARRAIZ MARGOLARIAREN KALEA,CALLE
3084,PINTOR GUSTAVO DE MAEZTU,calle del Pintor Gustavo Maeztu,Q118367527,,GUSTAVO MAEZTU MARGOLARIAREN KALEA,GUSTAVO MAEZTU MARGOLARIAREN KALEA,CALLE
