http://pagotxa.eus/errezeta/pa-amb-tomaquet/	"Ogi biribila, xerra loditan moztua"
http://pagotxa.eus/errezeta/pa-amb-tomaquet/	"Tomate"
http://pagotxa.eus/errezeta/pa-amb-tomaquet/	" freskoa eta umoa"
http://pagotxa.eus/errezeta/pa-amb-tomaquet/	"Oliba olioa"
http://pagotxa.eus/errezeta/pa-amb-tomaquet/	"Gatza"
http://pagotxa.eus/errezeta/gazta-krema-fruitu-gorriekin/	"Mascarpone gaztaren krema (Litro bat, hotz-hotza)"
http://pagotxa.eus/errezeta/gazta-krema-fruitu-gorriekin/	"Fruta gorri garbi eta xukatuak (4 eskukada)"
http://pagotxa.eus/errezeta/gazta-krema-fruitu-gorriekin/	"Azukre-hautsa"
http://pagotxa.eus/errezeta/txerri-saiheskia-labean/	"Txerri saiheski bat"
http://pagotxa.eus/errezeta/txerri-saiheskia-labean/	"Gatza"
http://pagotxa.eus/errezeta/txerri-saiheskia-labean/	"Piper hauts beltza"
http://pagotxa.eus/errezeta/txerri-saiheskia-labean/	"Oliba olioa"
http://pagotxa.eus/errezeta/txerri-saiheskia-labean/	"Ezkaia (Begiratu gure hiztegian"
http://pagotxa.eus/errezeta/txerri-saiheskia-labean/	", baina tomillo/thym da. Hilario Arbelaitzek, hala ere, "
http://pagotxa.eus/errezeta/txerri-saiheskia-labean/	"xarpota"
http://pagotxa.eus/errezeta/txerri-saiheskia-labean/	" esaten dio)"
http://pagotxa.eus/errezeta/txerri-saiheskia-labean/	"Ozpina koilarakada bat"
http://pagotxa.eus/errezeta/txerri-saiheskia-labean/	"Baso bete ur"
http://pagotxa.eus/errezeta/legatza-itsas-jogurtarekin/	"150 g-ko 4 legatz"
http://pagotxa.eus/errezeta/legatza-itsas-jogurtarekin/	" xerra"
http://pagotxa.eus/errezeta/legatza-itsas-jogurtarekin/	"160 g “griego” erako jogurta"
http://pagotxa.eus/errezeta/legatza-itsas-jogurtarekin/	"alga nori xafla bat (sushi rollitoak egiteko erabiltzen dena)"
http://pagotxa.eus/errezeta/legatza-itsas-jogurtarekin/	"perrexila"
http://pagotxa.eus/errezeta/legatza-itsas-jogurtarekin/	"limoi"
http://pagotxa.eus/errezeta/legatza-itsas-jogurtarekin/	" bat"
http://pagotxa.eus/errezeta/legatza-itsas-jogurtarekin/	"oliba olioa"
http://pagotxa.eus/errezeta/legatza-itsas-jogurtarekin/	"gatza"
http://pagotxa.eus/errezeta/ahuakate-indioilar-eta-fruitu-lehor-sandwich-a/	"Ahuakat"
http://pagotxa.eus/errezeta/ahuakate-indioilar-eta-fruitu-lehor-sandwich-a/	" bat"
http://pagotxa.eus/errezeta/ahuakate-indioilar-eta-fruitu-lehor-sandwich-a/	"Indioilar 2 bularki"
http://pagotxa.eus/errezeta/ahuakate-indioilar-eta-fruitu-lehor-sandwich-a/	"Limoi bat"
http://pagotxa.eus/errezeta/ahuakate-indioilar-eta-fruitu-lehor-sandwich-a/	"Laranja bat"
http://pagotxa.eus/errezeta/ahuakate-indioilar-eta-fruitu-lehor-sandwich-a/	"Soja saltsa"
http://pagotxa.eus/errezeta/ahuakate-indioilar-eta-fruitu-lehor-sandwich-a/	"Fruitu lehor 2 eskukada (nahasketa; urrak, intxaurrak, almendrak,…)"
http://pagotxa.eus/errezeta/ahuakate-indioilar-eta-fruitu-lehor-sandwich-a/	"Ezpelete piper hautsa"
http://pagotxa.eus/errezeta/ahuakate-indioilar-eta-fruitu-lehor-sandwich-a/	"Oliba olioa"
http://pagotxa.eus/errezeta/ahuakate-indioilar-eta-fruitu-lehor-sandwich-a/	"Gatza"
http://pagotxa.eus/errezeta/ahuakate-indioilar-eta-fruitu-lehor-sandwich-a/	"Molde erako ogia"
http://pagotxa.eus/errezeta/ahuakate-indioilar-eta-fruitu-lehor-sandwich-a/	"Ahuakate, indioilar eta fruitu lehor sandwich-a"
http://pagotxa.eus/errezeta/txibi-garbantzu-entsalada/	"Txitxirio"
http://pagotxa.eus/errezeta/txibi-garbantzu-entsalada/	" edo garbantzu pote bat (400 g inguru)"
http://pagotxa.eus/errezeta/txibi-garbantzu-entsalada/	"8 txibi ale (garaikoak hobe!)"
http://pagotxa.eus/errezeta/txibi-garbantzu-entsalada/	"Arrautza"
http://pagotxa.eus/errezeta/txibi-garbantzu-entsalada/	" bat"
http://pagotxa.eus/errezeta/txibi-garbantzu-entsalada/	"Piper berde bat"
http://pagotxa.eus/errezeta/txibi-garbantzu-entsalada/	"Piper gorri bat"
http://pagotxa.eus/errezeta/txibi-garbantzu-entsalada/	"Tipulina ale bat"
http://pagotxa.eus/errezeta/txibi-garbantzu-entsalada/	"Ozpina"
http://pagotxa.eus/errezeta/txibi-garbantzu-entsalada/	"Olioa"
http://pagotxa.eus/errezeta/txibi-garbantzu-entsalada/	"Gatza"
http://pagotxa.eus/errezeta/txibi-garbantzu-entsalada/	"Tomate ale bat"
http://pagotxa.eus/errezeta/txibi-garbantzu-entsalada/	"Piper hautsa"
http://pagotxa.eus/errezeta/txibi-garbantzu-entsalada/	"Lima bat"
http://pagotxa.eus/errezeta/txibi-garbantzu-entsalada/	"Txibi garbantzu entsalada"
http://pagotxa.eus/errezeta/piperrada/	"2 baratxuri atal"
http://pagotxa.eus/errezeta/piperrada/	"2 tipulin"
http://pagotxa.eus/errezeta/piperrada/	"3 piper berde handi"
http://pagotxa.eus/errezeta/piperrada/	"2 piper gorri morro"
http://pagotxa.eus/errezeta/piperrada/	"oliba olioa"
http://pagotxa.eus/errezeta/piperrada/	"gatza"
http://pagotxa.eus/errezeta/abena-edo-oloa-esnea-platanoa-eta-kakaoa/	"800 ml esne"
http://pagotxa.eus/errezeta/abena-edo-oloa-esnea-platanoa-eta-kakaoa/	"120 g abena edo olo"
http://pagotxa.eus/errezeta/abena-edo-oloa-esnea-platanoa-eta-kakaoa/	"2 platano"
http://pagotxa.eus/errezeta/abena-edo-oloa-esnea-platanoa-eta-kakaoa/	"kakaoa"
http://pagotxa.eus/errezeta/abena-edo-oloa-esnea-platanoa-eta-kakaoa/	"120 g azukre moreno edo panela"
http://pagotxa.eus/errezeta/abena-edo-oloa-esnea-platanoa-eta-kakaoa/	"galleta edo bizkotxoa (aukerakoa)"
http://pagotxa.eus/errezeta/antxoa-pikillo-piper-eta-gazta-urdin-tosta/	"4 ogixerra/tostada"
http://pagotxa.eus/errezeta/antxoa-pikillo-piper-eta-gazta-urdin-tosta/	"4 antxoa xerra (gatzetan ondutakoak)"
http://pagotxa.eus/errezeta/antxoa-pikillo-piper-eta-gazta-urdin-tosta/	"4 pikillo piper"
http://pagotxa.eus/errezeta/antxoa-pikillo-piper-eta-gazta-urdin-tosta/	"100 g gazta urdin krema edo saltsa (potekoa edo etxean egina)"
http://pagotxa.eus/errezeta/dilista-azenario-eta-kuia-entsalada/	"Egositako dilista"
http://pagotxa.eus/errezeta/dilista-azenario-eta-kuia-entsalada/	" edo lenteja pote bat"
http://pagotxa.eus/errezeta/dilista-azenario-eta-kuia-entsalada/	"8 azenario berri/txiki/finak"
http://pagotxa.eus/errezeta/dilista-azenario-eta-kuia-entsalada/	"200 g kuia"
http://pagotxa.eus/errezeta/dilista-azenario-eta-kuia-entsalada/	"“roble” letxuga ale bat"
http://pagotxa.eus/errezeta/dilista-azenario-eta-kuia-entsalada/	"Eskarola buru bat"
http://pagotxa.eus/errezeta/dilista-azenario-eta-kuia-entsalada/	"Sesamoa"
http://pagotxa.eus/errezeta/dilista-azenario-eta-kuia-entsalada/	"Oliba olioa"
http://pagotxa.eus/errezeta/dilista-azenario-eta-kuia-entsalada/	"Ozpina"
http://pagotxa.eus/errezeta/dilista-azenario-eta-kuia-entsalada/	"Kurkuma"
http://pagotxa.eus/errezeta/patata-pastela/	"0,6 kg patata"
http://pagotxa.eus/errezeta/patata-pastela/	"200 g esnegaina"
http://pagotxa.eus/errezeta/patata-pastela/	"30 g oliba olio"
http://pagotxa.eus/errezeta/patata-pastela/	"120 g hirugiharra"
http://pagotxa.eus/errezeta/patata-pastela/	"Piper hauts beltza"
http://pagotxa.eus/errezeta/patata-pastela/	"perrexila"
http://pagotxa.eus/errezeta/patata-pastela/	"gazta"
http://pagotxa.eus/errezeta/patata-pastela/	"25 g ura"
http://pagotxa.eus/errezeta/patata-pastela/	"Patata pastela"
http://pagotxa.eus/errezeta/kukulu-entsalada-antxoa-eta-oilaskoarekin/	"4 “tuterako” kukulu"
http://pagotxa.eus/errezeta/kukulu-entsalada-antxoa-eta-oilaskoarekin/	"250-300 g oilasko bularki"
http://pagotxa.eus/errezeta/kukulu-entsalada-antxoa-eta-oilaskoarekin/	"8 antxoa xerra"
http://pagotxa.eus/errezeta/kukulu-entsalada-antxoa-eta-oilaskoarekin/	"10 g mostaza"
http://pagotxa.eus/errezeta/kukulu-entsalada-antxoa-eta-oilaskoarekin/	"100 g jogurt natural krematsu"
http://pagotxa.eus/errezeta/kukulu-entsalada-antxoa-eta-oilaskoarekin/	"Oliba olioa"
http://pagotxa.eus/errezeta/kukulu-entsalada-antxoa-eta-oilaskoarekin/	"Tipulina ale 1"
http://pagotxa.eus/errezeta/kukulu-entsalada-antxoa-eta-oilaskoarekin/	"Baratxuri laurdena"
http://pagotxa.eus/errezeta/gula-entsalada/	"500 g gula"
http://pagotxa.eus/errezeta/gula-entsalada/	"8 koilarakada oliba olio"
http://pagotxa.eus/errezeta/gula-entsalada/	"Koilarakada bat sagardo-ozpin"
http://pagotxa.eus/errezeta/gula-entsalada/	"Baratxuria"
http://pagotxa.eus/errezeta/gula-entsalada/	"Piperbeltza eta gatza"
http://pagotxa.eus/errezeta/gula-entsalada/	"Kaiena ale pare bat"
http://pagotxa.eus/errezeta/gula-entsalada/	"Entsalada:"
http://pagotxa.eus/errezeta/gula-entsalada/	"2 uraza"
http://pagotxa.eus/errezeta/gula-entsalada/	"Eskarola bat"
http://pagotxa.eus/errezeta/gula-entsalada/	"Tipulin fresko bat, zirrindoletan moztua"
http://pagotxa.eus/errezeta/gula-entsalada/	"3 tomate heldua, zurituak"
http://pagotxa.eus/errezeta/gula-entsalada/	"8 zainzuri"
http://pagotxa.eus/errezeta/gula-entsalada/	"3 arrautza egosi"
http://pagotxa.eus/errezeta/gula-entsalada/	"8 antxoa xerra, oliotan"
http://pagotxa.eus/errezeta/gula-entsalada/	"Atun edo hegaluzea"
http://pagotxa.eus/errezeta/gula-entsalada/	"Gula entsalada"
http://pagotxa.eus/errezeta/limoi-sorbetea-cavaren-kutsuan/	"300 g limoi sorbeteko"
http://pagotxa.eus/errezeta/limoi-sorbetea-cavaren-kutsuan/	"litro erdia cava, oso hotza"
http://pagotxa.eus/errezeta/atun-salteatua-tomate-entsaladan/	"Atun solomo lodi, hezur eta azalik gabe, 200 g bakoitzak"
http://pagotxa.eus/errezeta/atun-salteatua-tomate-entsaladan/	"Oliba olioa"
http://pagotxa.eus/errezeta/atun-salteatua-tomate-entsaladan/	"5 tomate umo"
http://pagotxa.eus/errezeta/atun-salteatua-tomate-entsaladan/	"8 koilarakada handi oliba olio birjina"
http://pagotxa.eus/errezeta/atun-salteatua-tomate-entsaladan/	"Gatza"
http://pagotxa.eus/errezeta/atun-salteatua-tomate-entsaladan/	"Atun salteatua tomate entsaladan"
http://pagotxa.eus/errezeta/pontxea/	"Kg bat azukre"
http://pagotxa.eus/errezeta/pontxea/	"4 laranja, puskatan"
http://pagotxa.eus/errezeta/pontxea/	"4 sagar, puskatan"
http://pagotxa.eus/errezeta/pontxea/	"4 banana, xerratan"
http://pagotxa.eus/errezeta/pontxea/	"Mahats mordo eder bat, aletua"
http://pagotxa.eus/errezeta/pontxea/	"2 udare, puskatan"
http://pagotxa.eus/errezeta/pontxea/	"4 aran, hezurrik gabe eta zurituak, puskatan"
http://pagotxa.eus/errezeta/pontxea/	"Meloi erdia, dadotan moztua"
http://pagotxa.eus/errezeta/pontxea/	"3 mertxika, zurituak eta puskatan, naturalak edo almibarrean"
http://pagotxa.eus/errezeta/pontxea/	"2 limoi oso, azalarekin, ataletan moztuak"
http://pagotxa.eus/errezeta/pontxea/	"Botila bat cointreau"
http://pagotxa.eus/errezeta/pontxea/	"Litro laurdena ron zahar"
http://pagotxa.eus/errezeta/pontxea/	"Litro laurdena benedictine"
http://pagotxa.eus/errezeta/pontxea/	"4 botila ardo zuri (txakolin on bat ere izan daiteke)"
http://pagotxa.eus/errezeta/pontxea/	"6 botila cava edo champagne brut, oso hotza"
http://pagotxa.eus/errezeta/pontxea/	"Izotza, ugari eta koskor loditan"
http://pagotxa.eus/errezeta/pontxea/	"Sagar, mahats, laranja edo lima-limoi zukua"
http://pagotxa.eus/errezeta/pontxea/	"Ur gasduna edo gaseosa"
http://pagotxa.eus/errezeta/pontxea/	"…."
http://pagotxa.eus/errezeta/limoi-moussea/	"200 g esnegain likido"
http://pagotxa.eus/errezeta/limoi-moussea/	"250 g azukre"
http://pagotxa.eus/errezeta/limoi-moussea/	"10 arrautza gorringo"
http://pagotxa.eus/errezeta/limoi-moussea/	"150 g limoi "
http://pagotxa.eus/errezeta/limoi-moussea/	"zuku"
http://pagotxa.eus/errezeta/limoi-moussea/	"60 g gelatina-hautsa"
http://pagotxa.eus/errezeta/limoi-moussea/	"200 g arrautza zuringo"
http://pagotxa.eus/errezeta/mazedonia/	"Sagar bat"
http://pagotxa.eus/errezeta/mazedonia/	"Udare bat"
http://pagotxa.eus/errezeta/mazedonia/	"2 banana"
http://pagotxa.eus/errezeta/mazedonia/	"Pinaburu erdi bat"
http://pagotxa.eus/errezeta/mazedonia/	"Meloi gozo erdi bat"
http://pagotxa.eus/errezeta/mazedonia/	"2 limoi berderen edo 2 limaren azala, birrindurik"
http://pagotxa.eus/errezeta/mazedonia/	"Eskukada bat marrubi"
http://pagotxa.eus/errezeta/mazedonia/	"Eskukada bat mugurdi"
http://pagotxa.eus/errezeta/mazedonia/	"Mahats mordo bat, aletua"
http://pagotxa.eus/errezeta/mazedonia/	"2 kiwi"
http://pagotxa.eus/errezeta/mazedonia/	"2 laranja"
http://pagotxa.eus/errezeta/mazedonia/	"2 laranjaren zukua"
http://pagotxa.eus/errezeta/mamia-edo-gatzatua/	"6 pote betetzeko:"
http://pagotxa.eus/errezeta/mamia-edo-gatzatua/	"Ardi esnea, litro bat"
http://pagotxa.eus/errezeta/mamia-edo-gatzatua/	"Gatzagi likidoa"
http://pagotxa.eus/errezeta/mamia-edo-gatzatua/	"Gatza"
http://pagotxa.eus/errezeta/jogurt-krema-fruitu-gorrien-marmeladaz/	"500 gr Jogurt natural"
http://pagotxa.eus/errezeta/jogurt-krema-fruitu-gorrien-marmeladaz/	"50 gr ezti"
http://pagotxa.eus/errezeta/jogurt-krema-fruitu-gorrien-marmeladaz/	"100 gr esnegain"
http://pagotxa.eus/errezeta/jogurt-krema-fruitu-gorrien-marmeladaz/	"fruitu gorri eskukada bat. Haranak, marrubiak eta mugurdiak"
http://pagotxa.eus/errezeta/jogurt-krema-fruitu-gorrien-marmeladaz/	"jelatina 3 orri"
http://pagotxa.eus/errezeta/jogurt-krema-fruitu-gorrien-marmeladaz/	"limoi bat"
http://pagotxa.eus/errezeta/jogurt-krema-fruitu-gorrien-marmeladaz/	"gatz pitin bat"
http://pagotxa.eus/errezeta/jogurt-krema-fruitu-gorrien-marmeladaz/	"azukre goilarakada bat"
http://pagotxa.eus/errezeta/jogurt-krema-fruitu-gorrien-marmeladaz/	"modena ozpin goilarakada bat"
http://pagotxa.eus/errezeta/jogurt-krema-fruitu-gorrien-marmeladaz/	"4 gustuko gaileta"
http://pagotxa.eus/errezeta/jogurt-krema-fruitu-gorrien-marmeladaz/	"menta hostoak"
http://pagotxa.eus/errezeta/haragi-salda/	"Txahal edo behi xankar bat"
http://pagotxa.eus/errezeta/haragi-salda/	"4 tipula"
http://pagotxa.eus/errezeta/haragi-salda/	"Porru bat"
http://pagotxa.eus/errezeta/haragi-salda/	"2 azenario"
http://pagotxa.eus/errezeta/haragi-salda/	"ardo txuri kopa bat"
http://pagotxa.eus/errezeta/haragi-salda/	"txitxirio eskukada bat"
http://pagotxa.eus/errezeta/haragi-salda/	"perrexila eskukada bat"
http://pagotxa.eus/errezeta/haragi-salda/	"piper hauts beltza"
http://pagotxa.eus/errezeta/haragi-salda/	"gatza"
http://pagotxa.eus/errezeta/tomate-eta-hegaluze-entsalada/	"2 Tomate"
http://pagotxa.eus/errezeta/tomate-eta-hegaluze-entsalada/	"hegaluze kontserba pote bat"
http://pagotxa.eus/errezeta/tomate-eta-hegaluze-entsalada/	"tipulina bat"
http://pagotxa.eus/errezeta/tomate-eta-hegaluze-entsalada/	"baratxuri atal bat"
http://pagotxa.eus/errezeta/tomate-eta-hegaluze-entsalada/	"oliba olioa"
http://pagotxa.eus/errezeta/tomate-eta-hegaluze-entsalada/	"gatza"
http://pagotxa.eus/errezeta/patata-frijituak-saltsa-desberdinekin/	"0,5 kg patata"
http://pagotxa.eus/errezeta/patata-frijituak-saltsa-desberdinekin/	"oliba olioa"
http://pagotxa.eus/errezeta/patata-frijituak-saltsa-desberdinekin/	"gatza"
http://pagotxa.eus/errezeta/patata-frijituak-saltsa-desberdinekin/	"Saltsak egiteko:"
http://pagotxa.eus/errezeta/patata-frijituak-saltsa-desberdinekin/	"maionesa "
http://pagotxa.eus/errezeta/patata-frijituak-saltsa-desberdinekin/	"pote bat"
http://pagotxa.eus/errezeta/patata-frijituak-saltsa-desberdinekin/	"tipula erdi bat"
http://pagotxa.eus/errezeta/patata-frijituak-saltsa-desberdinekin/	"tomate pote bat"
http://pagotxa.eus/errezeta/patata-frijituak-saltsa-desberdinekin/	"2 koilarakada modena ozpina"
http://pagotxa.eus/errezeta/patata-frijituak-saltsa-desberdinekin/	"koilarakada bat “la vera”ko pipermin kehetua"
http://pagotxa.eus/errezeta/patata-frijituak-saltsa-desberdinekin/	"azukrea"
http://pagotxa.eus/errezeta/patata-frijituak-saltsa-desberdinekin/	"baratxuri buru bat"
http://pagotxa.eus/errezeta/patata-frijituak-saltsa-desberdinekin/	"gorringo bat"
http://pagotxa.eus/errezeta/patata-frijituak-saltsa-desberdinekin/	"piper hauts beltza"
http://pagotxa.eus/errezeta/izter-beteak/	"4 oilasko izter"
http://pagotxa.eus/errezeta/izter-beteak/	"12 ganba ale"
http://pagotxa.eus/errezeta/izter-beteak/	"tipulina bat"
http://pagotxa.eus/errezeta/izter-beteak/	"porru bat"
http://pagotxa.eus/errezeta/izter-beteak/	"gurin koilarakada bat"
http://pagotxa.eus/errezeta/izter-beteak/	"150 ml esnegain"
http://pagotxa.eus/errezeta/izter-beteak/	"gatza"
http://pagotxa.eus/errezeta/izter-beteak/	"piper hauts beltza"
http://pagotxa.eus/errezeta/izter-beteak/	"sukaldeko soka, haragiak eta hegaztiak lotzeko modukoa"
http://pagotxa.eus/errezeta/txapakoak-etxean-nola-egin/	"Zartagia ( ez itsastekoa bada, hobe)"
http://pagotxa.eus/errezeta/txapakoak-etxean-nola-egin/	"Olioa"
http://pagotxa.eus/errezeta/txapakoak-etxean-nola-egin/	"Piper hauts beltza"
http://pagotxa.eus/errezeta/txapakoak-etxean-nola-egin/	"Gatza"
http://pagotxa.eus/errezeta/txapakoak-etxean-nola-egin/	"Haragiak"
http://pagotxa.eus/errezeta/txapakoak-etxean-nola-egin/	"Arrainak"
http://pagotxa.eus/errezeta/txapakoak-etxean-nola-egin/	"Barazkiak"
http://pagotxa.eus/errezeta/arrautza-poxatuak/	"4 arrautza"
http://pagotxa.eus/errezeta/arrautza-poxatuak/	"Ozpin koilarakada bat"
http://pagotxa.eus/errezeta/arrautza-poxatuak/	"Gatza apur bat"
http://pagotxa.eus/errezeta/arrautza-poxatuak/	"Txorroteko ura"
http://pagotxa.eus/errezeta/hegaluzea-tomatearekin/	"4 Hegaluze solomo (180gr bakoitzak)"
http://pagotxa.eus/errezeta/hegaluzea-tomatearekin/	"tipula bat"
http://pagotxa.eus/errezeta/hegaluzea-tomatearekin/	"4 baratxuri hortz"
http://pagotxa.eus/errezeta/hegaluzea-tomatearekin/	"piper berde bat"
http://pagotxa.eus/errezeta/hegaluzea-tomatearekin/	"tomate frijitu pote bat"
http://pagotxa.eus/errezeta/hegaluzea-tomatearekin/	"ardo txuri kopa bat"
http://pagotxa.eus/errezeta/hegaluzea-tomatearekin/	"oliba olioa"
http://pagotxa.eus/errezeta/hegaluzea-tomatearekin/	"gatza"
http://pagotxa.eus/errezeta/hegaluzea-tomatearekin/	"perrexila edo tipulina broteak."
http://pagotxa.eus/errezeta/barazki-erreak/	"2 Tipula"
http://pagotxa.eus/errezeta/barazki-erreak/	"Piper gorri bat"
http://pagotxa.eus/errezeta/barazki-erreak/	"2 Aberjinia"
http://pagotxa.eus/errezeta/barazki-erreak/	"2 Kuiatxo"
http://pagotxa.eus/errezeta/barazki-erreak/	"Baratxuri buru bat"
http://pagotxa.eus/errezeta/barazki-erreak/	"Oliba olioa"
http://pagotxa.eus/errezeta/barazki-erreak/	"Sagar ozpina"
http://pagotxa.eus/errezeta/barazki-erreak/	"Gatza"
http://pagotxa.eus/errezeta/oilasko-eta-barazki-paella/	"4 eskukada arroz"
http://pagotxa.eus/errezeta/oilasko-eta-barazki-paella/	"Ura (arroza hainako bi)"
http://pagotxa.eus/errezeta/oilasko-eta-barazki-paella/	"Tipula bat"
http://pagotxa.eus/errezeta/oilasko-eta-barazki-paella/	"Piper gorri eta berde bana"
http://pagotxa.eus/errezeta/oilasko-eta-barazki-paella/	"Azenario bat"
http://pagotxa.eus/errezeta/oilasko-eta-barazki-paella/	"Kuia txiki bat"
http://pagotxa.eus/errezeta/oilasko-eta-barazki-paella/	"2 Bartxuri buru"
http://pagotxa.eus/errezeta/oilasko-eta-barazki-paella/	"Ardo zuri kopa bat"
http://pagotxa.eus/errezeta/oilasko-eta-barazki-paella/	"Oilasko zatiak (bularki eta iztarrekin eginak) 250gr"
http://pagotxa.eus/errezeta/oilasko-eta-barazki-paella/	"Bi goilarakada oliba olio"
http://pagotxa.eus/errezeta/oilasko-eta-barazki-paella/	"Gatz apur bat"
http://pagotxa.eus/errezeta/arroza-txirlekin-2/	"Kilo erdi txirla"
http://pagotxa.eus/errezeta/arroza-txirlekin-2/	"6 eskukada arroz (bat eta erdi buruko)"
http://pagotxa.eus/errezeta/arroza-txirlekin-2/	"arrai edo oilasko salda (arrozaren hirukoitza). Urak ere balio du."
http://pagotxa.eus/errezeta/arroza-txirlekin-2/	"4 baratxuri atal"
http://pagotxa.eus/errezeta/arroza-txirlekin-2/	"ardo txuri kopa bat"
http://pagotxa.eus/errezeta/arroza-txirlekin-2/	"kaiena txiki bat"
http://pagotxa.eus/errezeta/arroza-txirlekin-2/	"perrexila"
http://pagotxa.eus/errezeta/arroza-txirlekin-2/	"oliba olioa"
http://pagotxa.eus/errezeta/arroza-txirlekin-2/	"gatza"
http://pagotxa.eus/errezeta/legatz-frijitua/	"4 legatz solomo (180º bakoitza)"
http://pagotxa.eus/errezeta/legatz-frijitua/	"2 arrautza"
http://pagotxa.eus/errezeta/legatz-frijitua/	"3 koilarakada irin"
http://pagotxa.eus/errezeta/legatz-frijitua/	"Gatza apur bat"
http://pagotxa.eus/errezeta/legatz-frijitua/	"4 koilarakada ekilore olio"
http://pagotxa.eus/errezeta/dilistak/	"0,4kg dilista"
http://pagotxa.eus/errezeta/dilistak/	"Egosteko txorizo bat (barazkijalea edo beganoa bazara ez, prefosta!)"
http://pagotxa.eus/errezeta/dilistak/	"2 patata"
http://pagotxa.eus/errezeta/dilistak/	"Azenario bat"
http://pagotxa.eus/errezeta/dilistak/	"Oliba olio bi koilarakada"
http://pagotxa.eus/errezeta/dilistak/	"Gatz koilarakada txiki bat"
http://pagotxa.eus/errezeta/oilasko-errea/	"Oilasko bat osorik"
http://pagotxa.eus/errezeta/oilasko-errea/	"Garagardo botilatxo bat"
http://pagotxa.eus/errezeta/oilasko-errea/	"Ziape edo mostaza koilarakada bat"
http://pagotxa.eus/errezeta/oilasko-errea/	"Gatz koilarakada txiki bat"
http://pagotxa.eus/errezeta/etxeko-torrada-edo-torrijak/	"Etxean soberan dagoen ogi zaharra, 2-3 hatzen lodierako zatitan moztua"
http://pagotxa.eus/errezeta/etxeko-torrada-edo-torrijak/	"Litro bat esne"
http://pagotxa.eus/errezeta/etxeko-torrada-edo-torrijak/	"0,1kg azukre"
http://pagotxa.eus/errezeta/etxeko-torrada-edo-torrijak/	"Bainila adar bat edo kanela hautsa koilarakada txiki bat"
http://pagotxa.eus/errezeta/etxeko-torrada-edo-torrijak/	"Limoi bat"
http://pagotxa.eus/errezeta/etxeko-torrada-edo-torrijak/	"Laranja bat"
http://pagotxa.eus/errezeta/etxeko-torrada-edo-torrijak/	"2 arrautza"
http://pagotxa.eus/errezeta/etxeko-torrada-edo-torrijak/	"Oliba olioa 3 koilarakada"
http://pagotxa.eus/errezeta/pasta-entsalada/	"0,3kg pasta"
http://pagotxa.eus/errezeta/pasta-entsalada/	"kontserbako atuna pote bat (beganoa bazara ez, jakina)"
http://pagotxa.eus/errezeta/pasta-entsalada/	"piper berde bat"
http://pagotxa.eus/errezeta/pasta-entsalada/	"piper gorri bat"
http://pagotxa.eus/errezeta/pasta-entsalada/	"entsaldarako tomate bat"
http://pagotxa.eus/errezeta/pasta-entsalada/	"16 oliba inguru"
http://pagotxa.eus/errezeta/pasta-entsalada/	"kontserbako arto pote bat"
http://pagotxa.eus/errezeta/pasta-entsalada/	"0,1 kg gazta"
http://pagotxa.eus/errezeta/pasta-entsalada/	"Oliba olioa bi koilarakada"
http://pagotxa.eus/errezeta/pasta-entsalada/	"Gatza"
http://pagotxa.eus/errezeta/pasta-entsalada/	"Mahats pasak bi koilarakada"
http://pagotxa.eus/errezeta/pasta-entsalada/	"10 intxaur"
http://pagotxa.eus/errezeta/pasta-entsalada/	"Ozpin koilarkada bat"
http://pagotxa.eus/errezeta/haragi-eta-barazki-lasagna/	"3 Pasta geruza edo plantxa"
http://pagotxa.eus/errezeta/haragi-eta-barazki-lasagna/	"40 gr gurin"
http://pagotxa.eus/errezeta/haragi-eta-barazki-lasagna/	"50 gr oliba olio"
http://pagotxa.eus/errezeta/haragi-eta-barazki-lasagna/	"110 gr irin"
http://pagotxa.eus/errezeta/haragi-eta-barazki-lasagna/	"litro bat esne"
http://pagotxa.eus/errezeta/haragi-eta-barazki-lasagna/	"250 gr haragi txikitu"
http://pagotxa.eus/errezeta/haragi-eta-barazki-lasagna/	"tipulina bat"
http://pagotxa.eus/errezeta/haragi-eta-barazki-lasagna/	"6 baratxuri atal"
http://pagotxa.eus/errezeta/haragi-eta-barazki-lasagna/	"azenario bat"
http://pagotxa.eus/errezeta/haragi-eta-barazki-lasagna/	"ardo txuri kopa bat"
http://pagotxa.eus/errezeta/haragi-eta-barazki-lasagna/	"tomate pote bat"
http://pagotxa.eus/errezeta/haragi-eta-barazki-lasagna/	"kuiatxo bat"
http://pagotxa.eus/errezeta/haragi-eta-barazki-lasagna/	"berenjena bat"
http://pagotxa.eus/errezeta/haragi-eta-barazki-lasagna/	"parmesano gazta birrindu eskukada bat"
http://pagotxa.eus/errezeta/haragi-eta-barazki-lasagna/	"mozzarela gazta birrindu eskukada bat"
http://pagotxa.eus/errezeta/entsalada-epela-patata-arrautza-eta-antxoilekin/	"Zortzi patata ertain (bina lagun bakoitzeko)"
http://pagotxa.eus/errezeta/entsalada-epela-patata-arrautza-eta-antxoilekin/	"Lau arrautza (bana lagun bakoitzeko)"
http://pagotxa.eus/errezeta/entsalada-epela-patata-arrautza-eta-antxoilekin/	"Antxoila poto bat, antxoilak erditik moztuta"
http://pagotxa.eus/errezeta/entsalada-epela-patata-arrautza-eta-antxoilekin/	"Pare bat tipulina edo tipula fresko handi bat, zerrenda finetan moztuta (juliana)"
http://pagotxa.eus/errezeta/entsalada-epela-patata-arrautza-eta-antxoilekin/	"Maionesa"
http://pagotxa.eus/errezeta/entsalada-epela-patata-arrautza-eta-antxoilekin/	" basokada bat (edo, ez baduzu egin nahi, edo hozkailuan ez badago, edo beganoa bazara, ozpinolioa)"
http://pagotxa.eus/errezeta/entsalada-epela-patata-arrautza-eta-antxoilekin/	"Gatza"
http://pagotxa.eus/errezeta/patatak-saltsa-berdetan/	"kilo bat patata"
http://pagotxa.eus/errezeta/patatak-saltsa-berdetan/	"koilarakada bat irin"
http://pagotxa.eus/errezeta/patatak-saltsa-berdetan/	"ardo txuri kopa bat"
http://pagotxa.eus/errezeta/patatak-saltsa-berdetan/	"4 baratxuri ale"
http://pagotxa.eus/errezeta/patatak-saltsa-berdetan/	"perrexil freskoa"
http://pagotxa.eus/errezeta/patatak-saltsa-berdetan/	"arrain salda (edo daukazuna)"
http://pagotxa.eus/errezeta/patatak-saltsa-berdetan/	"oliba olioa"
http://pagotxa.eus/errezeta/patatak-saltsa-berdetan/	"gatza"
http://pagotxa.eus/errezeta/perretxiko-rissotoa/	"4 eskukada arroz"
http://pagotxa.eus/errezeta/perretxiko-rissotoa/	"4 onddo haundi edo lau eskutada perretxiko (ziza, gibelurdin, negrilla, barrengorri…)"
http://pagotxa.eus/errezeta/perretxiko-rissotoa/	"3 tipulina"
http://pagotxa.eus/errezeta/perretxiko-rissotoa/	"piper berde ale erdi"
http://pagotxa.eus/errezeta/perretxiko-rissotoa/	"haragi edo barazki salda, (besterik ez baduzu, pastillarekin egindakoa)"
http://pagotxa.eus/errezeta/perretxiko-rissotoa/	"baso erdi ardo txuri"
http://pagotxa.eus/errezeta/perretxiko-rissotoa/	"parmesano gazta, hauts edo xaflatan"
http://pagotxa.eus/errezeta/perretxiko-rissotoa/	"goilarakada bat gurin"
http://pagotxa.eus/errezeta/perretxiko-rissotoa/	"5 goilarakada oliba olio"
http://pagotxa.eus/errezeta/perretxiko-rissotoa/	"gatza"
http://pagotxa.eus/errezeta/perretxiko-rissotoa/	"piper beltz hautsa"
http://pagotxa.eus/errezeta/oilasko-bularra/	"8 oilasko"
http://pagotxa.eus/errezeta/oilasko-bularra/	" bularki"
http://pagotxa.eus/errezeta/oilasko-bularra/	"ogi birrindua"
http://pagotxa.eus/errezeta/oilasko-bularra/	"kurri hautsa"
http://pagotxa.eus/errezeta/oilasko-bularra/	"piper hautsa"
http://pagotxa.eus/errezeta/oilasko-bularra/	"gatza"
http://pagotxa.eus/errezeta/oilasko-bularra/	"oliba olioa"
http://pagotxa.eus/errezeta/maionesa/	"Arrautza"
http://pagotxa.eus/errezeta/maionesa/	" bat"
http://pagotxa.eus/errezeta/maionesa/	"Baxoerdi ekilore olio (nahi baduzu olibolio parrastada bat ere egin, baina olibolio hutsarekin astunegia geratzen da)"
http://pagotxa.eus/errezeta/maionesa/	"Goilarakada erdi ozpin"
http://pagotxa.eus/errezeta/maionesa/	"Gatz ximiku bat"
http://pagotxa.eus/errezeta/maionesa/	"(Irabiagailua ere beharko duzu)"
http://pagotxa.eus/errezeta/espagetiak-bolognesa-eran/	"400g espageti"
http://pagotxa.eus/errezeta/espagetiak-bolognesa-eran/	"200g haragi xehetu"
http://pagotxa.eus/errezeta/espagetiak-bolognesa-eran/	"azenario bat"
http://pagotxa.eus/errezeta/espagetiak-bolognesa-eran/	"tipula haundi bat"
http://pagotxa.eus/errezeta/espagetiak-bolognesa-eran/	"4 atal baratxuri"
http://pagotxa.eus/errezeta/espagetiak-bolognesa-eran/	"apio zati bat"
http://pagotxa.eus/errezeta/espagetiak-bolognesa-eran/	"tomate saltsa litro bat"
http://pagotxa.eus/errezeta/espagetiak-bolognesa-eran/	"ardo txuria edalontzi bat"
http://pagotxa.eus/errezeta/espagetiak-bolognesa-eran/	"oliba olioa"
http://pagotxa.eus/errezeta/espagetiak-bolognesa-eran/	"piper hautsa"
http://pagotxa.eus/errezeta/espagetiak-bolognesa-eran/	"gatza"
http://pagotxa.eus/errezeta/babarrunak/	"Babarrun "
http://pagotxa.eus/errezeta/babarrunak/	"edo indaba kilo erdi"
http://pagotxa.eus/errezeta/babarrunak/	"2 litro ur"
http://pagotxa.eus/errezeta/babarrunak/	"2 koilarakada oliba olio"
http://pagotxa.eus/errezeta/babarrunak/	"Gatza"
http://pagotxa.eus/errezeta/amamaren-berakatz-salda/	"2 berakatz edo baratxuri ale"
http://pagotxa.eus/errezeta/amamaren-berakatz-salda/	"Gatza"
http://pagotxa.eus/errezeta/amamaren-berakatz-salda/	"Ura"
http://pagotxa.eus/errezeta/amamaren-berakatz-salda/	"Ogi puska bat"
http://pagotxa.eus/errezeta/amamaren-berakatz-salda/	"Zorrotada bat oliba olio birjina"
http://pagotxa.eus/errezeta/oreo-gaztapastela/	" eta errezeta:"
http://pagotxa.eus/errezeta/oreo-gaztapastela/	"Bi katilutxo gazta fresko jarri gopor edo ontzi borobil batean"
http://pagotxa.eus/errezeta/oreo-gaztapastela/	"Katilutxo bat krema mikatz gehitu"
http://pagotxa.eus/errezeta/oreo-gaztapastela/	"Azukrea katilutxo bat"
http://pagotxa.eus/errezeta/oreo-gaztapastela/	"Bainila likidoa goilarakada bat"
http://pagotxa.eus/errezeta/oreo-gaztapastela/	"Dena irabiatu"
http://pagotxa.eus/errezeta/oreo-gaztapastela/	"Bi arrautza osorik gehitu"
http://pagotxa.eus/errezeta/oreo-gaztapastela/	"Irabiatu berriro orea lortu arte"
http://pagotxa.eus/errezeta/oreo-gaztapastela/	"Madalenak egiteko ontzi batean, jarri madalena-paperak eta zulo bakoitzeko Oreo bana, hondoan"
http://pagotxa.eus/errezeta/oreo-gaztapastela/	"Gehitu lortu duzun orea eta gainetik egin eskuz apurtutako Oreoa zatitxoak"
http://pagotxa.eus/errezeta/oreo-gaztapastela/	"125 gradutara dagoen labean, 22 minutu sartu"
http://pagotxa.eus/errezeta/oreo-gaztapastela/	"Hozten utzi, hiru bat ordutan"
http://pagotxa.eus/errezeta/muskuiluak-saltsan/	"Kilo t’erdi muskuilu, Guri txikietakoak gustatzen zaizkigu prestaketa hau egiteko eta, gainera lan gutxiago ematen dute bizarrak eta oskoleko lapatxoak kentzeko orduan."
http://pagotxa.eus/errezeta/muskuiluak-saltsan/	"Tipula gorri eder bat, txiki-txiki eginda"
http://pagotxa.eus/errezeta/muskuiluak-saltsan/	"Barazkiren bat: apio adar bat, azenario bat… txiki txiki eginda hau ere (Aukerakoa)"
http://pagotxa.eus/errezeta/muskuiluak-saltsan/	"Perrexila, zilantroa edo gustuko belarren bat. (Zabarki moztua. Aukerakoa)"
http://pagotxa.eus/errezeta/muskuiluak-saltsan/	"Basokada bat ardo zuri. Txakolinak ere balio du."
http://pagotxa.eus/errezeta/muskuiluak-saltsan/	"Gurina 100gr"
http://pagotxa.eus/errezeta/muskuiluak-saltsan/	"(Ez dizugu guk esan, baina min zalea bazara, gehitu cayenatxo bat ere. Hori bai, gatzik ez erabili muskuiluek aski dute eta)."
http://pagotxa.eus/errezeta/muskuiluak-saltsan/	"Prestaera:"
http://pagotxa.eus/errezeta/muskuiluak-saltsan/	"Muskuiluak ondo garbitu txorrotean bizarrak eta abarrak kenduz. Utzi xukatzen ontzi batean"
http://pagotxa.eus/errezeta/muskuiluak-saltsan/	"Kazola batean, gurinetan jarri erregosten barazki txikituak, su ertainetan, tipula gardendu eta apurtxo bat gorritzen hasi arte. Bosten bat minutu."
http://pagotxa.eus/errezeta/leka-patatak/	"Kilo bat leka"
http://pagotxa.eus/errezeta/leka-patatak/	"Lau patata eder"
http://pagotxa.eus/errezeta/leka-patatak/	"Tipula bat (hautazkoa)"
http://pagotxa.eus/errezeta/leka-patatak/	"Oliba olioa"
http://pagotxa.eus/errezeta/leka-patatak/	"Berakatza"
http://pagotxa.eus/errezeta/croque-monsieur-mixtoa/	"Moldeko bi ogi xafla"
http://pagotxa.eus/errezeta/croque-monsieur-mixtoa/	"Urdaiazpiko egosi xerra bat"
http://pagotxa.eus/errezeta/croque-monsieur-mixtoa/	"Urtzeko gazta xerra bat (ahal dela, emmental motakoa edo antzekoa)"
http://pagotxa.eus/errezeta/croque-monsieur-mixtoa/	"Gurin apur bat"
http://pagotxa.eus/errezeta/amuarrain-frijituak-urdaiazpikoarekin/	"8 amuarrain ertain"
http://pagotxa.eus/errezeta/amuarrain-frijituak-urdaiazpikoarekin/	"Urdaiazpiko serranoa edo iberiarra, 8 xerra"
http://pagotxa.eus/errezeta/amuarrain-frijituak-urdaiazpikoarekin/	"Irina"
http://pagotxa.eus/errezeta/amuarrain-frijituak-urdaiazpikoarekin/	"Gatza"
http://pagotxa.eus/errezeta/amuarrain-frijituak-urdaiazpikoarekin/	"Oliba olioa, frijitzeko"
http://pagotxa.eus/errezeta/amuarrain-frijituak-urdaiazpikoarekin/	"2 baratxuri ale"
http://pagotxa.eus/errezeta/arkumea-labean-erreta/	"Arkume"
http://pagotxa.eus/errezeta/arkumea-labean-erreta/	" bat (umerria edo bildotsa)"
http://pagotxa.eus/errezeta/arkumea-labean-erreta/	"Gatz larria"
http://pagotxa.eus/errezeta/arkumea-labean-erreta/	"2 baso bete ur"
http://pagotxa.eus/errezeta/almibarra/	"1/2 kg azukre"
http://pagotxa.eus/errezeta/almibarra/	"Litro bat ur"
http://pagotxa.eus/errezeta/almibarra/	"Xorta bat limoi zuku"
http://pagotxa.eus/errezeta/dilista-egosiak/	"Dilistak 600 gr."
http://pagotxa.eus/errezeta/dilista-egosiak/	"Tipula edo porru bat osorik"
http://pagotxa.eus/errezeta/dilista-egosiak/	"Azenario bat edo bi osorik"
http://pagotxa.eus/errezeta/dilista-egosiak/	"Olibaolio txorrotada bat olio"
http://pagotxa.eus/errezeta/dilista-egosiak/	"Ura"
http://pagotxa.eus/errezeta/dilista-egosiak/	"Gatza"
http://pagotxa.eus/errezeta/hegaluzea-edo-hegalaburra-tipulatan/	"4 hegaluze (edo hegalabur) solomo lodi, hezur eta azalik gabe, 220 g bakoitzak"
http://pagotxa.eus/errezeta/hegaluzea-edo-hegalaburra-tipulatan/	"Ximiko bat irin"
http://pagotxa.eus/errezeta/hegaluzea-edo-hegalaburra-tipulatan/	"6 tipula, zerrenda mehetan moztuak"
http://pagotxa.eus/errezeta/hegaluzea-edo-hegalaburra-tipulatan/	"4 baratxuri ale"
http://pagotxa.eus/errezeta/hegaluzea-edo-hegalaburra-tipulatan/	"Oliba olioa"
http://pagotxa.eus/errezeta/hegaluzea-edo-hegalaburra-tipulatan/	"Xorta bat ardo zuri edo sagar-ozpin"
http://pagotxa.eus/errezeta/hegaluzea-edo-hegalaburra-tipulatan/	"Gatza"
http://pagotxa.eus/errezeta/antxoa-irin-arrautzeztatuak-errebozatuak/	"40 antxoa, ahalik eta handienak (kg bat inguru)"
http://pagotxa.eus/errezeta/antxoa-irin-arrautzeztatuak-errebozatuak/	"Oliba olioa"
http://pagotxa.eus/errezeta/antxoa-irin-arrautzeztatuak-errebozatuak/	"Irina eta arrautza joa, gaia irin-arrautzeztatzeko"
http://pagotxa.eus/errezeta/antxoa-irin-arrautzeztatuak-errebozatuak/	"Gatza"
http://pagotxa.eus/errezeta/arroza-txirlekin/	"300 g arroz"
http://pagotxa.eus/errezeta/arroza-txirlekin/	"Tipulin fresko handi bat"
http://pagotxa.eus/errezeta/arroza-txirlekin/	"7 koilarakada handi oliba olio birjina"
http://pagotxa.eus/errezeta/arroza-txirlekin/	"Baratxuri xehatua, koilarakadatxo bat"
http://pagotxa.eus/errezeta/arroza-txirlekin/	"l. bat arrain-salda edo ur"
http://pagotxa.eus/errezeta/arroza-txirlekin/	"800 g txirla"
http://pagotxa.eus/errezeta/arroza-txirlekin/	"Koilarakada bat perrexil xehatu"
http://pagotxa.eus/errezeta/arroza-txirlekin/	"Gatza"
http://pagotxa.eus/errezeta/hegaluzea-edo-hegalaburra-tomatetan/	"4 hegaluze solomo lodi, hezur eta azalik gabe, 220 g bakoitzak"
http://pagotxa.eus/errezeta/hegaluzea-edo-hegalaburra-tomatetan/	"4 baratxuri ale"
http://pagotxa.eus/errezeta/hegaluzea-edo-hegalaburra-tomatetan/	"Tipulin bat, pikatua"
http://pagotxa.eus/errezeta/hegaluzea-edo-hegalaburra-tomatetan/	"6 tomate umo, pikatuak"
http://pagotxa.eus/errezeta/hegaluzea-edo-hegalaburra-tomatetan/	"8 koilarakada oliba olio"
http://pagotxa.eus/errezeta/hegaluzea-edo-hegalaburra-tomatetan/	"Ximiko bat irin"
http://pagotxa.eus/errezeta/hegaluzea-edo-hegalaburra-tomatetan/	"Xorta bat ardo zuri"
http://pagotxa.eus/errezeta/oilaskoa-geure-erara/	"Oilaskoa bat zati ederretan moztuta"
http://pagotxa.eus/errezeta/oilaskoa-geure-erara/	"Bizpahiru tipula gorri, julianan edo zerrendatan moztuta"
http://pagotxa.eus/errezeta/oilaskoa-geure-erara/	"Kilo t’erdi tomate umo edo heldu, zatitan"
http://pagotxa.eus/errezeta/oilaskoa-geure-erara/	"Lau goilrakada olio"
http://pagotxa.eus/errezeta/oilaskoa-geure-erara/	"Piperrauts beltza (aukeran)"
http://pagotxa.eus/errezeta/oilaskoa-geure-erara/	"Bi cayenako pipermin (aukeran)"
http://pagotxa.eus/errezeta/oilaskoa-geure-erara/	"Gatza"
http://pagotxa.eus/errezeta/arrautza-frijituak/	"Arrautza"
http://pagotxa.eus/errezeta/arrautza-frijituak/	" bat (normalean, bina egiten dira)"
http://pagotxa.eus/errezeta/arrautza-frijituak/	"Oliba olioa bi koilarakada"
http://pagotxa.eus/errezeta/arrautza-frijituak/	"Gatza"
http://pagotxa.eus/errezeta/txibierroak/	"txipiroiak"
http://pagotxa.eus/errezeta/txibierroak/	"gatza"
http://pagotxa.eus/errezeta/txibierroak/	"piperrauts zuria"
http://pagotxa.eus/errezeta/txibierroak/	"arrautza"
http://pagotxa.eus/errezeta/txibierroak/	"irina"
http://pagotxa.eus/errezeta/txibierroak/	"ura"
http://pagotxa.eus/errezeta/arrain-zopa-bizkorra-mikrouhinetan/	"Tipula erdia, pikatua"
http://pagotxa.eus/errezeta/arrain-zopa-bizkorra-mikrouhinetan/	"4 baratxuri ale, xerratan"
http://pagotxa.eus/errezeta/arrain-zopa-bizkorra-mikrouhinetan/	"Xorta bat oliba olio"
http://pagotxa.eus/errezeta/arrain-zopa-bizkorra-mikrouhinetan/	"Itsaski salda kontzentratua, pastilla bat"
http://pagotxa.eus/errezeta/arrain-zopa-bizkorra-mikrouhinetan/	"5 koilarakada bete tomate saltsa"
http://pagotxa.eus/errezeta/arrain-zopa-bizkorra-mikrouhinetan/	"Koilaratxokada bat piper txorizeroaren mami (kontserbakoa izan daiteke)"
http://pagotxa.eus/errezeta/arrain-zopa-bizkorra-mikrouhinetan/	"Zopako ogia, puska eder bat"
http://pagotxa.eus/errezeta/arrain-zopa-bizkorra-mikrouhinetan/	"6 dl ur bero, iturrikoa"
http://pagotxa.eus/errezeta/arrain-zopa-bizkorra-mikrouhinetan/	"2 legatz solomo izoztu"
http://pagotxa.eus/errezeta/arrain-zopa-bizkorra-mikrouhinetan/	"Eskukada bat ganba izoztu"
http://pagotxa.eus/errezeta/arrain-zopa-bizkorra-mikrouhinetan/	"Zorrotada bat xerez"
http://pagotxa.eus/errezeta/arrain-zopa-bizkorra-mikrouhinetan/	"Gatza"
http://pagotxa.eus/errezeta/arrain-zopa-bizkorra-mikrouhinetan/	"Arrain zopa bizkorra mikrouhinetan nola egin"
http://pagotxa.eus/errezeta/amonaren-haragi-konsomea/	"kilo ta erdi haragi"
http://pagotxa.eus/errezeta/amonaren-haragi-konsomea/	"3 azenario"
http://pagotxa.eus/errezeta/amonaren-haragi-konsomea/	"2 porru"
http://pagotxa.eus/errezeta/amonaren-haragi-konsomea/	"tipula bat"
http://pagotxa.eus/errezeta/amonaren-haragi-konsomea/	"arraultza zuringo bat"
http://pagotxa.eus/errezeta/amonaren-haragi-konsomea/	"3 litro ur"
http://pagotxa.eus/errezeta/amonaren-arrain-zopa-2-modutara/	"legatz buru bat"
http://pagotxa.eus/errezeta/amonaren-arrain-zopa-2-modutara/	"zapo edo "
http://pagotxa.eus/errezeta/amonaren-arrain-zopa-2-modutara/	"kabraroka"
http://pagotxa.eus/errezeta/amonaren-arrain-zopa-2-modutara/	" zati bat"
http://pagotxa.eus/errezeta/amonaren-arrain-zopa-2-modutara/	"txirlak"
http://pagotxa.eus/errezeta/amonaren-arrain-zopa-2-modutara/	"porrua, azenarioa, tipula"
http://pagotxa.eus/errezeta/amonaren-arrain-zopa-2-modutara/	"ogia"
http://pagotxa.eus/errezeta/amonaren-arrain-zopa-2-modutara/	"arroza edo tapioka"
http://pagotxa.eus/errezeta/amonaren-arrain-zopa-2-modutara/	"tomatea"
http://pagotxa.eus/errezeta/amonaren-arrain-zopa-2-modutara/	"arrautza"
http://pagotxa.eus/errezeta/txitxirioak-italiar-erara/	"txitxirioak"
http://pagotxa.eus/errezeta/txitxirioak-italiar-erara/	"2 tipula"
http://pagotxa.eus/errezeta/txitxirioak-italiar-erara/	"250gr txerri saihets"
http://pagotxa.eus/errezeta/txitxirioak-italiar-erara/	"2 txorizo"
http://pagotxa.eus/errezeta/txitxirioak-italiar-erara/	"frijitutako tomatea"
http://pagotxa.eus/errezeta/txitxirioak-italiar-erara/	"gazta edo ogi birrindua"
http://pagotxa.eus/errezeta/etxaurreneko-kroketen-errezeta/	"160 gramo gurin"
http://pagotxa.eus/errezeta/etxaurreneko-kroketen-errezeta/	"200 gramo irin"
http://pagotxa.eus/errezeta/etxaurreneko-kroketen-errezeta/	"2 litro esne "
http://pagotxa.eus/errezeta/etxaurreneko-kroketen-errezeta/	"bero"
http://pagotxa.eus/errezeta/etxaurreneko-kroketen-errezeta/	"Bularkia"
http://pagotxa.eus/errezeta/etxaurreneko-kroketen-errezeta/	"urdaiazpikoa"
http://pagotxa.eus/errezeta/etxaurreneko-kroketen-errezeta/	"arrautza "
http://pagotxa.eus/errezeta/etxaurreneko-kroketen-errezeta/	"egosia"
http://pagotxa.eus/errezeta/bexamela/	"3 irin koilarakada"
http://pagotxa.eus/errezeta/bexamela/	"litro erdi esne"
http://pagotxa.eus/errezeta/ilar-holandar-purea/	"1,5 litro ur"
http://pagotxa.eus/errezeta/ilar-holandar-purea/	"Ilar "
http://pagotxa.eus/errezeta/ilar-holandar-purea/	"lehorrak, poltsa erdia"
http://pagotxa.eus/errezeta/ilar-holandar-purea/	"300 gramo azenario"
http://pagotxa.eus/errezeta/ilar-holandar-purea/	"2 porru"
http://pagotxa.eus/errezeta/ilar-holandar-purea/	"Apioaren arbi zati bat"
http://pagotxa.eus/errezeta/ilar-holandar-purea/	"200 gramo patata"
http://pagotxa.eus/errezeta/ilar-holandar-purea/	"Gatza eta piperrautsa"
http://pagotxa.eus/errezeta/foie-errezeta/	"Foie gibela"
http://pagotxa.eus/errezeta/patata-kroketak/	"110 g gurin"
http://pagotxa.eus/errezeta/patata-kroketak/	"110 g irin"
http://pagotxa.eus/errezeta/patata-kroketak/	"litro erdia esne"
http://pagotxa.eus/errezeta/patata-kroketak/	"litro erdia esnegain"
http://pagotxa.eus/errezeta/patata-kroketak/	"kilo erdia patata"
http://pagotxa.eus/errezeta/patata-kroketak/	"-mami uretan gatzarekin egosia"
http://pagotxa.eus/errezeta/amonaren-tiramisua/	"3 arrautza"
http://pagotxa.eus/errezeta/amonaren-tiramisua/	"3 azukre "
http://pagotxa.eus/errezeta/amonaren-tiramisua/	"goilarakada"
http://pagotxa.eus/errezeta/amonaren-tiramisua/	"Maskarpone gazta"
http://pagotxa.eus/errezeta/amonaren-tiramisua/	"Soletila"
http://pagotxa.eus/errezeta/amonaren-tiramisua/	"bizkotxoak"
http://pagotxa.eus/errezeta/amonaren-tiramisua/	"Kafe hotza"
http://pagotxa.eus/errezeta/sagar-rzk/	"1 kg Errezil sagar"
http://pagotxa.eus/errezeta/sagar-rzk/	"bi edo hiru (gustuaren arabera) koilarakada azukre."
http://pagotxa.eus/errezeta/sagar-rzk/	"Kanela zati bat."
http://pagotxa.eus/errezeta/sagar-rzk/	"Hiru osagai horiek nahikoa dituzu konpota egiteko. Hala ere, zenbaitek haran pasak, mahats pasak edota piku lehorrak ere botatzen dizkio. Beste askok ardoa ere gehitzen diote."
http://pagotxa.eus/errezeta/sagar-rzk/	"http://pagotxa.eus/errezeta/gabon-konpota/"
http://pagotxa.eus/errezeta/sagar-rzk/	"MENBRILOA"
http://pagotxa.eus/errezeta/txokolate-trufak/	"4 lagunentzat"
http://pagotxa.eus/errezeta/txokolate-trufak/	"300 g txokolate beltz, kalitate onekoa"
http://pagotxa.eus/errezeta/txokolate-trufak/	"200 g txokolate esnedun"
http://pagotxa.eus/errezeta/txokolate-trufak/	"200 g esnegain likido"
http://pagotxa.eus/errezeta/txokolate-trufak/	"Kakao hautsa, trufak hartan pasatzeko"
http://pagotxa.eus/errezeta/prantxikaren-bizkotxoa/	"4 lagunentzat"
http://pagotxa.eus/errezeta/entsalada-hornitua/	"2 uraza"
http://pagotxa.eus/errezeta/entsalada-hornitua/	"Eskarola bat"
http://pagotxa.eus/errezeta/entsalada-hornitua/	"Tipulin fresko bat, zirrindoletan moztua"
http://pagotxa.eus/errezeta/entsalada-hornitua/	"3 tomate heldua, zurituak"
http://pagotxa.eus/errezeta/entsalada-hornitua/	"8 zainzuri"
http://pagotxa.eus/errezeta/entsalada-hornitua/	"3 arrautza egosi"
http://pagotxa.eus/errezeta/entsalada-hornitua/	"8 antxoa xerra, oliotan"
http://pagotxa.eus/errezeta/entsalada-hornitua/	"Hegaluze mendrezka oliotan, 150 g"
http://pagotxa.eus/errezeta/entsalada-hornitua/	"2 koilarakada handi Xerez ozpin"
http://pagotxa.eus/errezeta/entsalada-hornitua/	"5 koilarakada handi oliba olio birjina estra"
http://pagotxa.eus/errezeta/entsalada-hornitua/	"Gatza"
http://pagotxa.eus/errezeta/limonada/	"6 limoiren zukua"
http://pagotxa.eus/errezeta/limonada/	"Azukrea, norberaren gogara"
http://pagotxa.eus/errezeta/limonada/	"Ur hotza"
http://pagotxa.eus/errezeta/limonada/	"Izotza"
http://pagotxa.eus/errezeta/tiramisua/	"5 arrautza"
http://pagotxa.eus/errezeta/tiramisua/	"75 g azukre"
http://pagotxa.eus/errezeta/tiramisua/	"75 g irin"
http://pagotxa.eus/errezeta/tiramisua/	"Kafe bat bikoitza eta beltza, expresoa"
http://pagotxa.eus/errezeta/tiramisua/	"Pattar zorrotada eder bat (amaretto)"
http://pagotxa.eus/errezeta/tiramisua/	"4 arrautza gorringo"
http://pagotxa.eus/errezeta/tiramisua/	"8 koilarakada azukre"
http://pagotxa.eus/errezeta/tiramisua/	"Mascarpone gazta krematsua, 250 g"
http://pagotxa.eus/errezeta/tiramisua/	"4 arrautza zuringo"
http://pagotxa.eus/errezeta/tiramisua/	"Tiramisua"
http://pagotxa.eus/errezeta/entsalada-errusiarra/	"4 azenario"
http://pagotxa.eus/errezeta/entsalada-errusiarra/	"3/4 kg patata"
http://pagotxa.eus/errezeta/entsalada-errusiarra/	"3 arrautza"
http://pagotxa.eus/errezeta/entsalada-errusiarra/	"Ilar fin-finak, pote txiki bat"
http://pagotxa.eus/errezeta/entsalada-errusiarra/	"Artoa, lata txiki bat"
http://pagotxa.eus/errezeta/entsalada-errusiarra/	"Hegaluze ongi hautatua, oliotan edo ozpinetan kontserbatua, puska bat"
http://pagotxa.eus/errezeta/entsalada-errusiarra/	"1/4 l maionesa"
http://pagotxa.eus/errezeta/entsalada-errusiarra/	", norberak egina, ez oso lodia"
http://pagotxa.eus/errezeta/entsalada-errusiarra/	"Tipulin txiki bat, xehatua"
http://pagotxa.eus/errezeta/entsalada-errusiarra/	"Piper berde bat, xehatua"
http://pagotxa.eus/errezeta/entsalada-errusiarra/	"Gatza"
http://pagotxa.eus/errezeta/entsalada-errusiarra/	"Sagardo-ozpina, pittin bat"
http://pagotxa.eus/errezeta/txokolate-moussea/	"300 g txokolatea ilun, kalitate onekoa"
http://pagotxa.eus/errezeta/txokolate-moussea/	"2 arrautza eta 2 gorringo"
http://pagotxa.eus/errezeta/txokolate-moussea/	"5 koilarakada azukre"
http://pagotxa.eus/errezeta/txokolate-moussea/	"Litro erdia esnegain, harrotua"
http://pagotxa.eus/errezeta/txokolate-moussea/	"Xorta bat ron"
http://pagotxa.eus/errezeta/marrubiak-laranja-zuku-eta-eztiarekin/	"750 g marrubi, ongi onduak, laurdenetan zatituak"
http://pagotxa.eus/errezeta/marrubiak-laranja-zuku-eta-eztiarekin/	"Ezti pixar bat"
http://pagotxa.eus/errezeta/marrubiak-laranja-zuku-eta-eztiarekin/	"Laranja zukua, litro laurdena"
http://pagotxa.eus/errezeta/arrozesnea/	"Litro bat esne"
http://pagotxa.eus/errezeta/arrozesnea/	"Pote bat esne lurrindua (ez da ezinbestekoa)"
http://pagotxa.eus/errezeta/arrozesnea/	"200 g arroz, pikor biribilekoa"
http://pagotxa.eus/errezeta/arrozesnea/	"Laranja azal bat eta limoi azal bat"
http://pagotxa.eus/errezeta/arrozesnea/	"Kanela adaxka bat"
http://pagotxa.eus/errezeta/arrozesnea/	"150 g azukre"
http://pagotxa.eus/errezeta/perretxiko-nahaskia/	"8 arrautza"
http://pagotxa.eus/errezeta/perretxiko-nahaskia/	"garaiko perretxikoak, eskukada bat pertsonako"
http://pagotxa.eus/errezeta/perretxiko-nahaskia/	"oliba olia"
http://pagotxa.eus/errezeta/perretxiko-nahaskia/	"gatza"
http://pagotxa.eus/errezeta/ganbak-baratxuritan/	"40 ganba"
http://pagotxa.eus/errezeta/ganbak-baratxuritan/	"8 baratxuri ale"
http://pagotxa.eus/errezeta/ganbak-baratxuritan/	"4 kaienatxo"
http://pagotxa.eus/errezeta/ganbak-baratxuritan/	"10 goilarakada oliba olio"
http://pagotxa.eus/errezeta/ganbak-baratxuritan/	"gatza"
http://pagotxa.eus/errezeta/kuia-edo-kalabaza-krema/	"kilo bat kuia"
http://pagotxa.eus/errezeta/kuia-edo-kalabaza-krema/	"2 azenario"
http://pagotxa.eus/errezeta/kuia-edo-kalabaza-krema/	"patata bat"
http://pagotxa.eus/errezeta/kuia-edo-kalabaza-krema/	"baratxuri buru bat"
http://pagotxa.eus/errezeta/kuia-edo-kalabaza-krema/	"tipulin txiki bat"
http://pagotxa.eus/errezeta/kuia-edo-kalabaza-krema/	"bi koilarakada gurin"
http://pagotxa.eus/errezeta/kuia-edo-kalabaza-krema/	"gatza"
http://pagotxa.eus/errezeta/kuia-edo-kalabaza-krema/	"piper hauts zuria"
http://pagotxa.eus/errezeta/patata-errioxarrak/	"0,5 kg patata (ez dute zertan Errioxakoak izan beharrik ;-))"
http://pagotxa.eus/errezeta/patata-errioxarrak/	"oliba olioa 4 goilarakada"
http://pagotxa.eus/errezeta/patata-errioxarrak/	"4 txorizo, bana, alegia. (Luzeetakoa bada, zatitu eta kito)"
http://pagotxa.eus/errezeta/patata-errioxarrak/	"ardo txuri kopa bat"
http://pagotxa.eus/errezeta/patata-errioxarrak/	"tipulina bat"
http://pagotxa.eus/errezeta/patata-errioxarrak/	"piper gorri edo pikilloak"
http://pagotxa.eus/errezeta/patata-errioxarrak/	"pipermin gozoa"
http://pagotxa.eus/errezeta/patata-errioxarrak/	"ura"
http://pagotxa.eus/errezeta/patata-errioxarrak/	"Patata errioxarrak"
http://pagotxa.eus/errezeta/pizza-antxoilekin/	"250g irin"
http://pagotxa.eus/errezeta/pizza-antxoilekin/	"125cl ur"
http://pagotxa.eus/errezeta/pizza-antxoilekin/	"7g legami"
http://pagotxa.eus/errezeta/pizza-antxoilekin/	"7g gatz"
http://pagotxa.eus/errezeta/pizza-antxoilekin/	"25g oliba olio"
http://pagotxa.eus/errezeta/pizza-antxoilekin/	"tomate saltsa litro bat"
http://pagotxa.eus/errezeta/pizza-antxoilekin/	"2 mozzarela bola"
http://pagotxa.eus/errezeta/pizza-antxoilekin/	"albaka"
http://pagotxa.eus/errezeta/pizza-antxoilekin/	"antxoa poto bat"
http://pagotxa.eus/errezeta/potoko-barazkien-menestra/	"8 kontserbako alkatxofa"
http://pagotxa.eus/errezeta/potoko-barazkien-menestra/	"2 patata"
http://pagotxa.eus/errezeta/potoko-barazkien-menestra/	"azenario egosi pote bat"
http://pagotxa.eus/errezeta/potoko-barazkien-menestra/	"kontserbako ilar pote bat"
http://pagotxa.eus/errezeta/potoko-barazkien-menestra/	"kontserbako kardu pote bat"
http://pagotxa.eus/errezeta/potoko-barazkien-menestra/	"4 urdaiazpiko xerra (begetarianoi eta beganoek ez)"
http://pagotxa.eus/errezeta/potoko-barazkien-menestra/	"tipulin bat"
http://pagotxa.eus/errezeta/potoko-barazkien-menestra/	"baratxuri buru bat"
http://pagotxa.eus/errezeta/potoko-barazkien-menestra/	"gatza"
http://pagotxa.eus/errezeta/potoko-barazkien-menestra/	"oliba olioa"
http://pagotxa.eus/errezeta/intxaur-eta-txokolate-browniea/	"125g Irin"
http://pagotxa.eus/errezeta/intxaur-eta-txokolate-browniea/	"125g Gurin"
http://pagotxa.eus/errezeta/intxaur-eta-txokolate-browniea/	"125g Azukre"
http://pagotxa.eus/errezeta/intxaur-eta-txokolate-browniea/	"125g “70%” txokolate"
http://pagotxa.eus/errezeta/intxaur-eta-txokolate-browniea/	"50g intxaur"
http://pagotxa.eus/errezeta/intxaur-eta-txokolate-browniea/	"2 arrautza"
http://pagotxa.eus/errezeta/intxaur-eta-txokolate-browniea/	"gatza"
http://pagotxa.eus/errezeta/intxaur-eta-txokolate-browniea/	"Intxaur eta txokolate browniea"
http://pagotxa.eus/errezeta/muskuiluak-saltsan-2/	"24 muskuilu ale"
http://pagotxa.eus/errezeta/muskuiluak-saltsan-2/	"tipulina erdi bat"
http://pagotxa.eus/errezeta/muskuiluak-saltsan-2/	"3 baratxuri atal"
http://pagotxa.eus/errezeta/muskuiluak-saltsan-2/	"perrexilla"
http://pagotxa.eus/errezeta/muskuiluak-saltsan-2/	"ardo txuria"
http://pagotxa.eus/errezeta/muskuiluak-saltsan-2/	"erramua"
http://pagotxa.eus/errezeta/muskuiluak-saltsan-2/	"gatza"
http://pagotxa.eus/errezeta/muskuiluak-saltsan-2/	"piper hauts beltza"
http://pagotxa.eus/errezeta/muskuiluak-saltsan-2/	"tomatea (aukeran)"
http://pagotxa.eus/errezeta/barazki-krepeak/	"Sarrazeno gari-irina (baso handi bat)"
http://pagotxa.eus/errezeta/barazki-krepeak/	"ura"
http://pagotxa.eus/errezeta/barazki-krepeak/	"gatza"
http://pagotxa.eus/errezeta/barazki-krepeak/	"olioa"
http://pagotxa.eus/errezeta/barazki-krepeak/	"barazkiak (aurreko eguneko soberak edo etxean dauzkagunak)"
http://pagotxa.eus/errezeta/kalabaza-esne-gabeko-bexamelarekin/	"kuia edo kalabaza"
http://pagotxa.eus/errezeta/kalabaza-esne-gabeko-bexamelarekin/	"tipula bat"
http://pagotxa.eus/errezeta/kalabaza-esne-gabeko-bexamelarekin/	"irina"
http://pagotxa.eus/errezeta/kalabaza-esne-gabeko-bexamelarekin/	"olioa"
http://pagotxa.eus/errezeta/kalabaza-esne-gabeko-bexamelarekin/	"ura"
http://pagotxa.eus/errezeta/kalabaza-esne-gabeko-bexamelarekin/	"gatza"
http://pagotxa.eus/errezeta/kalabaza-esne-gabeko-bexamelarekin/	"sobratu zaigun arroza egosia"
http://pagotxa.eus/errezeta/amonaren-arroz-budina/	"100gr arroz"
http://pagotxa.eus/errezeta/amonaren-arroz-budina/	"esne litro bat"
http://pagotxa.eus/errezeta/amonaren-arroz-budina/	"300gr azukre"
http://pagotxa.eus/errezeta/amonaren-arroz-budina/	"kanela"
http://pagotxa.eus/errezeta/amonaren-arroz-budina/	"4 arrautz"
http://pagotxa.eus/errezeta/amonaren-garbantzu-chowderra/	"garbantzu"
http://pagotxa.eus/errezeta/amonaren-garbantzu-chowderra/	" poto bat"
http://pagotxa.eus/errezeta/amonaren-garbantzu-chowderra/	"kuia"
http://pagotxa.eus/errezeta/amonaren-garbantzu-chowderra/	"tipula 1"
http://pagotxa.eus/errezeta/amonaren-garbantzu-chowderra/	"2 porru"
http://pagotxa.eus/errezeta/amonaren-garbantzu-chowderra/	"2-3 azenario"
http://pagotxa.eus/errezeta/amonaren-garbantzu-chowderra/	"fideoak"
http://pagotxa.eus/errezeta/amonaren-garbantzu-chowderra/	"olioa"
http://pagotxa.eus/errezeta/amonaren-garbantzu-chowderra/	"gatza"
http://pagotxa.eus/errezeta/amonaren-carbonade-flamande-patata-frijituekin/	"olioa"
http://pagotxa.eus/errezeta/amonaren-carbonade-flamande-patata-frijituekin/	"4 tipula"
http://pagotxa.eus/errezeta/amonaren-carbonade-flamande-patata-frijituekin/	"2 baratxuri"
http://pagotxa.eus/errezeta/amonaren-carbonade-flamande-patata-frijituekin/	"kilo bat haragi"
http://pagotxa.eus/errezeta/amonaren-carbonade-flamande-patata-frijituekin/	"gatza"
http://pagotxa.eus/errezeta/amonaren-carbonade-flamande-patata-frijituekin/	"piperrautsa"
http://pagotxa.eus/errezeta/amonaren-carbonade-flamande-patata-frijituekin/	"salda pixka bat"
http://pagotxa.eus/errezeta/amonaren-carbonade-flamande-patata-frijituekin/	"litro erdi garagardo (Lambic, Gueuze; Leffe)"
http://pagotxa.eus/errezeta/amonaren-carbonade-flamande-patata-frijituekin/	"2 sagar"
http://pagotxa.eus/errezeta/amonaren-carbonade-flamande-patata-frijituekin/	"tomatea"
http://pagotxa.eus/errezeta/amonaren-carbonade-flamande-patata-frijituekin/	"azenarioak"
http://pagotxa.eus/errezeta/amonaren-carbonade-flamande-patata-frijituekin/	"Patatak"
http://pagotxa.eus/errezeta/amonaren-carbonade-flamande-patata-frijituekin/	"erramu hosto bat"
http://pagotxa.eus/errezeta/amonaren-hur-kanapeak/	"hur tostatu eta xehatua (100 gr)"
http://pagotxa.eus/errezeta/amonaren-hur-kanapeak/	"arrautza bat"
http://pagotxa.eus/errezeta/amonaren-hur-kanapeak/	"50 gr gurin"
http://pagotxa.eus/errezeta/amonaren-hur-kanapeak/	"bi goilarakada tomate"
http://pagotxa.eus/errezeta/amonaren-hur-kanapeak/	"jamon york"
http://pagotxa.eus/errezeta/hozkailuan-duzun-kalabaza-eta-brokolia-berrerabiltzeko-3-errezeta-azkar/	"kuia edo kalabaza"
http://pagotxa.eus/errezeta/hozkailuan-duzun-kalabaza-eta-brokolia-berrerabiltzeko-3-errezeta-azkar/	"brokolia"
http://pagotxa.eus/errezeta/hozkailuan-duzun-kalabaza-eta-brokolia-berrerabiltzeko-3-errezeta-azkar/	"tipula"
http://pagotxa.eus/errezeta/hozkailuan-duzun-kalabaza-eta-brokolia-berrerabiltzeko-3-errezeta-azkar/	"azenarioa"
http://pagotxa.eus/errezeta/hozkailuan-duzun-kalabaza-eta-brokolia-berrerabiltzeko-3-errezeta-azkar/	"gatza"
http://pagotxa.eus/errezeta/hozkailuan-duzun-kalabaza-eta-brokolia-berrerabiltzeko-3-errezeta-azkar/	"olio apurtxo bat"
http://pagotxa.eus/errezeta/hozkailuan-duzun-kalabaza-eta-brokolia-berrerabiltzeko-3-errezeta-azkar/	"ura"
http://pagotxa.eus/errezeta/hozkailuan-duzun-kalabaza-eta-brokolia-berrerabiltzeko-3-errezeta-azkar/	"pestoa"
http://pagotxa.eus/errezeta/hozkailuan-duzun-kalabaza-eta-brokolia-berrerabiltzeko-3-errezeta-azkar/	"fideoak, ogi xigortua, "
http://pagotxa.eus/errezeta/hozkailuan-duzun-kalabaza-eta-brokolia-berrerabiltzeko-3-errezeta-azkar/	"edo"
http://pagotxa.eus/errezeta/hozkailuan-duzun-kalabaza-eta-brokolia-berrerabiltzeko-3-errezeta-azkar/	" oloa"
http://pagotxa.eus/errezeta/san-blas-opila/	"Masa egiteko:"
http://pagotxa.eus/errezeta/san-blas-opila/	" irina, 10 koilarakada azukre, 3 arrautza, royal koilarakada bat, gatz apur bat, 100gr gurin, eta anis esentzia."
http://pagotxa.eus/errezeta/san-blas-opila/	"Bainu zuria:"
http://pagotxa.eus/errezeta/san-blas-opila/	" 5 koilarakada azukre, arrautza zuringo bat, 1 edo 2 ur koilarakada eta limoi bat."
http://pagotxa.eus/errezeta/erregetako-roskoia-eta-errege-opila/	"500 gr. irin"
http://pagotxa.eus/errezeta/erregetako-roskoia-eta-errege-opila/	"100 gr. azukre"
http://pagotxa.eus/errezeta/erregetako-roskoia-eta-errege-opila/	"100 gr. gurin"
http://pagotxa.eus/errezeta/erregetako-roskoia-eta-errege-opila/	"2 arrautza"
http://pagotxa.eus/errezeta/erregetako-roskoia-eta-errege-opila/	"Laranja birrindura"
http://pagotxa.eus/errezeta/erregetako-roskoia-eta-errege-opila/	"20 gr. okindegiko legamia"
http://pagotxa.eus/errezeta/erregetako-roskoia-eta-errege-opila/	"Laranja-lore ura"
http://pagotxa.eus/errezeta/erregetako-roskoia-eta-errege-opila/	"200 esne dezilitro"
http://pagotxa.eus/errezeta/gabon-konpota/	"2 l ur"
http://pagotxa.eus/errezeta/gabon-konpota/	"Litro bat ardo beltz, ona"
http://pagotxa.eus/errezeta/gabon-konpota/	"400 g azukre"
http://pagotxa.eus/errezeta/gabon-konpota/	"Kanela, ezpal bat"
http://pagotxa.eus/errezeta/gabon-konpota/	"Litro laurdena mertxika-zati lehor"
http://pagotxa.eus/errezeta/gabon-konpota/	"Litro laurdena aran pasa"
http://pagotxa.eus/errezeta/gabon-konpota/	"Litro laurdena piku lehor"
http://pagotxa.eus/errezeta/gabon-konpota/	"Litro laurdena mahaspasa"
http://pagotxa.eus/errezeta/udazken-kalabaza-zopa/	"kuia"
http://pagotxa.eus/errezeta/udazken-kalabaza-zopa/	" edo kalabaza"
http://pagotxa.eus/errezeta/udazken-kalabaza-zopa/	"2 porru"
http://pagotxa.eus/errezeta/udazken-kalabaza-zopa/	"fideoak"
http://pagotxa.eus/errezeta/udazken-kalabaza-zopa/	"gatza"
http://pagotxa.eus/errezeta/udazken-kalabaza-zopa/	"olioa"
http://pagotxa.eus/errezeta/udazken-kalabaza-zopa/	"ura"
http://pagotxa.eus/errezeta/giltzurrunak-xerezetan/	"2 txahal giltzurrun"
http://pagotxa.eus/errezeta/giltzurrunak-xerezetan/	"limoi edo ozpina"
http://pagotxa.eus/errezeta/giltzurrunak-xerezetan/	"tipula gorri bat"
http://pagotxa.eus/errezeta/giltzurrunak-xerezetan/	"3 baratxuri"
http://pagotxa.eus/errezeta/giltzurrunak-xerezetan/	"irin goilarekada bat"
http://pagotxa.eus/errezeta/giltzurrunak-xerezetan/	"tomatea"
http://pagotxa.eus/errezeta/giltzurrunak-xerezetan/	"xerez lehorra"
http://pagotxa.eus/errezeta/giltzurrunak-xerezetan/	"pikantea"
http://pagotxa.eus/errezeta/giltzurrunak-xerezetan/	"gazta"
http://pagotxa.eus/errezeta/york-urdaiazpikoarekin-eta-gaztarekin-betetako-xerrak/	"haragi xerrak"
http://pagotxa.eus/errezeta/york-urdaiazpikoarekin-eta-gaztarekin-betetako-xerrak/	"urdaiazpikoa"
http://pagotxa.eus/errezeta/york-urdaiazpikoarekin-eta-gaztarekin-betetako-xerrak/	"gazta"
http://pagotxa.eus/errezeta/york-urdaiazpikoarekin-eta-gaztarekin-betetako-xerrak/	"irina"
http://pagotxa.eus/errezeta/york-urdaiazpikoarekin-eta-gaztarekin-betetako-xerrak/	"arrautzak"
http://pagotxa.eus/errezeta/york-urdaiazpikoarekin-eta-gaztarekin-betetako-xerrak/	"ogi arraila edo ogi birrindua"
http://pagotxa.eus/errezeta/amonaren-oilaskoa-euskal-erara/	"oilasko bat"
http://pagotxa.eus/errezeta/amonaren-oilaskoa-euskal-erara/	"olioa"
http://pagotxa.eus/errezeta/amonaren-oilaskoa-euskal-erara/	"tipula bat"
http://pagotxa.eus/errezeta/amonaren-oilaskoa-euskal-erara/	"porrua"
http://pagotxa.eus/errezeta/amonaren-oilaskoa-euskal-erara/	"azenarioa"
http://pagotxa.eus/errezeta/amonaren-oilaskoa-euskal-erara/	"tomate txiki bat"
http://pagotxa.eus/errezeta/amonaren-oilaskoa-euskal-erara/	"perrexila"
http://pagotxa.eus/errezeta/amonaren-oilaskoa-euskal-erara/	"sagar bat"
http://pagotxa.eus/errezeta/amonaren-oilaskoa-euskal-erara/	"udare bat"
http://pagotxa.eus/errezeta/amonaren-oilaskoa-euskal-erara/	"patata txiki bat"
http://pagotxa.eus/errezeta/amonaren-oilaskoa-euskal-erara/	"ardo txuria"
http://pagotxa.eus/errezeta/amonaren-oilaskoa-pepitorian/	"oilasko bat"
http://pagotxa.eus/errezeta/amonaren-oilaskoa-pepitorian/	"olioa"
http://pagotxa.eus/errezeta/amonaren-oilaskoa-pepitorian/	"baratxuriak"
http://pagotxa.eus/errezeta/amonaren-oilaskoa-pepitorian/	"tipula"
http://pagotxa.eus/errezeta/amonaren-oilaskoa-pepitorian/	"tomate egosia"
http://pagotxa.eus/errezeta/amonaren-oilaskoa-pepitorian/	"urdaiazpiko pixka bat"
http://pagotxa.eus/errezeta/amonaren-oilaskoa-pepitorian/	"txanpiñoiak"
http://pagotxa.eus/errezeta/amonaren-oilaskoa-pepitorian/	"goilarakada bat irin"
http://pagotxa.eus/errezeta/amonaren-oilaskoa-pepitorian/	"cognac edo ardo txuri kopa bat"
http://pagotxa.eus/errezeta/amonaren-oilaskoa-pepitorian/	"salda edo ura"
http://pagotxa.eus/errezeta/amonaren-haragi-tournea/	"solomo oso bat"
http://pagotxa.eus/errezeta/amonaren-haragi-tournea/	"ogi opil bat"
http://pagotxa.eus/errezeta/amonaren-haragi-tournea/	"azenario batzuk (250 gr)"
http://pagotxa.eus/errezeta/amonaren-haragi-tournea/	"patata "
http://pagotxa.eus/errezeta/amonaren-haragi-tournea/	"aukeran"
http://pagotxa.eus/errezeta/amonaren-haragi-tournea/	"txanpiñoiak"
http://pagotxa.eus/errezeta/amonaren-haragi-tournea/	"orburuak"
http://pagotxa.eus/errezeta/amonaren-haragi-tournea/	"ilarrak"
http://pagotxa.eus/errezeta/amonaren-haragi-tournea/	"gurina"
http://pagotxa.eus/errezeta/amonaren-haragi-tournea/	"gatza"
http://pagotxa.eus/errezeta/amonaren-haragi-tournea/	"olioa"
http://pagotxa.eus/errezeta/amonaren-txahalki-urdaiztatua/	"hegal haragia (biribilkia edo besokia)"
http://pagotxa.eus/errezeta/amonaren-txahalki-urdaiztatua/	"tipula"
http://pagotxa.eus/errezeta/amonaren-txahalki-urdaiztatua/	"olioa"
http://pagotxa.eus/errezeta/amonaren-txahalki-urdaiztatua/	"perrexila"
http://pagotxa.eus/errezeta/amonaren-txahalki-urdaiztatua/	"pattarra edo ardo txuria"
http://pagotxa.eus/errezeta/amonaren-txahalkia-bere-zukuan/	"Hegal haragia (biribilkia edo besokia)"
http://pagotxa.eus/errezeta/amonaren-txahalkia-bere-zukuan/	"tipula"
http://pagotxa.eus/errezeta/amonaren-txahalkia-bere-zukuan/	"3 baratxuri"
http://pagotxa.eus/errezeta/amonaren-txahalkia-bere-zukuan/	"olioa"
http://pagotxa.eus/errezeta/amonaren-txahalkia-bere-zukuan/	"perrexila"
http://pagotxa.eus/errezeta/amonaren-txahalkia-bere-zukuan/	"pattarra edo ardo txuria"
http://pagotxa.eus/errezeta/untxia-ehiztari-erara/	"untxia"
http://pagotxa.eus/errezeta/untxia-ehiztari-erara/	"gatza"
http://pagotxa.eus/errezeta/untxia-ehiztari-erara/	"piperrautsa"
http://pagotxa.eus/errezeta/untxia-ehiztari-erara/	"tipula bat"
http://pagotxa.eus/errezeta/untxia-ehiztari-erara/	"baratxuria"
http://pagotxa.eus/errezeta/untxia-ehiztari-erara/	"perrexila"
http://pagotxa.eus/errezeta/untxia-ehiztari-erara/	"bi tomate"
http://pagotxa.eus/errezeta/untxia-ehiztari-erara/	"ura"
http://pagotxa.eus/errezeta/untxia-ehiztari-erara/	"250 gr txanpiñoi"
http://pagotxa.eus/errezeta/untxia-ehiztari-erara/	"125 gr urdaizpiko"
http://pagotxa.eus/errezeta/untxia-ehiztari-erara/	"jerez lehorra"
http://pagotxa.eus/errezeta/torrada-karamelizatuak/	"4 lagunentzat"
http://pagotxa.eus/errezeta/torrada-karamelizatuak/	"• Baserriko ogia"
http://pagotxa.eus/errezeta/torrada-karamelizatuak/	" • Banilla pusketa bat"
http://pagotxa.eus/errezeta/torrada-karamelizatuak/	" • Litro bat baserriko esne"
http://pagotxa.eus/errezeta/torrada-karamelizatuak/	" • 2 arrautza"
http://pagotxa.eus/errezeta/torrada-karamelizatuak/	" • 200 g azukre"
http://pagotxa.eus/errezeta/torrada-karamelizatuak/	" • Oliba olioa"
http://pagotxa.eus/errezeta/torrada-karamelizatuak/	"Karamelatzeko:"
http://pagotxa.eus/errezeta/torrada-karamelizatuak/	" • 2 koilarakada azukre"
http://pagotxa.eus/errezeta/krepeak-sagarrez-beteak/	"4 lagunentzat"
http://pagotxa.eus/errezeta/krepeak-sagarrez-beteak/	"6 arrautza"
http://pagotxa.eus/errezeta/krepeak-sagarrez-beteak/	"200 g irina"
http://pagotxa.eus/errezeta/krepeak-sagarrez-beteak/	"75 g gurina"
http://pagotxa.eus/errezeta/krepeak-sagarrez-beteak/	"50 g azukrea"
http://pagotxa.eus/errezeta/krepeak-sagarrez-beteak/	"Litro erdi esne"
http://pagotxa.eus/errezeta/krepeak-sagarrez-beteak/	"2 golden sagar"
http://pagotxa.eus/errezeta/krepeak-sagarrez-beteak/	"Karamelizatzeko:"
http://pagotxa.eus/errezeta/krepeak-sagarrez-beteak/	"Azukrea (4 koil.)"
http://pagotxa.eus/errezeta/krepeak-sagarrez-beteak/	"Gurina (1 koil.)"
http://pagotxa.eus/errezeta/anana-errea/	"4 lagunentzat"
http://pagotxa.eus/errezeta/anana-errea/	"Anana"
http://pagotxa.eus/errezeta/anana-errea/	" bat"
http://pagotxa.eus/errezeta/anana-errea/	"Azukrea lau goilarakada"
http://pagotxa.eus/errezeta/anana-errea/	"Gurina lau goilaratxo"
http://pagotxa.eus/errezeta/anana-errea/	"Esnegaina 100 zl"
http://pagotxa.eus/errezeta/igel-hanka-salteatuak/	"4 lagunentzat"
http://pagotxa.eus/errezeta/igel-hanka-salteatuak/	"Kg bat igel hanka garbi, eskeletotik bereiziak"
http://pagotxa.eus/errezeta/igel-hanka-salteatuak/	"4 baratxuri ale, pikatuak"
http://pagotxa.eus/errezeta/igel-hanka-salteatuak/	"Eskukada bat perrexil, pikatua"
http://pagotxa.eus/errezeta/igel-hanka-salteatuak/	"8 koilarakada oliba olio"
http://pagotxa.eus/errezeta/igel-hanka-salteatuak/	"Limoi bat, lautan zatitua"
http://pagotxa.eus/errezeta/txerri-masailak-saltsan/	"Kilo bat "
http://pagotxa.eus/errezeta/txerri-masailak-saltsan/	"txerri masail"
http://pagotxa.eus/errezeta/txerri-masailak-saltsan/	"matrail"
http://pagotxa.eus/errezeta/txerri-masailak-saltsan/	"Porru bat"
http://pagotxa.eus/errezeta/txerri-masailak-saltsan/	"Bi tipula"
http://pagotxa.eus/errezeta/txerri-masailak-saltsan/	"Bi azenario"
http://pagotxa.eus/errezeta/txerri-masailak-saltsan/	"Lau baratxuri ale"
http://pagotxa.eus/errezeta/txerri-masailak-saltsan/	"Piper beltz ale batzuk"
http://pagotxa.eus/errezeta/txerri-masailak-saltsan/	"3/4 litro ardo beltz"
http://pagotxa.eus/errezeta/txerri-masailak-saltsan/	"Basokada bat Oporto"
http://pagotxa.eus/errezeta/txerri-masailak-saltsan/	"Oliba olioa"
http://pagotxa.eus/errezeta/txerri-masailak-saltsan/	"Gatza"
http://pagotxa.eus/errezeta/haragi-xerra-eta-baratxuri-ogitartekoa/	"Opil bat, bitan irekia"
http://pagotxa.eus/errezeta/haragi-xerra-eta-baratxuri-ogitartekoa/	"Haragi"
http://pagotxa.eus/errezeta/haragi-xerra-eta-baratxuri-ogitartekoa/	" xerra bat, ez oso lodia, zaharrarena edo gaztearena (behia edo txahala)"
http://pagotxa.eus/errezeta/haragi-xerra-eta-baratxuri-ogitartekoa/	"2 baratxuri ale, xerratan"
http://pagotxa.eus/errezeta/haragi-xerra-eta-baratxuri-ogitartekoa/	"Xorta bat oliba olio"
http://pagotxa.eus/errezeta/haragi-xerra-eta-baratxuri-ogitartekoa/	"Gatza"
http://pagotxa.eus/errezeta/haragi-fonduea/	"Kg bat behi edo txahal azpizun edo solomo, dado ederretan moztua"
http://pagotxa.eus/errezeta/haragi-fonduea/	"Litro eta erdi oliba olio"
http://pagotxa.eus/errezeta/haragi-fonduea/	"3 baratxuri ale"
http://pagotxa.eus/errezeta/haragi-fonduea/	"Haragi fonduea"
http://pagotxa.eus/errezeta/txerri-azpizuna-txanpinoi-krema-eta-idiazabal-gazta-ukituarekin/	"Txerri azpizuna, 2 xolomo xerratu"
http://pagotxa.eus/errezeta/txerri-azpizuna-txanpinoi-krema-eta-idiazabal-gazta-ukituarekin/	"Txanpiñoiak"
http://pagotxa.eus/errezeta/txerri-azpizuna-txanpinoi-krema-eta-idiazabal-gazta-ukituarekin/	", 250 g"
http://pagotxa.eus/errezeta/txerri-azpizuna-txanpinoi-krema-eta-idiazabal-gazta-ukituarekin/	"Esne gaina, 200 cl"
http://pagotxa.eus/errezeta/txerri-azpizuna-txanpinoi-krema-eta-idiazabal-gazta-ukituarekin/	"Idiazabalgo gazta "
http://pagotxa.eus/errezeta/txerri-azpizuna-txanpinoi-krema-eta-idiazabal-gazta-ukituarekin/	"zatitxo bat"
http://pagotxa.eus/errezeta/txerri-azpizuna-txanpinoi-krema-eta-idiazabal-gazta-ukituarekin/	"Oliba olioa"
http://pagotxa.eus/errezeta/txerri-azpizuna-txanpinoi-krema-eta-idiazabal-gazta-ukituarekin/	"Piperbeltz hautsa"
http://pagotxa.eus/errezeta/txerri-azpizuna-txanpinoi-krema-eta-idiazabal-gazta-ukituarekin/	"Gatza"
http://pagotxa.eus/errezeta/txekor-azpizuna-orburuekin-eta-idiazabalgo-gaztaren-saltsarekin/	"4 azpizun xerra (200 g ingurukoa bakoitza)"
http://pagotxa.eus/errezeta/txekor-azpizuna-orburuekin-eta-idiazabalgo-gaztaren-saltsarekin/	"Dozena bat orburu"
http://pagotxa.eus/errezeta/txekor-azpizuna-orburuekin-eta-idiazabalgo-gaztaren-saltsarekin/	"Idiazabalgo gazta "
http://pagotxa.eus/errezeta/txekor-azpizuna-orburuekin-eta-idiazabalgo-gaztaren-saltsarekin/	"puska bat, 150 g"
http://pagotxa.eus/errezeta/txekor-azpizuna-orburuekin-eta-idiazabalgo-gaztaren-saltsarekin/	"Basokada bat esne gain"
http://pagotxa.eus/errezeta/txekor-azpizuna-orburuekin-eta-idiazabalgo-gaztaren-saltsarekin/	"Koilarakada pare bat irin"
http://pagotxa.eus/errezeta/txekor-azpizuna-orburuekin-eta-idiazabalgo-gaztaren-saltsarekin/	"Oliba olio birjina"
http://pagotxa.eus/errezeta/txekor-azpizuna-orburuekin-eta-idiazabalgo-gaztaren-saltsarekin/	"Gatza"
http://pagotxa.eus/errezeta/txekor-azpizuna-orburuekin-eta-idiazabalgo-gaztaren-saltsarekin/	"Piperrauts beltza"
http://pagotxa.eus/errezeta/oilasko-txikiak-bizkaitar-erara/	"4 Oilasko"
http://pagotxa.eus/errezeta/oilasko-txikiak-bizkaitar-erara/	"txo (bakoitza 400 g)"
http://pagotxa.eus/errezeta/oilasko-txikiak-bizkaitar-erara/	"2 Tipula "
http://pagotxa.eus/errezeta/oilasko-txikiak-bizkaitar-erara/	"gorri"
http://pagotxa.eus/errezeta/oilasko-txikiak-bizkaitar-erara/	"2 Tipula zuri"
http://pagotxa.eus/errezeta/oilasko-txikiak-bizkaitar-erara/	"2 Tomate "
http://pagotxa.eus/errezeta/oilasko-txikiak-bizkaitar-erara/	"heldu"
http://pagotxa.eus/errezeta/oilasko-txikiak-bizkaitar-erara/	"4 Piper"
http://pagotxa.eus/errezeta/oilasko-txikiak-bizkaitar-erara/	" txorizero"
http://pagotxa.eus/errezeta/oilasko-txikiak-bizkaitar-erara/	"4 Baratxuri ale"
http://pagotxa.eus/errezeta/oilasko-txikiak-bizkaitar-erara/	"2 Kopatxo ardo zuri"
http://pagotxa.eus/errezeta/oilasko-txikiak-bizkaitar-erara/	"Oliba olio birjina"
http://pagotxa.eus/errezeta/oilasko-txikiak-bizkaitar-erara/	"Gatza"
http://pagotxa.eus/errezeta/zapo-kuia-txiki-eta-txanpinoi-brotxetak/	"Itsas "
http://pagotxa.eus/errezeta/zapo-kuia-txiki-eta-txanpinoi-brotxetak/	"zapo"
http://pagotxa.eus/errezeta/zapo-kuia-txiki-eta-txanpinoi-brotxetak/	"bat"
http://pagotxa.eus/errezeta/zapo-kuia-txiki-eta-txanpinoi-brotxetak/	"Kuia"
http://pagotxa.eus/errezeta/zapo-kuia-txiki-eta-txanpinoi-brotxetak/	"txiki bat"
http://pagotxa.eus/errezeta/zapo-kuia-txiki-eta-txanpinoi-brotxetak/	"200 g "
http://pagotxa.eus/errezeta/zapo-kuia-txiki-eta-txanpinoi-brotxetak/	"txanpiñoi"
http://pagotxa.eus/errezeta/zapo-kuia-txiki-eta-txanpinoi-brotxetak/	"Hiru baratxuri ale"
http://pagotxa.eus/errezeta/zapo-kuia-txiki-eta-txanpinoi-brotxetak/	"Cherri motako zortzi tomate"
http://pagotxa.eus/errezeta/zapo-kuia-txiki-eta-txanpinoi-brotxetak/	"Gatza"
http://pagotxa.eus/errezeta/zapo-kuia-txiki-eta-txanpinoi-brotxetak/	"Oliba olioa"
http://pagotxa.eus/errezeta/zapo-kuia-txiki-eta-txanpinoi-brotxetak/	"Ozpina"
http://pagotxa.eus/errezeta/zapo-kuia-txiki-eta-txanpinoi-brotxetak/	"Perrexila"
http://pagotxa.eus/errezeta/zapo-kuia-txiki-eta-txanpinoi-brotxetak/	"Brotxetak egiteko lau makil"
http://pagotxa.eus/errezeta/legatz-kokotxak-pil-pil-erara/	"Legatz"
http://pagotxa.eus/errezeta/legatz-kokotxak-pil-pil-erara/	" kokotxa freskoak, 1 kg"
http://pagotxa.eus/errezeta/legatz-kokotxak-pil-pil-erara/	"Oliba olioa"
http://pagotxa.eus/errezeta/legatz-kokotxak-pil-pil-erara/	"Gatza"
http://pagotxa.eus/errezeta/berdela-labean-piperradarekin/	"Lau berdel"
http://pagotxa.eus/errezeta/berdela-labean-piperradarekin/	"Piper "
http://pagotxa.eus/errezeta/berdela-labean-piperradarekin/	"gorri morroia"
http://pagotxa.eus/errezeta/berdela-labean-piperradarekin/	"Piper berdea"
http://pagotxa.eus/errezeta/berdela-labean-piperradarekin/	"Tipula gorri bat"
http://pagotxa.eus/errezeta/berdela-labean-piperradarekin/	"Lau baratxuri ale"
http://pagotxa.eus/errezeta/berdela-labean-piperradarekin/	"Arrain salda"
http://pagotxa.eus/errezeta/berdela-labean-piperradarekin/	"Gatza"
http://pagotxa.eus/errezeta/berdela-labean-piperradarekin/	"Oliba olioa"
http://pagotxa.eus/errezeta/berdela-labean-piperradarekin/	"Ozpina"
http://pagotxa.eus/errezeta/begihandiak-tintan-txibiak-tintan/	"2 kilo begihandi"
http://pagotxa.eus/errezeta/begihandiak-tintan-txibiak-tintan/	"Begihandien tinta"
http://pagotxa.eus/errezeta/begihandiak-tintan-txibiak-tintan/	"Etxeko tomate saltsa kazokada bat"
http://pagotxa.eus/errezeta/begihandiak-tintan-txibiak-tintan/	"3 baratxuri ale"
http://pagotxa.eus/errezeta/begihandiak-tintan-txibiak-tintan/	"3 tipula eder"
http://pagotxa.eus/errezeta/begihandiak-tintan-txibiak-tintan/	"2 piper berde"
http://pagotxa.eus/errezeta/begihandiak-tintan-txibiak-tintan/	"Ardo zuria, basokada bat"
http://pagotxa.eus/errezeta/begihandiak-tintan-txibiak-tintan/	"Gatza"
http://pagotxa.eus/errezeta/begihandiak-tintan-txibiak-tintan/	"Oliba olio birjina"
http://pagotxa.eus/errezeta/begihandiak-tintan-txibiak-tintan/	"Ura"
http://pagotxa.eus/errezeta/tagliatelleak-otarrainxka-eta-txirlekin/	"400 g tagliatelle"
http://pagotxa.eus/errezeta/tagliatelleak-otarrainxka-eta-txirlekin/	"Zortzi otarrainxka"
http://pagotxa.eus/errezeta/tagliatelleak-otarrainxka-eta-txirlekin/	"Ziazerba sorta bat"
http://pagotxa.eus/errezeta/tagliatelleak-otarrainxka-eta-txirlekin/	"Bi dozena txirla"
http://pagotxa.eus/errezeta/tagliatelleak-otarrainxka-eta-txirlekin/	"Bi baratxuri ale"
http://pagotxa.eus/errezeta/tagliatelleak-otarrainxka-eta-txirlekin/	"Oliba olio birjina"
http://pagotxa.eus/errezeta/tagliatelleak-otarrainxka-eta-txirlekin/	"Kopa bat ardo zuri"
http://pagotxa.eus/errezeta/tagliatelleak-otarrainxka-eta-txirlekin/	"Esne gain basokada bat"
http://pagotxa.eus/errezeta/tagliatelleak-otarrainxka-eta-txirlekin/	"Gatza"
http://pagotxa.eus/errezeta/itsas-paella/	"350 g arroz"
http://pagotxa.eus/errezeta/itsas-paella/	"8 otarrainxka"
http://pagotxa.eus/errezeta/itsas-paella/	"Itsas zapo txiki bat"
http://pagotxa.eus/errezeta/itsas-paella/	"250 g txirla"
http://pagotxa.eus/errezeta/itsas-paella/	"250 g Bretainiako muskuilu"
http://pagotxa.eus/errezeta/itsas-paella/	", (txikiak)"
http://pagotxa.eus/errezeta/itsas-paella/	"4 txipiroi"
http://pagotxa.eus/errezeta/itsas-paella/	"3 ale baratxuri"
http://pagotxa.eus/errezeta/itsas-paella/	"Tomate"
http://pagotxa.eus/errezeta/itsas-paella/	" bat"
http://pagotxa.eus/errezeta/itsas-paella/	"Porru"
http://pagotxa.eus/errezeta/itsas-paella/	" bat"
http://pagotxa.eus/errezeta/itsas-paella/	"Oliba olio birjina"
http://pagotxa.eus/errezeta/itsas-paella/	"Gatza"
http://pagotxa.eus/errezeta/itsas-paella/	"Azafrana"
http://pagotxa.eus/errezeta/fideua-barazki-eta-muskuiluekin/	"400 g fideo"
http://pagotxa.eus/errezeta/fideua-barazki-eta-muskuiluekin/	"400 g muskuilu"
http://pagotxa.eus/errezeta/fideua-barazki-eta-muskuiluekin/	"Tomate "
http://pagotxa.eus/errezeta/fideua-barazki-eta-muskuiluekin/	"heldu bat"
http://pagotxa.eus/errezeta/fideua-barazki-eta-muskuiluekin/	"6 orburu"
http://pagotxa.eus/errezeta/fideua-barazki-eta-muskuiluekin/	"Tipulin bat"
http://pagotxa.eus/errezeta/fideua-barazki-eta-muskuiluekin/	"Kuia txiki bat"
http://pagotxa.eus/errezeta/fideua-barazki-eta-muskuiluekin/	"Basokada bat arrain salda"
http://pagotxa.eus/errezeta/fideua-barazki-eta-muskuiluekin/	"Oliba-olio birjina"
http://pagotxa.eus/errezeta/fideua-barazki-eta-muskuiluekin/	"Gatza"
http://pagotxa.eus/errezeta/orburu-txipsak-eta-orburu-egosiak/	"4 pertsonentzako:"
http://pagotxa.eus/errezeta/orburu-txipsak-eta-orburu-egosiak/	"12 orburu"
http://pagotxa.eus/errezeta/orburu-txipsak-eta-orburu-egosiak/	"8 otarrainxka"
http://pagotxa.eus/errezeta/orburu-txipsak-eta-orburu-egosiak/	"Ziazerba sorta bat"
http://pagotxa.eus/errezeta/orburu-txipsak-eta-orburu-egosiak/	"Esnegain basokada bat"
http://pagotxa.eus/errezeta/orburu-txipsak-eta-orburu-egosiak/	"Oliba olioa"
http://pagotxa.eus/errezeta/orburu-txipsak-eta-orburu-egosiak/	"Frijitzeko ekilore olioa"
http://pagotxa.eus/errezeta/orburu-txipsak-eta-orburu-egosiak/	"Gatza"
http://pagotxa.eus/errezeta/orburu-txipsak-eta-orburu-egosiak/	"Egosteko irina"
http://pagotxa.eus/errezeta/tomate-milorriak-txipiroi-eta-tipula-goxatuarekin/	"4 pertsonentzako:"
http://pagotxa.eus/errezeta/tomate-milorriak-txipiroi-eta-tipula-goxatuarekin/	"Txipiroiak 1 kilo (20 bat pieza)"
http://pagotxa.eus/errezeta/tomate-milorriak-txipiroi-eta-tipula-goxatuarekin/	"Tipulak 4"
http://pagotxa.eus/errezeta/tomate-milorriak-txipiroi-eta-tipula-goxatuarekin/	"Baratxuriak 4 ale"
http://pagotxa.eus/errezeta/tomate-milorriak-txipiroi-eta-tipula-goxatuarekin/	"Baserriko tomatea 2"
http://pagotxa.eus/errezeta/tomate-milorriak-txipiroi-eta-tipula-goxatuarekin/	"Oliba olioa"
http://pagotxa.eus/errezeta/tomate-milorriak-txipiroi-eta-tipula-goxatuarekin/	"Sagardo ozpina 2 koilara bete"
http://pagotxa.eus/errezeta/tomate-milorriak-txipiroi-eta-tipula-goxatuarekin/	"Perrexila"
http://pagotxa.eus/errezeta/tomate-milorriak-txipiroi-eta-tipula-goxatuarekin/	"Gatza"
http://pagotxa.eus/errezeta/txanpinoi-txapelak-galeper-arrautza-eta-otarrainxkekin/	"4 pertsonentzako:"
http://pagotxa.eus/errezeta/txanpinoi-txapelak-galeper-arrautza-eta-otarrainxkekin/	"16 txanpiñoi "
http://pagotxa.eus/errezeta/txanpinoi-txapelak-galeper-arrautza-eta-otarrainxkekin/	"handi"
http://pagotxa.eus/errezeta/txanpinoi-txapelak-galeper-arrautza-eta-otarrainxkekin/	"16 "
http://pagotxa.eus/errezeta/txanpinoi-txapelak-galeper-arrautza-eta-otarrainxkekin/	"otarrainxka"
http://pagotxa.eus/errezeta/txanpinoi-txapelak-galeper-arrautza-eta-otarrainxkekin/	"16 galeper arrautza"
http://pagotxa.eus/errezeta/txanpinoi-txapelak-galeper-arrautza-eta-otarrainxkekin/	"4 baratxuri ale"
http://pagotxa.eus/errezeta/txanpinoi-txapelak-galeper-arrautza-eta-otarrainxkekin/	"Perrexila"
http://pagotxa.eus/errezeta/txanpinoi-txapelak-galeper-arrautza-eta-otarrainxkekin/	"Oliba olio birjina"
http://pagotxa.eus/errezeta/txanpinoi-txapelak-galeper-arrautza-eta-otarrainxkekin/	"Gatza"
http://pagotxa.eus/errezeta/txanpinoi-txapelak-galeper-arrautza-eta-otarrainxkekin/	"Kafe koilarakada bat irin"
http://pagotxa.eus/errezeta/txanpinoi-txapelak-galeper-arrautza-eta-otarrainxkekin/	"Basokada erdi oilasko salda"
http://pagotxa.eus/errezeta/kakahuete-pattar-krematsua/	"22,5 cl ur"
http://pagotxa.eus/errezeta/kakahuete-pattar-krematsua/	"75 cl esne"
http://pagotxa.eus/errezeta/kakahuete-pattar-krematsua/	"Kakahuete gurina, 100 g"
http://pagotxa.eus/errezeta/kakahuete-pattar-krematsua/	"30 g azukre"
http://pagotxa.eus/errezeta/kakahuete-pattar-krematsua/	"Kakao hauts zimiko bat"
http://pagotxa.eus/errezeta/kakahuete-pattar-krematsua/	"Gatz pixar bat"
http://pagotxa.eus/errezeta/kakahuete-pattar-krematsua/	"Ron urtetsua, 4 koilarakada handi"
http://pagotxa.eus/errezeta/hur-eta-kakao-pattarra/	"500 g esne"
http://pagotxa.eus/errezeta/hur-eta-kakao-pattarra/	"500 g esnegain likido"
http://pagotxa.eus/errezeta/hur-eta-kakao-pattarra/	"300 g hur-praline"
http://pagotxa.eus/errezeta/hur-eta-kakao-pattarra/	"Kakao hautsa, 4 koilarakada txiki"
http://pagotxa.eus/errezeta/hur-eta-kakao-pattarra/	"150 g hur pattar"
http://pagotxa.eus/errezeta/amonaren-budina/	"4 arrautza"
http://pagotxa.eus/errezeta/amonaren-budina/	"100 gr esnegain"
http://pagotxa.eus/errezeta/amonaren-budina/	"piperrauts zuria"
http://pagotxa.eus/errezeta/amonaren-budina/	"gurina eta ogi arraila"
http://pagotxa.eus/errezeta/amonaren-budina/	"espinakak, arraina, langostinoak, york urdaiazpikoa, urdaiazpiko iberikoa…"
http://pagotxa.eus/errezeta/haragi-albondigak/	"arrautza bat"
http://pagotxa.eus/errezeta/haragi-albondigak/	"baratxuri hortza bat"
http://pagotxa.eus/errezeta/haragi-albondigak/	"perrexila"
http://pagotxa.eus/errezeta/haragi-albondigak/	"gatza"
http://pagotxa.eus/errezeta/haragi-albondigak/	"bi koilarakada ogi birrindu (edo are hobea dena, esnetan bustitako ogia)"
http://pagotxa.eus/errezeta/haragi-albondigak/	"irina"
http://pagotxa.eus/errezeta/amonaren-piper-beteak/	"piper pote bat"
http://pagotxa.eus/errezeta/amonaren-piper-beteak/	"haragi txikitua"
http://pagotxa.eus/errezeta/amonaren-piper-beteak/	"2 arrautza"
http://pagotxa.eus/errezeta/amonaren-piper-beteak/	"ogi birrindu apur bat"
http://pagotxa.eus/errezeta/amonaren-piper-beteak/	"gatz pixka bat"
http://pagotxa.eus/errezeta/amonaren-piper-beteak/	"tipula"
http://pagotxa.eus/errezeta/amonaren-piper-beteak/	"irina"
http://pagotxa.eus/errezeta/amonaren-piper-beteak/	"Saltsa espainiarra"
http://pagotxa.eus/errezeta/txipiroiak-bere-tintan/	"Txipiroiak"
http://pagotxa.eus/errezeta/txipiroiak-bere-tintan/	"Tinta poltsak gorde"
http://pagotxa.eus/errezeta/txipiroiak-bere-tintan/	"olioa"
http://pagotxa.eus/errezeta/txipiroiak-bere-tintan/	"perrexila"
http://pagotxa.eus/errezeta/txipiroiak-bere-tintan/	"tipula"
http://pagotxa.eus/errezeta/txipiroiak-bere-tintan/	"baratxuri hortz bat"
http://pagotxa.eus/errezeta/txipiroiak-bere-tintan/	"ogi zatiak"
http://pagotxa.eus/errezeta/txipiroiak-bere-tintan/	"irina"
http://pagotxa.eus/errezeta/txipiroiak-bere-tintan/	"tomate lata erdia"
http://pagotxa.eus/errezeta/txipiroiak-bere-tintan/	"salda edo ura"
http://pagotxa.eus/errezeta/txanpinoiak-tomatearekin/	"Txanpiñoiak"
http://pagotxa.eus/errezeta/txanpinoiak-tomatearekin/	"olioa"
http://pagotxa.eus/errezeta/txanpinoiak-tomatearekin/	"baratxuria"
http://pagotxa.eus/errezeta/txanpinoiak-tomatearekin/	"tipula"
http://pagotxa.eus/errezeta/txanpinoiak-tomatearekin/	"irina"
http://pagotxa.eus/errezeta/txanpinoiak-tomatearekin/	"tomatea"
http://pagotxa.eus/errezeta/txanpinoiak-tomatearekin/	"pikantea"
http://pagotxa.eus/errezeta/amonaren-pistoa-2-eratan/	"tomatea"
http://pagotxa.eus/errezeta/amonaren-pistoa-2-eratan/	"kuiatxo bat"
http://pagotxa.eus/errezeta/amonaren-pistoa-2-eratan/	"6 piper"
http://pagotxa.eus/errezeta/amonaren-pistoa-2-eratan/	"urdaiazpikoa"
http://pagotxa.eus/errezeta/amonaren-pistoa-2-eratan/	"2 arrautza"
http://pagotxa.eus/errezeta/amonaren-pistoa-2-eratan/	"olioa"
http://pagotxa.eus/errezeta/bakailaoarekin-betetako-arrautzak/	"10 arrautza"
http://pagotxa.eus/errezeta/bakailaoarekin-betetako-arrautzak/	"200gr bakailao"
http://pagotxa.eus/errezeta/bakailaoarekin-betetako-arrautzak/	"tomatea"
http://pagotxa.eus/errezeta/bakailaoarekin-betetako-arrautzak/	"irina"
http://pagotxa.eus/errezeta/bakailaoarekin-betetako-arrautzak/	"olioa"
http://pagotxa.eus/errezeta/ketchup-etxean-egina/	"Tomate"
http://pagotxa.eus/errezeta/ketchup-etxean-egina/	" heldu-helduak, 2 kg"
http://pagotxa.eus/errezeta/ketchup-etxean-egina/	"3 tipula eder, txiki-txiki eginda"
http://pagotxa.eus/errezeta/ketchup-etxean-egina/	"2 baratxuri ale"
http://pagotxa.eus/errezeta/ketchup-etxean-egina/	"Oliba olioa"
http://pagotxa.eus/errezeta/ketchup-etxean-egina/	"3 koilarakada azukre"
http://pagotxa.eus/errezeta/ketchup-etxean-egina/	"Sagardo-ozpina, 5 koilarakada"
http://pagotxa.eus/errezeta/ketchup-etxean-egina/	"Koilarakada handi bat ezti"
http://pagotxa.eus/errezeta/ketchup-etxean-egina/	"2 kumino pikor"
http://pagotxa.eus/errezeta/ketchup-etxean-egina/	"2 piperbeltz pikor"
http://pagotxa.eus/errezeta/ketchup-etxean-egina/	"Iltze usaintsu bat"
http://pagotxa.eus/errezeta/ketchup-etxean-egina/	"100 g gurin"
http://pagotxa.eus/errezeta/ketchup-etxean-egina/	"Gatza"
http://pagotxa.eus/errezeta/bizkotxo-zaharrarekin-pastel-bat-nola-egin/	"Bizkotxo lehorra edo brioche ogi"
http://pagotxa.eus/errezeta/bizkotxo-zaharrarekin-pastel-bat-nola-egin/	" zaharra, zati eder bat"
http://pagotxa.eus/errezeta/bizkotxo-zaharrarekin-pastel-bat-nola-egin/	"5 arrautza"
http://pagotxa.eus/errezeta/bizkotxo-zaharrarekin-pastel-bat-nola-egin/	"Katilukada bat esnegain urtu"
http://pagotxa.eus/errezeta/bizkotxo-zaharrarekin-pastel-bat-nola-egin/	"Zorrotada on bat Armagnac"
http://pagotxa.eus/errezeta/bizkotxo-zaharrarekin-pastel-bat-nola-egin/	"Bainila urtua edo karamelu urtua, pixar bat"
http://pagotxa.eus/errezeta/amonaren-krepak/	"arrautzak"
http://pagotxa.eus/errezeta/amonaren-krepak/	"esnea"
http://pagotxa.eus/errezeta/amonaren-krepak/	"gatza"
http://pagotxa.eus/errezeta/amonaren-krepak/	"irina"
http://pagotxa.eus/errezeta/amonaren-azalore-budina/	"azalore bat"
http://pagotxa.eus/errezeta/amonaren-azalore-budina/	"tipula erdi bat"
http://pagotxa.eus/errezeta/amonaren-azalore-budina/	"gatza"
http://pagotxa.eus/errezeta/amonaren-azalore-budina/	"olioa"
http://pagotxa.eus/errezeta/amonaren-azalore-budina/	"urdaiazpikoa"
http://pagotxa.eus/errezeta/amonaren-azalore-budina/	"gurina"
http://pagotxa.eus/errezeta/amonaren-azalore-budina/	"arrautza egosiak"
http://pagotxa.eus/errezeta/amonaren-azalore-budina/	"bexamela"
http://pagotxa.eus/errezeta/amonaren-arrain-budina/	"Legatz"
http://pagotxa.eus/errezeta/amonaren-arrain-budina/	" kilo erdia"
http://pagotxa.eus/errezeta/amonaren-arrain-budina/	"tipula"
http://pagotxa.eus/errezeta/amonaren-arrain-budina/	"tomatea"
http://pagotxa.eus/errezeta/amonaren-arrain-budina/	"koñak zurrustatxo bat"
http://pagotxa.eus/errezeta/amonaren-arrain-budina/	"piperrauts zuri apur bat"
http://pagotxa.eus/errezeta/amonaren-arrain-budina/	"gatza"
http://pagotxa.eus/errezeta/amonaren-arrain-budina/	"3 arrautza"
http://pagotxa.eus/errezeta/amonaren-arrain-budina/	"gurina"
http://pagotxa.eus/errezeta/amonaren-arrain-budina/	"ogi arraila edo ogi birrindua"
http://pagotxa.eus/errezeta/txakolin-sangria-kaia-eran/	"txakolina"
http://pagotxa.eus/errezeta/txakolin-sangria-kaia-eran/	"Laranja bat eta limoi bat, puska handi samarretan zatituak"
http://pagotxa.eus/errezeta/txakolin-sangria-kaia-eran/	"Marrubiak edo beste atsegin duzn frutarik"
http://pagotxa.eus/errezeta/txakolin-sangria-kaia-eran/	"Limoi Schweppes baten erdia"
http://pagotxa.eus/errezeta/txakolin-sangria-kaia-eran/	"Laranja Schweppes baten erdia"
http://pagotxa.eus/errezeta/txakolin-sangria-kaia-eran/	"Whiski pixka bat"
http://pagotxa.eus/errezeta/txakolin-sangria-kaia-eran/	"Cointreau pixka bat"
http://pagotxa.eus/errezeta/txakolin-sangria-kaia-eran/	"Azukre pixka bat"
http://pagotxa.eus/errezeta/txakolin-sangria-kaia-eran/	"Izotzak"
http://pagotxa.eus/errezeta/amonaren-arrautza-mainontziak/	"bexamela"
http://pagotxa.eus/errezeta/amonaren-arrautza-mainontziak/	"gurina 50 gr"
http://pagotxa.eus/errezeta/amonaren-arrautza-mainontziak/	"esnea"
http://pagotxa.eus/errezeta/amonaren-arrautza-mainontziak/	"irina"
http://pagotxa.eus/errezeta/amonaren-arrautza-mainontziak/	"perrexil apur bat"
http://pagotxa.eus/errezeta/amonaren-arrautza-galdarraztatuak/	"arrautzak"
http://pagotxa.eus/errezeta/amonaren-arrautza-galdarraztatuak/	"ura"
http://pagotxa.eus/errezeta/amonaren-arrautza-galdarraztatuak/	"ozpina"
http://pagotxa.eus/errezeta/amonaren-arrautza-galdarraztatuak/	"gatza"
http://pagotxa.eus/errezeta/amonaren-arrautza-galdarraztatuak/	"bexamela"
http://pagotxa.eus/errezeta/amonaren-arrautzak-aurora-erara/	"arrautzak"
http://pagotxa.eus/errezeta/amonaren-arrautzak-aurora-erara/	"olibak"
http://pagotxa.eus/errezeta/amonaren-arrautzak-aurora-erara/	"atuna"
http://pagotxa.eus/errezeta/patata-erreak-gurin-eta-baratxuriekin/	"10 patata"
http://pagotxa.eus/errezeta/patata-erreak-gurin-eta-baratxuriekin/	" handi"
http://pagotxa.eus/errezeta/patata-erreak-gurin-eta-baratxuriekin/	"Xorta bat oliba olio"
http://pagotxa.eus/errezeta/patata-erreak-gurin-eta-baratxuriekin/	"2 baratxuri-buru, zuritu gabe"
http://pagotxa.eus/errezeta/patata-erreak-gurin-eta-baratxuriekin/	"Ezkaia adaxka bat"
http://pagotxa.eus/errezeta/patata-erreak-gurin-eta-baratxuriekin/	"150 g gurin"
http://pagotxa.eus/errezeta/patata-erreak-gurin-eta-baratxuriekin/	"Gatza"
http://pagotxa.eus/errezeta/ostrak-nola-jan/	"Ostrak"
http://pagotxa.eus/errezeta/ostrak-nola-jan/	"Limoi"
http://pagotxa.eus/errezeta/ostrak-nola-jan/	" zukua"
http://pagotxa.eus/errezeta/ostrak-nola-jan/	"Piperbeltza, eho berria"
http://pagotxa.eus/errezeta/ostrak-nola-jan/	"Gurina"
http://pagotxa.eus/errezeta/ostrak-nola-jan/	"Ogi beltza"
http://pagotxa.eus/errezeta/onddoz-beteriko-kiribil-kurruskatsua-kuia-kremarekin/	"Kremarentzako 300 g kuia"
http://pagotxa.eus/errezeta/onddoz-beteriko-kiribil-kurruskatsua-kuia-kremarekin/	"Oliba olioa"
http://pagotxa.eus/errezeta/onddoz-beteriko-kiribil-kurruskatsua-kuia-kremarekin/	"2 baratxuri ale"
http://pagotxa.eus/errezeta/onddoz-beteriko-kiribil-kurruskatsua-kuia-kremarekin/	"Tipulina"
http://pagotxa.eus/errezeta/onddoz-beteriko-kiribil-kurruskatsua-kuia-kremarekin/	"Esne gain basokada bat"
http://pagotxa.eus/errezeta/onddoz-beteriko-kiribil-kurruskatsua-kuia-kremarekin/	"Gatza"
http://pagotxa.eus/errezeta/onddoz-beteriko-kiribil-kurruskatsua-kuia-kremarekin/	"Kiribilentzat:"
http://pagotxa.eus/errezeta/onddoz-beteriko-kiribil-kurruskatsua-kuia-kremarekin/	"200 g onddo"
http://pagotxa.eus/errezeta/onddoz-beteriko-kiribil-kurruskatsua-kuia-kremarekin/	"Oliba olioa"
http://pagotxa.eus/errezeta/onddoz-beteriko-kiribil-kurruskatsua-kuia-kremarekin/	"Gurin koilarakada bat"
http://pagotxa.eus/errezeta/onddoz-beteriko-kiribil-kurruskatsua-kuia-kremarekin/	"Tipulina"
http://pagotxa.eus/errezeta/onddoz-beteriko-kiribil-kurruskatsua-kuia-kremarekin/	"3 koilarakada irin"
http://pagotxa.eus/errezeta/onddoz-beteriko-kiribil-kurruskatsua-kuia-kremarekin/	"Litro erdi esne"
http://pagotxa.eus/errezeta/onddoz-beteriko-kiribil-kurruskatsua-kuia-kremarekin/	"Gatza"
http://pagotxa.eus/errezeta/onddoz-beteriko-kiribil-kurruskatsua-kuia-kremarekin/	"Piper hauts beltza"
http://pagotxa.eus/errezeta/onddoz-beteriko-kiribil-kurruskatsua-kuia-kremarekin/	"8 brik orri"
http://pagotxa.eus/errezeta/onddoz-beteriko-kiribil-kurruskatsua-kuia-kremarekin/	"rrezeta:"
http://pagotxa.eus/errezeta/onddoz-beteriko-kiribil-kurruskatsua-kuia-kremarekin/	"Krema prestatzeko, lapiko batean oliba olio zorrotada bat bota; eta berotutakoan, tipula eta baratxuri aleak puska handietan gehitu. 10 minutuz erregosi ondoren, kuia ere azala kenduta eta puska handietan moztuta bota bertara. Urez estali, baina juxtuan, pasatu gabe eta ondoren esne gain basokada ere gehitu. Guztia su bizian irakin ondoren, irabiagailutik pasa, gatz pitin bat bota eta gorde."
http://pagotxa.eus/errezeta/onddoz-beteriko-kiribil-kurruskatsua-kuia-kremarekin/	"Kiribilak prestatzeko, lehenik onddoak garbitu eta pusketa txikietan moztu. Bitartean, lapiko zabal batean oliba olio zorrotada jarri, eta tipulina pusketa txikietan moztuta bertan jarri; 10 minutuz erregosi. Jarraian, onddoak gehitu, eta beste 10 minutuz erregosi. Gatz pitin bat eta piper hauts beltza ere gehitu. Ondoren, gurin koilarakada gehitu, eta hiru koilarakada irin ere bai."
http://pagotxa.eus/errezeta/onddoz-beteriko-kiribil-kurruskatsua-kuia-kremarekin/	"Dena ongi nahastu, eta litro erdi esnea pixkanaka gehituz joango gara. Nahastu eta saltsa krematsu bat lortuko dugu. 10 minutuz irakin ondoren, prest izango dugu krema. Hozten utzi beharra dago, ordea, brik kiribilak errazago betetzeko. Brik orriak hartu eta, taloak balira bezala, erdian onddo krema koilarakada pare bat jarri, eta buelta pare bat emanez kiribil itxuran bildu. Horrela zortzi kiribilak bete arte."
http://pagotxa.eus/errezeta/onddoz-beteriko-kiribil-kurruskatsua-kuia-kremarekin/	"Labea berotzen jarri, eta 180 ºC-tan bost minutuz mantendu, berotu eta gorritu daitezen. Jarraian mahaira ateratzeko prest daude; horretarako, kuia krema pixka batez busti ditzakegu."
http://pagotxa.eus/errezeta/onddoz-beteriko-kiribil-kurruskatsua-kuia-kremarekin/	"Kasu!"
http://pagotxa.eus/errezeta/onddoz-beteriko-kiribil-kurruskatsua-kuia-kremarekin/	"Iker Markinez"
http://pagotxa.eus/errezeta/onddoz-beteriko-kiribil-kurruskatsua-kuia-kremarekin/	"KUKO Jatetxeko"
http://pagotxa.eus/errezeta/onddoak-papillote-erara/	"800 g onddo"
http://pagotxa.eus/errezeta/onddoak-papillote-erara/	"2 baratxuri ale"
http://pagotxa.eus/errezeta/onddoak-papillote-erara/	"Oliba olio birjina"
http://pagotxa.eus/errezeta/onddoak-papillote-erara/	"Gatza"
http://pagotxa.eus/errezeta/onddoak-papillote-erara/	"Perrexila"
http://pagotxa.eus/errezeta/onddoak-papillote-erara/	"rrezeta"
http://pagotxa.eus/errezeta/onddoak-papillote-erara/	"Onddoak era ezberdin askotara presta daitezke. "
http://pagotxa.eus/errezeta/intxaur-saltsa/	"250 g intxaur"
http://pagotxa.eus/errezeta/intxaur-saltsa/	", zurituak"
http://pagotxa.eus/errezeta/intxaur-saltsa/	"Litro erdia esne"
http://pagotxa.eus/errezeta/intxaur-saltsa/	"Litro erdia esnegain urtu"
http://pagotxa.eus/errezeta/intxaur-saltsa/	"250 g azukre"
http://pagotxa.eus/errezeta/intxaur-saltsa/	"Kanela, adaxka bat"
http://pagotxa.eus/errezeta/intxaur-saltsa/	"Intxaur saltsa"
http://pagotxa.eus/errezeta/esne-gozoa/	"Lata handi bat "
http://pagotxa.eus/errezeta/esne-gozoa/	"esne"
http://pagotxa.eus/errezeta/esne-gozoa/	" kondentsatu"
http://pagotxa.eus/errezeta/esne-gozoa/	"Esne-gozoa"
http://pagotxa.eus/errezeta/brokolia-limoi-emultsioa-eta-izokinarekin/	"Brokoli"
http://pagotxa.eus/errezeta/brokolia-limoi-emultsioa-eta-izokinarekin/	"buru bat"
http://pagotxa.eus/errezeta/brokolia-limoi-emultsioa-eta-izokinarekin/	"Limoi"
http://pagotxa.eus/errezeta/brokolia-limoi-emultsioa-eta-izokinarekin/	"bat"
http://pagotxa.eus/errezeta/brokolia-limoi-emultsioa-eta-izokinarekin/	"Ura"
http://pagotxa.eus/errezeta/brokolia-limoi-emultsioa-eta-izokinarekin/	"Oliba olioa"
http://pagotxa.eus/errezeta/brokolia-limoi-emultsioa-eta-izokinarekin/	"Soja"
http://pagotxa.eus/errezeta/brokolia-limoi-emultsioa-eta-izokinarekin/	"Izokina"
http://pagotxa.eus/errezeta/brokolia-limoi-emultsioa-eta-izokinarekin/	"Gazta"
http://pagotxa.eus/errezeta/brokolia-limoi-emultsioa-eta-izokinarekin/	"urdina"
http://pagotxa.eus/errezeta/brokolia-limoi-emultsioa-eta-izokinarekin/	"Brokoil, limoi emultsioa eta izokinarekin"
http://pagotxa.eus/errezeta/etxeko-ganba-gabardina-eran/	"Ganba"
http://pagotxa.eus/errezeta/etxeko-ganba-gabardina-eran/	"Irina"
http://pagotxa.eus/errezeta/etxeko-ganba-gabardina-eran/	"Garagardoa"
http://pagotxa.eus/errezeta/etxeko-ganba-gabardina-eran/	"Legamia"
http://pagotxa.eus/errezeta/etxeko-ganba-gabardina-eran/	"Gatza"
http://pagotxa.eus/errezeta/etxeko-ganba-gabardina-eran/	"Etxeko maionesa"
http://pagotxa.eus/errezeta/etxeko-ganba-gabardina-eran/	"Piper hauts gozoa"
http://pagotxa.eus/errezeta/marmelada-kruxpetak/	"Haize"
http://pagotxa.eus/errezeta/marmelada-kruxpetak/	"kruxpetak, frijituak eta epelduak"
http://pagotxa.eus/errezeta/marmelada-kruxpetak/	"Gogoko"
http://pagotxa.eus/errezeta/marmelada-kruxpetak/	"marmelada"
http://pagotxa.eus/errezeta/marmelada-kruxpetak/	"ren bat, lodia"
http://pagotxa.eus/errezeta/marmelada-kruxpetak/	"Azukre-hautsa"
http://pagotxa.eus/errezeta/marmelada-kruxpetak/	"Marmelada kruxpeta"
http://pagotxa.eus/errezeta/ahate-magret-errea-sagarrekin/	"4 "
http://pagotxa.eus/errezeta/ahate-magret-errea-sagarrekin/	"ahate"
http://pagotxa.eus/errezeta/ahate-magret-errea-sagarrekin/	"magret edo papar, freskoak"
http://pagotxa.eus/errezeta/ahate-magret-errea-sagarrekin/	"4 baratxuri ale"
http://pagotxa.eus/errezeta/ahate-magret-errea-sagarrekin/	"4 "
http://pagotxa.eus/errezeta/ahate-magret-errea-sagarrekin/	"sagar"
http://pagotxa.eus/errezeta/ahate-magret-errea-sagarrekin/	"zuritu, atal loditan moztuak, zuztarrik gabe"
http://pagotxa.eus/errezeta/ahate-magret-errea-sagarrekin/	"Xorta bat "
http://pagotxa.eus/errezeta/ahate-magret-errea-sagarrekin/	"limoi"
http://pagotxa.eus/errezeta/ahate-magret-errea-sagarrekin/	"zuku"
http://pagotxa.eus/errezeta/ahate-magret-errea-sagarrekin/	"Kanela, ezpal bat"
http://pagotxa.eus/errezeta/ahate-magret-errea-sagarrekin/	"Mutur eder bat gurin"
http://pagotxa.eus/errezeta/ahate-magret-errea-sagarrekin/	"Zimiko bat azukre"
http://pagotxa.eus/errezeta/ahate-magret-errea-sagarrekin/	"Gatza"
http://pagotxa.eus/errezeta/ahate-magret-errea-sagarrekin/	"Ahate magret errea sagarrekin"
http://pagotxa.eus/errezeta/frutazko-gelatina-jon-eran/	"Gelatina-sobrea (Nahi duzun zaporekoa)"
http://pagotxa.eus/errezeta/frutazko-gelatina-jon-eran/	"Gelatinaren zapore berdineko fruta"
http://pagotxa.eus/errezeta/sagar-tarta/	"2 Arrautza"
http://pagotxa.eus/errezeta/sagar-tarta/	"100 gr Azukre beltz"
http://pagotxa.eus/errezeta/sagar-tarta/	"8gr legami hauts"
http://pagotxa.eus/errezeta/sagar-tarta/	"180 gr irin"
http://pagotxa.eus/errezeta/sagar-tarta/	"4 Sagar, ahal dela chanteclair motakoak"
http://pagotxa.eus/errezeta/sagar-tarta/	"175 gr Esne +"
http://pagotxa.eus/errezeta/sagar-tarta/	"Gurina eta irina molderako"
http://pagotxa.eus/errezeta/sagar-tarta/	"Gatz apur bat"
http://pagotxa.eus/errezeta/sagar-tarta/	"Abrikota edo albarikoke marmelada"
http://pagotxa.eus/errezeta/batidoa/	"Ilar"
http://pagotxa.eus/errezeta/batidoa/	" izoztuak 70 g"
http://pagotxa.eus/errezeta/batidoa/	"Tipula 5 g"
http://pagotxa.eus/errezeta/batidoa/	"Baratxuria 5 g"
http://pagotxa.eus/errezeta/batidoa/	"Ura 70 g"
http://pagotxa.eus/errezeta/batidoa/	"Oliba olioa 10 g"
http://pagotxa.eus/errezeta/batidoa/	"Piper hauts beltz pitin bat"
http://pagotxa.eus/errezeta/batidoa/	"Gatza"
http://pagotxa.eus/errezeta/tipula-eta-hirugihar-tarta/	"Tarta molde bat, labean berotutako masa hautsiaz edo hostore masaz estalia"
http://pagotxa.eus/errezeta/tipula-eta-hirugihar-tarta/	"5 "
http://pagotxa.eus/errezeta/tipula-eta-hirugihar-tarta/	"tipula"
http://pagotxa.eus/errezeta/tipula-eta-hirugihar-tarta/	" ertain, xerratan moztuak"
http://pagotxa.eus/errezeta/tipula-eta-hirugihar-tarta/	"3 koilarakada oliba olio"
http://pagotxa.eus/errezeta/tipula-eta-hirugihar-tarta/	"Baratxuri ale bat, txikitua"
http://pagotxa.eus/errezeta/tipula-eta-hirugihar-tarta/	"Hirugihar"
http://pagotxa.eus/errezeta/tipula-eta-hirugihar-tarta/	" ketua, dadotan moztua, eskutada bat"
http://pagotxa.eus/errezeta/tipula-eta-hirugihar-tarta/	"Baso txiki bat esnegain likido"
http://pagotxa.eus/errezeta/tipula-eta-hirugihar-tarta/	"Gazta"
http://pagotxa.eus/errezeta/tipula-eta-hirugihar-tarta/	" arraspatua, eskutada bat"
http://pagotxa.eus/errezeta/tipula-eta-hirugihar-tarta/	"Gatza"
http://pagotxa.eus/errezeta/tipula-eta-hirugihar-tarta/	"Tipula eta hirugihar tarta"
http://pagotxa.eus/errezeta/natilak/	"Litro bat esne"
http://pagotxa.eus/errezeta/natilak/	"8 arrautza"
http://pagotxa.eus/errezeta/natilak/	" gorringo"
http://pagotxa.eus/errezeta/natilak/	"Irin koilarakada lau bat"
http://pagotxa.eus/errezeta/natilak/	"5 koilarakada azukre"
http://pagotxa.eus/errezeta/natilak/	"Kanela hautsa (aukeran)"
http://pagotxa.eus/errezeta/luisa-gazta-tarta/	"100 g gurin guri, pomadan"
http://pagotxa.eus/errezeta/luisa-gazta-tarta/	"450 g azukre-hauts"
http://pagotxa.eus/errezeta/luisa-gazta-tarta/	"100 g pastel-irin ahul"
http://pagotxa.eus/errezeta/luisa-gazta-tarta/	"Ximiko bat legamia-hauts"
http://pagotxa.eus/errezeta/luisa-gazta-tarta/	"Kg bat gazta zuri, joa eta giroko tenperaturan (fromage blanc battu)"
http://pagotxa.eus/errezeta/luisa-gazta-tarta/	"3 koilarakada bete irin"
http://pagotxa.eus/errezeta/luisa-gazta-tarta/	"7 arrautza"
http://pagotxa.eus/errezeta/luisa-gazta-tarta/	" eta 2 gorringo"
http://pagotxa.eus/errezeta/luisa-gazta-tarta/	"6 koilarakada bete krema lodi (esnegain bikoitza)"
http://pagotxa.eus/errezeta/luisa-gazta-tarta/	"Ximiko bat bainila-hauts"
http://pagotxa.eus/errezeta/luisa-gazta-tarta/	"2 limoi azal birrindu"
http://pagotxa.eus/errezeta/luisa-gazta-tarta/	"Aran lehorrak, Malagako mahaspasak, eta abar"
http://pagotxa.eus/errezeta/luisa-gazta-tarta/	"20 zm-ko diametroa duen molde altu bat"
http://pagotxa.eus/errezeta/luisa-gazta-tarta/	"Luisa gazta tarta"
http://pagotxa.eus/errezeta/erroskilak/	"400gr irin"
http://pagotxa.eus/errezeta/erroskilak/	"arrautza"
http://pagotxa.eus/errezeta/erroskilak/	" bat"
http://pagotxa.eus/errezeta/erroskilak/	"legamia goilakaradatxo 1"
http://pagotxa.eus/errezeta/erroskilak/	"anis likorea 2 goilarakadatxo"
http://pagotxa.eus/errezeta/erroskilak/	"150 gr azukre"
http://pagotxa.eus/errezeta/erroskilak/	"3 goilarakadatxo glass-azukre"
http://pagotxa.eus/errezeta/erroskilak/	"4 goilarakada "
http://pagotxa.eus/errezeta/erroskilak/	"esne"
http://pagotxa.eus/errezeta/erroskilak/	"4 goilarakada olio"
http://pagotxa.eus/errezeta/erroskilak/	"frijitzeko beste olio"
http://pagotxa.eus/errezeta/baratxuri-zopa-bakailaoarekin-zurrukutuna/	"200 "
http://pagotxa.eus/errezeta/baratxuri-zopa-bakailaoarekin-zurrukutuna/	"bakailao"
http://pagotxa.eus/errezeta/baratxuri-zopa-bakailaoarekin-zurrukutuna/	" gazi, papurtua"
http://pagotxa.eus/errezeta/baratxuri-zopa-bakailaoarekin-zurrukutuna/	"Zopako ogia, zati handi bat"
http://pagotxa.eus/errezeta/baratxuri-zopa-bakailaoarekin-zurrukutuna/	"15 koilarakada oliba olio"
http://pagotxa.eus/errezeta/baratxuri-zopa-bakailaoarekin-zurrukutuna/	"Baratxuri-buru bateko aleak, banaturik"
http://pagotxa.eus/errezeta/baratxuri-zopa-bakailaoarekin-zurrukutuna/	"Bi koilarakada piper-mami, kontserbakoa"
http://pagotxa.eus/errezeta/baratxuri-zopa-bakailaoarekin-zurrukutuna/	"Tomate"
http://pagotxa.eus/errezeta/baratxuri-zopa-bakailaoarekin-zurrukutuna/	" saltsa, 4 koilarakada handi"
http://pagotxa.eus/errezeta/baratxuri-zopa-bakailaoarekin-zurrukutuna/	"Ur beroa, litro erdia"
http://pagotxa.eus/errezeta/baratxuri-zopa-bakailaoarekin-zurrukutuna/	"Pipermin lehorra, zati bat"
http://pagotxa.eus/errezeta/baratxuri-zopa-bakailaoarekin-zurrukutuna/	"4 arrautza"
http://pagotxa.eus/errezeta/baratxuri-zopa-bakailaoarekin-zurrukutuna/	"Baratxuri zopa bakailaoarekin (zurrukutuna)"
